id,task,candidateSplit,sourceLabel,image,suggestedSourceGroup,crossesCandidateSplits,status
maturity:100,maturity,train,Immature Dragon Fruit,dataset/public/prepared/maturity/07275a37c14c4870a2c2a77e9f708d231208f398c9c15635d4e8951cd2ccd2db.jpg,candidate-source-0001,False,unverified-source-group-suggestion
maturity:951,maturity,train,Immature Dragon Fruit,dataset/public/prepared/maturity/11372629f7ec75f39450f6c1752b7207d5fddfe27ee78d95a0f5126dcad38549.jpg,candidate-source-0001,False,unverified-source-group-suggestion
maturity:1187,maturity,train,Immature Dragon Fruit,dataset/public/prepared/maturity/0479cbf94024959608ded5dc3480360a177c6fd6b4b3e33b5137f245d65802d3.jpg,candidate-source-0002,False,unverified-source-group-suggestion
maturity:1215,maturity,train,Immature Dragon Fruit,dataset/public/prepared/maturity/a47a12805b3ab17b60e84ea57f356ee72140330abd6488cf4967a72246098ef7.jpg,candidate-source-0002,False,unverified-source-group-suggestion
maturity:133,maturity,train,Immature Dragon Fruit,dataset/public/prepared/maturity/951bb895e8e4c6b25e7c4a837d3b6eadab464a1d2811777e08918b66060df563.jpg,candidate-source-0003,True,unverified-source-group-suggestion
maturity:1221,maturity,val,Immature Dragon Fruit,dataset/public/prepared/maturity/ee1ff13c2c7f653c4135dbdfcacbd4a4a951316f395c3d43d11e97e169a7ea61.jpg,candidate-source-0003,True,unverified-source-group-suggestion
maturity:143,maturity,test,Immature Dragon Fruit,dataset/public/prepared/maturity/b831f783648459af55b566c44459a8afd2a618a739290cc7c6a908d21ea553b3.jpg,candidate-source-0004,True,unverified-source-group-suggestion
maturity:871,maturity,train,Immature Dragon Fruit,dataset/public/prepared/maturity/7a9f148d88fe468c753a10997b2623c024ddddfd74bce0b48dfd68570baca978.jpg,candidate-source-0004,True,unverified-source-group-suggestion
maturity:206,maturity,train,Immature Dragon Fruit,dataset/public/prepared/maturity/acfdc99386515cf2eb46d92a328d4585e522c936ae0e171b6d9f994cafefac26.jpg,candidate-source-0005,False,unverified-source-group-suggestion
maturity:568,maturity,train,Immature Dragon Fruit,dataset/public/prepared/maturity/c81b90494b24dab8a0fbaf1f4d65619755e16087ed9f7e682f2bee3e6b24945b.jpg,candidate-source-0005,False,unverified-source-group-suggestion
maturity:282,maturity,train,Immature Dragon Fruit,dataset/public/prepared/maturity/3b5af784e542d1bbd9df8ae54975ad60f5f2762fa6e95e4926d12f3278a51660.jpg,candidate-source-0006,True,unverified-source-group-suggestion
maturity:905,maturity,test,Immature Dragon Fruit,dataset/public/prepared/maturity/237efc206d4aff71ca1be414cdd39f19c5e1a65d6c5d8ebcf7bfedbaf25daee8.jpg,candidate-source-0006,True,unverified-source-group-suggestion
maturity:286,maturity,train,Immature Dragon Fruit,dataset/public/prepared/maturity/45d9411775181ec545e6521d0ea0386f7dfdab78f1afff89bcff9afd55dc2756.jpg,candidate-source-0007,False,unverified-source-group-suggestion
maturity:574,maturity,train,Immature Dragon Fruit,dataset/public/prepared/maturity/9db5ede2fd25fc552cfcef4a5fc68e759008706cb593a9403b7e7432452d3672.jpg,candidate-source-0007,False,unverified-source-group-suggestion
maturity:315,maturity,train,Immature Dragon Fruit,dataset/public/prepared/maturity/19e9ed9d804bbb1f03b6ea8235544fc06c0695525accc1c649fbf190bf0b562b.jpg,candidate-source-0008,False,unverified-source-group-suggestion
maturity:874,maturity,train,Immature Dragon Fruit,dataset/public/prepared/maturity/394be1c6896eacf9c96657f9e50e24d33f065d16f27270fb3211309e610996c9.jpg,candidate-source-0008,False,unverified-source-group-suggestion
maturity:334,maturity,train,Immature Dragon Fruit,dataset/public/prepared/maturity/3fdf8505aee4f002662e0cdb439125c9fc1b1db78f46ad01343844fb83bf5129.jpg,candidate-source-0009,True,unverified-source-group-suggestion
maturity:1152,maturity,test,Immature Dragon Fruit,dataset/public/prepared/maturity/1ddf47cb1f3845646d9ca3a721f0d53a49ea881b79d9e169ccc3204ab7a66119.jpg,candidate-source-0009,True,unverified-source-group-suggestion
maturity:336,maturity,train,Immature Dragon Fruit,dataset/public/prepared/maturity/a2799dc565cad9b1b52e6c1d8a907b9e47b92d90564205dde8af66eba4e4a41c.jpg,candidate-source-0010,False,unverified-source-group-suggestion
maturity:391,maturity,train,Immature Dragon Fruit,dataset/public/prepared/maturity/5787fab97fbdf9b968184b4f105827320b611949f29cac6a9fb9881b3a131a5a.jpg,candidate-source-0010,False,unverified-source-group-suggestion
maturity:338,maturity,test,Immature Dragon Fruit,dataset/public/prepared/maturity/0d5e06afd2152d3dbb19d0e32246ccb20fb6a6bb8c3b498aed44272738e52b8e.jpg,candidate-source-0011,True,unverified-source-group-suggestion
maturity:1081,maturity,train,Immature Dragon Fruit,dataset/public/prepared/maturity/c946029006e687e0dd036fba208647dbe41a32fcb456b80f375490ec49afb87c.jpg,candidate-source-0011,True,unverified-source-group-suggestion
maturity:364,maturity,test,Immature Dragon Fruit,dataset/public/prepared/maturity/c319174faff7e5994a2dd54051a1cfcf8c64e3b34483e49d67969d11eab7b577.jpg,candidate-source-0012,True,unverified-source-group-suggestion
maturity:683,maturity,train,Immature Dragon Fruit,dataset/public/prepared/maturity/ad5b6b266be9d460441fe006738a5975e1f7caa3d69bb9e7a1b49b592a0fa0cc.jpg,candidate-source-0012,True,unverified-source-group-suggestion
maturity:415,maturity,train,Immature Dragon Fruit,dataset/public/prepared/maturity/35977ea1f462ba8a815bf98ae4064da709a5c72a2413d56fd1905cf7f68d7e70.jpg,candidate-source-0013,True,unverified-source-group-suggestion
maturity:793,maturity,test,Immature Dragon Fruit,dataset/public/prepared/maturity/c3de50ed65bf8f4b5d59c37bec2da411180f3e616ee83dae675683345b7ce544.jpg,candidate-source-0013,True,unverified-source-group-suggestion
maturity:435,maturity,train,Immature Dragon Fruit,dataset/public/prepared/maturity/e4329f7a340ebbe46c8a8cc9404a903c70bff5279638d5681d141785d2cbc6fb.jpg,candidate-source-0014,False,unverified-source-group-suggestion
maturity:842,maturity,train,Immature Dragon Fruit,dataset/public/prepared/maturity/8f09d516db7ba5b808512aa09cfe3b5736e68722140191a40ce4ed2a2c30be22.jpg,candidate-source-0014,False,unverified-source-group-suggestion
maturity:438,maturity,train,Immature Dragon Fruit,dataset/public/prepared/maturity/5178beffc5891efad4bdd05f095211e7908ab5999fdfc41e84c6430b69d4d670.jpg,candidate-source-0015,False,unverified-source-group-suggestion
maturity:766,maturity,train,Immature Dragon Fruit,dataset/public/prepared/maturity/60a796fb46bbe0ca4079d50380770a40f476ff229be10af9879eef56c3d863c2.jpg,candidate-source-0015,False,unverified-source-group-suggestion
maturity:496,maturity,train,Immature Dragon Fruit,dataset/public/prepared/maturity/a0a49c95a3c22f7d9bb1dc3afb5d7fadd00d543519ebec1d3b33e249910f3170.jpg,candidate-source-0016,False,unverified-source-group-suggestion
maturity:935,maturity,train,Immature Dragon Fruit,dataset/public/prepared/maturity/96cfca987343c7d6adc230d1a9132585b67a3f87573a7aaacbab0be31c895c58.jpg,candidate-source-0016,False,unverified-source-group-suggestion
maturity:5,maturity,train,Immature Dragon Fruit,dataset/public/prepared/maturity/9223196cb9b69015dd373c7cac6466c49d847ea13e94afba7783b5e20ff25a8e.jpg,candidate-source-0017,False,unverified-source-group-suggestion
maturity:650,maturity,train,Immature Dragon Fruit,dataset/public/prepared/maturity/74904596f8f9c5f733c630432825981186d22e4b5fb94460371df95e54b545da.jpg,candidate-source-0017,False,unverified-source-group-suggestion
maturity:528,maturity,val,Immature Dragon Fruit,dataset/public/prepared/maturity/909074f04f4797e7189bca1356767ffc1c8a30e61fc2a2908392e09fb1af0ab8.jpg,candidate-source-0018,True,unverified-source-group-suggestion
maturity:770,maturity,train,Immature Dragon Fruit,dataset/public/prepared/maturity/1dacf97397ed23a7f8674b6693dc9e6a574467dcf0e971fcbc38e38e90d97187.jpg,candidate-source-0018,True,unverified-source-group-suggestion
maturity:546,maturity,train,Immature Dragon Fruit,dataset/public/prepared/maturity/3692564835f3c1e6ea4e28aefe23de4bf66910895aa1588f80d56c03065ae61d.jpg,candidate-source-0019,False,unverified-source-group-suggestion
maturity:707,maturity,train,Immature Dragon Fruit,dataset/public/prepared/maturity/4106034f918da1ed58c2d8913e288a66b3a6422850a7dba2d1f29b85621061a8.jpg,candidate-source-0019,False,unverified-source-group-suggestion
maturity:755,maturity,train,Immature Dragon Fruit,dataset/public/prepared/maturity/94a5865a0ddb7b25b032aa4ea141c64a4254c1b3a8cff4da6910ab84d0e306ba.jpg,candidate-source-0020,False,unverified-source-group-suggestion
maturity:850,maturity,train,Immature Dragon Fruit,dataset/public/prepared/maturity/80665caef15ad77510af974db72fd5489430d93d20d03f8c447f4c73977b97af.jpg,candidate-source-0020,False,unverified-source-group-suggestion
maturity:77,maturity,train,Immature Dragon Fruit,dataset/public/prepared/maturity/673ebd8119cf42c8f22a656205591d23a3cd2612568adb7446ea360b64afa770.jpg,candidate-source-0021,False,unverified-source-group-suggestion
maturity:341,maturity,train,Immature Dragon Fruit,dataset/public/prepared/maturity/f2b9e62a52c3b373ba5341321e101bd81c18910ee5f3b21ce01dc7a52b20dd14.jpg,candidate-source-0021,False,unverified-source-group-suggestion
maturity:852,maturity,test,Immature Dragon Fruit,dataset/public/prepared/maturity/1d3a06917ec235d9090e1c4f82106efc90e0c7a06e778823853ed6fda9e3a5c4.jpg,candidate-source-0022,True,unverified-source-group-suggestion
maturity:923,maturity,train,Immature Dragon Fruit,dataset/public/prepared/maturity/71cd3ac1b6d36193e6559902b8c02420b70c3757f5bc3daa2b3933ea3ef30e31.jpg,candidate-source-0022,True,unverified-source-group-suggestion
quality:0,quality,test,Fresh Dragon Fruit,dataset/public/prepared/quality/b34aaaf0b0299f1523c1f403e683dc7e5dc65a80b66a72d6091b0ecbcf244cb7.jpg,candidate-source-0023,True,unverified-source-group-suggestion
maturity:1326,maturity,train,Mature Dragon Fruit,dataset/public/prepared/maturity/fbeffd87a1922b5bc6ad80befd08b9c81a58926e76dd6538fe306a59a6bedf08.jpg,candidate-source-0023,True,unverified-source-group-suggestion
quality:1,quality,val,Fresh Dragon Fruit,dataset/public/prepared/quality/d8ad9782088c48a3929b503754fac91f02d70a808f59c0ab8b08178e85029c3e.jpg,candidate-source-0024,True,unverified-source-group-suggestion
maturity:1333,maturity,train,Mature Dragon Fruit,dataset/public/prepared/maturity/9d2744a184bf548a0ff2b9fe478d1f6061d7fb12cdd57b918391a34126ea126c.jpg,candidate-source-0024,True,unverified-source-group-suggestion
quality:10,quality,val,Fresh Dragon Fruit,dataset/public/prepared/quality/25f72921c008ec33025874756a4277faadac487aaeae2c1f5d70f879e7be452d.jpg,candidate-source-0025,True,unverified-source-group-suggestion
quality:773,quality,train,Fresh Dragon Fruit,dataset/public/prepared/quality/910684a0dcd90c649f63623a41ac0637f9fbf335f0821960e9405b895bb57ac9.jpg,candidate-source-0025,True,unverified-source-group-suggestion
maturity:1261,maturity,train,Mature Dragon Fruit,dataset/public/prepared/maturity/52ca1ed743f99c29db9586e6bc8631c41494aff9e1d95efd837487396949cdd2.jpg,candidate-source-0025,True,unverified-source-group-suggestion
maturity:2026,maturity,train,Mature Dragon Fruit,dataset/public/prepared/maturity/ca34bbd244e351f7cecfdfb5935cda31d470bdda7a7d76963b011149695c2a6a.jpg,candidate-source-0025,True,unverified-source-group-suggestion
quality:100,quality,train,Fresh Dragon Fruit,dataset/public/prepared/quality/7c1e48e221cf3384d6cd67486cfa8059c2cc3906acf15c9ad7e195d82868b6c1.jpg,candidate-source-0026,False,unverified-source-group-suggestion
maturity:1362,maturity,train,Mature Dragon Fruit,dataset/public/prepared/maturity/24e3b54a5763be588bcd4667fd94a111567d38b0b8b3f8e0bdeca4d3415bd66b.jpg,candidate-source-0026,False,unverified-source-group-suggestion
quality:1006,quality,train,Defect Dragon Fruit,dataset/public/prepared/quality/6ed9407110f11ca2a0dd2e8480172a4796a5c219ed3e14cf161c7e411f0f7c83.jpg,candidate-source-0027,True,unverified-source-group-suggestion
quality:1010,quality,val,Defect Dragon Fruit,dataset/public/prepared/quality/e16ed15b53f6d5cf601cd3cc528d5f1e3ba52226d55ae73c652ae89018b82e81.jpg,candidate-source-0027,True,unverified-source-group-suggestion
quality:101,quality,train,Fresh Dragon Fruit,dataset/public/prepared/quality/c3b2cd8b534074a065500b6f6bdb10569c96b1c64d44fae9651f2f5143fa8b92.jpg,candidate-source-0028,True,unverified-source-group-suggestion
quality:143,quality,train,Fresh Dragon Fruit,dataset/public/prepared/quality/eb4a8e988de9f74bd2f26bcbfea94674af9db601072642e4f8e9c28eff124e43.jpg,candidate-source-0028,True,unverified-source-group-suggestion
maturity:1299,maturity,train,Mature Dragon Fruit,dataset/public/prepared/maturity/a6e03df8f8f73bf414ea9e6e30522aea0e63fe5a426337290d2dff6d6eb34274.jpg,candidate-source-0028,True,unverified-source-group-suggestion
maturity:1347,maturity,test,Mature Dragon Fruit,dataset/public/prepared/maturity/3e5ae66ab9cae6c452dcaee8df1c84dfd73dcf09ae02fd7ca3331321b43da9af.jpg,candidate-source-0028,True,unverified-source-group-suggestion
quality:102,quality,train,Fresh Dragon Fruit,dataset/public/prepared/quality/4d62bd568a04cf7a82dae6b0c32731095c1afb71e4f2cb814de4472807fc2102.jpg,candidate-source-0029,False,unverified-source-group-suggestion
maturity:1348,maturity,train,Mature Dragon Fruit,dataset/public/prepared/maturity/4d2f02faad443c018d2034b252292c3bec359b7b508426f520979389842a3255.jpg,candidate-source-0029,False,unverified-source-group-suggestion
quality:103,quality,train,Fresh Dragon Fruit,dataset/public/prepared/quality/52b10e665933b42c8b372ceea79a4ee8d209ff7424b557dc71f8660ba385fc02.jpg,candidate-source-0030,True,unverified-source-group-suggestion
quality:605,quality,train,Fresh Dragon Fruit,dataset/public/prepared/quality/60764de946cd2e5269fb8cddc48a5cb579ef5a707728ea82e2c27e29a7cb0d5f.jpg,candidate-source-0030,True,unverified-source-group-suggestion
quality:683,quality,test,Fresh Dragon Fruit,dataset/public/prepared/quality/9864fd063ad7b4252382f2bfec30bb5a10c41b241bd1b442e9a30c5cb8dd1ce6.jpg,candidate-source-0030,True,unverified-source-group-suggestion
maturity:1349,maturity,train,Mature Dragon Fruit,dataset/public/prepared/maturity/c2a064d31a85620f5060cef7deca5a7de73513cd027ed6d0b29c7a8aebe038c6.jpg,candidate-source-0030,True,unverified-source-group-suggestion
maturity:1770,maturity,train,Mature Dragon Fruit,dataset/public/prepared/maturity/a4066bf2b19f395ecad44785aeff8216ea2462bbc22c69cd11f1b79001581cf4.jpg,candidate-source-0030,True,unverified-source-group-suggestion
maturity:1848,maturity,test,Mature Dragon Fruit,dataset/public/prepared/maturity/88c7e326bf8254050794d4d28a365e0404242008d8e2409d9049e35b0a902cb9.jpg,candidate-source-0030,True,unverified-source-group-suggestion
quality:1032,quality,train,Defect Dragon Fruit,dataset/public/prepared/quality/56d6bd1742eae3f8010fbcf0ea44f703b0b7b20ae26ef2779c0d6bf6fa9d7614.jpg,candidate-source-0031,False,unverified-source-group-suggestion
quality:1388,quality,train,Defect Dragon Fruit,dataset/public/prepared/quality/0615ab9448b3f0df40e0097ec0c4a12a568884124d094f6471309151464ecbd2.jpg,candidate-source-0031,False,unverified-source-group-suggestion
quality:1039,quality,train,Defect Dragon Fruit,dataset/public/prepared/quality/c3dfb6c778bee5b81f702b1aef9b8665ce6236dda6e67abe195a76e7ca0fb061.jpg,candidate-source-0032,False,unverified-source-group-suggestion
quality:1614,quality,train,Defect Dragon Fruit,dataset/public/prepared/quality/0513a9b8592e1ccc7961937198d661fdce1dfcb5b31296dffa66f06726833eeb.jpg,candidate-source-0032,False,unverified-source-group-suggestion
quality:104,quality,train,Fresh Dragon Fruit,dataset/public/prepared/quality/8dd3cafcf60032ee3ae1b48d2a4d541eabf272ebe4913ffb785df428d4a540ed.jpg,candidate-source-0033,True,unverified-source-group-suggestion
quality:588,quality,train,Fresh Dragon Fruit,dataset/public/prepared/quality/5d07ff86d5c2223a21120f6b994c020b390545c2cab5d4dadde6cf5d8cfb9445.jpg,candidate-source-0033,True,unverified-source-group-suggestion
maturity:1350,maturity,train,Mature Dragon Fruit,dataset/public/prepared/maturity/5776cf3cc5ed5fc3b0f78399d8d6c0ecd6e6e2552d695b482a6df19a5fdb34e6.jpg,candidate-source-0033,True,unverified-source-group-suggestion
maturity:1811,maturity,test,Mature Dragon Fruit,dataset/public/prepared/maturity/5825d64afb6ea5206220289dfa7a81f2ca230032f4f4776a73c44ad4f4f0627d.jpg,candidate-source-0033,True,unverified-source-group-suggestion
quality:105,quality,train,Fresh Dragon Fruit,dataset/public/prepared/quality/5dc3dd5cc132743c2609b295a93169f2b5394c1d41e65797212937a6f3055780.jpg,candidate-source-0034,True,unverified-source-group-suggestion
maturity:1351,maturity,val,Mature Dragon Fruit,dataset/public/prepared/maturity/9a77351a089c154d85717e60d1c48a5016e0198211e0bcacca76e2b42c18244c.jpg,candidate-source-0034,True,unverified-source-group-suggestion
quality:106,quality,test,Fresh Dragon Fruit,dataset/public/prepared/quality/8678041195fa8477062b137d3d7d24e9b4cf9bd26da3486dd37abc6b93c6d82f.jpg,candidate-source-0035,True,unverified-source-group-suggestion
quality:794,quality,train,Fresh Dragon Fruit,dataset/public/prepared/quality/d19f0e60fca73ba22910dc19a27fbdb083637d69f36e86d16ba2c132f958190a.jpg,candidate-source-0035,True,unverified-source-group-suggestion
maturity:1352,maturity,test,Mature Dragon Fruit,dataset/public/prepared/maturity/750e8f7c3e2250dcc78060a64191fb2d8dc438f056da86c90664236650ebb3bb.jpg,candidate-source-0035,True,unverified-source-group-suggestion
maturity:2015,maturity,val,Mature Dragon Fruit,dataset/public/prepared/maturity/07d165c16007a9de0ea8a25c86d0a63b02234fd464c775d494723dc538be3fb9.jpg,candidate-source-0035,True,unverified-source-group-suggestion
quality:107,quality,train,Fresh Dragon Fruit,dataset/public/prepared/quality/60d2e035e2652d524c1c9c9cec34a74e29d399a269b8801db73739833d4c8008.jpg,candidate-source-0036,False,unverified-source-group-suggestion
quality:243,quality,train,Fresh Dragon Fruit,dataset/public/prepared/quality/67d49ff7bacbdffaad82c41cbcbfef7c4ca09cc4fb16377b9861b19a2a8fda60.jpg,candidate-source-0036,False,unverified-source-group-suggestion
maturity:1353,maturity,train,Mature Dragon Fruit,dataset/public/prepared/maturity/26e1fdda3d19b07029bbb57d050a4d148fd9112e18666b46b6c09e09b0ac80be.jpg,candidate-source-0036,False,unverified-source-group-suggestion
maturity:1388,maturity,train,Mature Dragon Fruit,dataset/public/prepared/maturity/06de42b6523b6cbd1f725f3d0365e27aa756c25cbefd92e441bd85e42e565c31.jpg,candidate-source-0036,False,unverified-source-group-suggestion
quality:108,quality,train,Fresh Dragon Fruit,dataset/public/prepared/quality/a102cbb6a8276c9130c68f1c4f5f46264dbab021de80f9734dad4eac2d58510f.jpg,candidate-source-0037,False,unverified-source-group-suggestion
maturity:1340,maturity,train,Mature Dragon Fruit,dataset/public/prepared/maturity/95a930827c8403f09454f5c176099b637c8dede9255570113b46f5e457303d68.jpg,candidate-source-0037,False,unverified-source-group-suggestion
quality:1082,quality,train,Defect Dragon Fruit,dataset/public/prepared/quality/ad6a4a551d1d552bda2987a67addb76c90ec6992f42908cb22f9ee78e6c32a07.jpg,candidate-source-0038,True,unverified-source-group-suggestion
quality:1337,quality,test,Defect Dragon Fruit,dataset/public/prepared/quality/5340e2bd4323a83f066d1f65476fb7c34f5d3fee4927fa19f1bd58157b21c45f.jpg,candidate-source-0038,True,unverified-source-group-suggestion
quality:109,quality,test,Fresh Dragon Fruit,dataset/public/prepared/quality/505b7b5e5f9a65435e7cfc617aac4d4e2a1b22d21ca29f37527694e1f9c3f58b.jpg,candidate-source-0039,True,unverified-source-group-suggestion
maturity:1341,maturity,train,Mature Dragon Fruit,dataset/public/prepared/maturity/cf3ef1726c2c4fd87252b87ceca908844ac9f850ab33bf45ced12114038c5051.jpg,candidate-source-0039,True,unverified-source-group-suggestion
quality:1092,quality,train,Defect Dragon Fruit,dataset/public/prepared/quality/ac111c5a91892842b81a11549997a8496c1b5052c36e7a5d22afe64d76fa58dd.jpg,candidate-source-0040,False,unverified-source-group-suggestion
quality:1280,quality,train,Defect Dragon Fruit,dataset/public/prepared/quality/34e90e2bd72bfc7f9d0da05ee01a44741f1d7c66b057048d455e667156f522c3.jpg,candidate-source-0040,False,unverified-source-group-suggestion
quality:1347,quality,train,Defect Dragon Fruit,dataset/public/prepared/quality/a0efee0e8fae7df13014fcec12059bda707d9426518d4a58365be86b4f9663ba.jpg,candidate-source-0040,False,unverified-source-group-suggestion
quality:11,quality,train,Fresh Dragon Fruit,dataset/public/prepared/quality/7b5983ea61f15b4227d0259b4955c0f022b37df39287f95c8a10a2e69377e61a.jpg,candidate-source-0041,False,unverified-source-group-suggestion
maturity:1262,maturity,train,Mature Dragon Fruit,dataset/public/prepared/maturity/30914e850c317eae99fa350a0cd4a3768110ff6768bcd26d25c30b7792feaaba.jpg,candidate-source-0041,False,unverified-source-group-suggestion
quality:110,quality,train,Fresh Dragon Fruit,dataset/public/prepared/quality/93d1eeeaf6027b53612793c8ad9dd7e9996677c544f87377289b979627db639a.jpg,candidate-source-0042,False,unverified-source-group-suggestion
maturity:1342,maturity,train,Mature Dragon Fruit,dataset/public/prepared/maturity/b409f94e38fcb62990b635804296d3ae3ad12a08e4dbadfe05037f10e32a14eb.jpg,candidate-source-0042,False,unverified-source-group-suggestion
quality:111,quality,train,Fresh Dragon Fruit,dataset/public/prepared/quality/a73d950db0c7933ec189ac80fb0b670616ab91e4cfd3c5a09691f005bb865e44.jpg,candidate-source-0043,False,unverified-source-group-suggestion
maturity:1343,maturity,train,Mature Dragon Fruit,dataset/public/prepared/maturity/0e4cdbd84478a652fa7ccb327c8a276fa6bf6ba7296d5fb85c0ecd676b4f1923.jpg,candidate-source-0043,False,unverified-source-group-suggestion
quality:112,quality,train,Fresh Dragon Fruit,dataset/public/prepared/quality/60361b1f48aba3d1a56957b576340938a5245d16a765beff614c3c7ce1287c68.jpg,candidate-source-0044,True,unverified-source-group-suggestion
maturity:1344,maturity,val,Mature Dragon Fruit,dataset/public/prepared/maturity/01fd4d0da4af84c18c75c510228da9fdcd418eae74a354eeaa354cb80ee5122d.jpg,candidate-source-0044,True,unverified-source-group-suggestion
quality:113,quality,train,Fresh Dragon Fruit,dataset/public/prepared/quality/434f19e7046b07f497bd8eb844984d69ac1ace44990dda152d34b147a0336bc8.jpg,candidate-source-0045,True,unverified-source-group-suggestion
maturity:1345,maturity,test,Mature Dragon Fruit,dataset/public/prepared/maturity/f522ab34f655ce9cde955e43d81b52d75f8eaa2ece9764f906a81b3122c4332e.jpg,candidate-source-0045,True,unverified-source-group-suggestion
quality:1160,quality,train,Defect Dragon Fruit,dataset/public/prepared/quality/90a59bd9d0ec146a1310eb0cbf7435cd7677ef9640406218ae824a5877e96365.jpg,candidate-source-0046,True,unverified-source-group-suggestion
quality:1181,quality,val,Defect Dragon Fruit,dataset/public/prepared/quality/b0601b4f663ca7be10e07aeebc6274a1b7fa7cbe75a78b49dceb71557098fffa.jpg,candidate-source-0046,True,unverified-source-group-suggestion
quality:1162,quality,train,Defect Dragon Fruit,dataset/public/prepared/quality/27d4b3a83ee223880e5e478fd13c58f12045a48d51a45cbb077f953f51f9f3d9.jpg,candidate-source-0047,False,unverified-source-group-suggestion
quality:1180,quality,train,Defect Dragon Fruit,dataset/public/prepared/quality/0c06e4a38372f2772d7f3afe38cd189f314e683cd24416a6ef69571958d90af5.jpg,candidate-source-0047,False,unverified-source-group-suggestion
quality:117,quality,train,Fresh Dragon Fruit,dataset/public/prepared/quality/1b08799a9fc3851e00c5d7654b94dac952ae89a0dc03e6c83513804c0d317d6f.jpg,candidate-source-0048,False,unverified-source-group-suggestion
maturity:1335,maturity,train,Mature Dragon Fruit,dataset/public/prepared/maturity/23b6fe67acc583ef7c6fc373065350f7dc938d43cc2192838134244b838018f4.jpg,candidate-source-0048,False,unverified-source-group-suggestion
quality:1170,quality,train,Defect Dragon Fruit,dataset/public/prepared/quality/d3379a975c7871afc03f2b62d36069a3068e61e3731904beb87a0b407c5786b6.jpg,candidate-source-0049,False,unverified-source-group-suggestion
quality:1171,quality,train,Defect Dragon Fruit,dataset/public/prepared/quality/77bfd9d62a65b8d1db8c44412060fe3c7955a08f3b1f78b285eaca6a815ca3eb.jpg,candidate-source-0049,False,unverified-source-group-suggestion
quality:118,quality,test,Fresh Dragon Fruit,dataset/public/prepared/quality/b394b9639d0fcaf2a4a172e29641d4cabd0aed080c2f8f9804d4fcfc738833fb.jpg,candidate-source-0050,False,unverified-source-group-suggestion
maturity:1336,maturity,test,Mature Dragon Fruit,dataset/public/prepared/maturity/fe1510016ecb0d2d9c40ef7ae98385aa11f5e062cd9c5ab02be376bdf0d41311.jpg,candidate-source-0050,False,unverified-source-group-suggestion
quality:12,quality,val,Fresh Dragon Fruit,dataset/public/prepared/quality/6858d35858e1a411e25afabc4df5a96907827ccf80b4ee4df1dbea7030f51b92.jpg,candidate-source-0051,True,unverified-source-group-suggestion
maturity:1263,maturity,train,Mature Dragon Fruit,dataset/public/prepared/maturity/26a80b62ffc7ffa7515a2a79c43a02d21f380e52b1f40a1aaaff777eb4addabd.jpg,candidate-source-0051,True,unverified-source-group-suggestion
quality:120,quality,train,Fresh Dragon Fruit,dataset/public/prepared/quality/c23371b614ba180d59ebb1e972339b80420f3fc13aea5dd895718a0f0b4c8edd.jpg,candidate-source-0052,False,unverified-source-group-suggestion
maturity:1448,maturity,train,Mature Dragon Fruit,dataset/public/prepared/maturity/42582ae489339019a881d7e8ddae29aea92e17dd45e1bbb7235b92d93d1cbdff.jpg,candidate-source-0052,False,unverified-source-group-suggestion
quality:1207,quality,test,Defect Dragon Fruit,dataset/public/prepared/quality/838cbf0bbf24616532ed994cf58ea272b2483dad5c3c9089c85454465b23c78c.jpg,candidate-source-0053,True,unverified-source-group-suggestion
quality:1583,quality,train,Defect Dragon Fruit,dataset/public/prepared/quality/6a4acb9180f30229501b1064ee6ce93e3d98664b227a368feae97d6163d17f77.jpg,candidate-source-0053,True,unverified-source-group-suggestion
quality:121,quality,test,Fresh Dragon Fruit,dataset/public/prepared/quality/593bef991ed01c8eb19ca49a4503d6aeeca1ce864db13a0cecebe2adcdad5e13.jpg,candidate-source-0054,True,unverified-source-group-suggestion
maturity:1953,maturity,train,Mature Dragon Fruit,dataset/public/prepared/maturity/2082199c3094df7ac1e09914355283fb805a67c6d4bb0789112bedcb82293307.jpg,candidate-source-0054,True,unverified-source-group-suggestion
quality:1215,quality,test,Defect Dragon Fruit,dataset/public/prepared/quality/e60d8c55ec4c0c2f13bf84da708b7cced53383bbae22ea3e1f0a8fea75f2bd1c.jpg,candidate-source-0055,True,unverified-source-group-suggestion
quality:1312,quality,train,Defect Dragon Fruit,dataset/public/prepared/quality/63819f99b8e6272685249cb2ffbf2441e7c2e56ee9c710149e63851ec779b71b.jpg,candidate-source-0055,True,unverified-source-group-suggestion
quality:122,quality,test,Fresh Dragon Fruit,dataset/public/prepared/quality/76dc5e9f6ddce3eec868b690a27f55af601ae552413b52eaa31da8e44eb78a07.jpg,candidate-source-0056,True,unverified-source-group-suggestion
quality:197,quality,train,Fresh Dragon Fruit,dataset/public/prepared/quality/585dd849fb62828e8f907a1d8b1815884b24c9f8331568b8000f557a69ab1fc0.jpg,candidate-source-0056,True,unverified-source-group-suggestion
maturity:1434,maturity,train,Mature Dragon Fruit,dataset/public/prepared/maturity/96a635b28bdd15851ca56729a29cedc5cabf5cd50c984d93db864993ddc515b6.jpg,candidate-source-0056,True,unverified-source-group-suggestion
maturity:2003,maturity,test,Mature Dragon Fruit,dataset/public/prepared/maturity/20947efea82e39e0e656a57875e97d174e013455bd14b57df835c56b10c3b4af.jpg,candidate-source-0056,True,unverified-source-group-suggestion
quality:1220,quality,train,Defect Dragon Fruit,dataset/public/prepared/quality/7db87949b3a683558c5e2ce518910aeff2ed58f1ce538bb8e3ee4d4f33301322.jpg,candidate-source-0057,True,unverified-source-group-suggestion
quality:1432,quality,test,Defect Dragon Fruit,dataset/public/prepared/quality/7d8a7023ce668b98eeb4376be6955688b2bff83c72110dcddf41d56985904de7.jpg,candidate-source-0057,True,unverified-source-group-suggestion
quality:1632,quality,train,Defect Dragon Fruit,dataset/public/prepared/quality/e51091427445bcf3b4248c84c38532b52020555a6fc70b86af23375f81b4a5fb.jpg,candidate-source-0057,True,unverified-source-group-suggestion
quality:1225,quality,val,Defect Dragon Fruit,dataset/public/prepared/quality/b5d3cc8fd4008c1353f9a797ef3e2b73d43e1d434e9f854b47d5e26375323071.jpg,candidate-source-0058,True,unverified-source-group-suggestion
quality:1424,quality,train,Defect Dragon Fruit,dataset/public/prepared/quality/fcfdb585a8d6597b8837cbfccaa1af4705341f4d7842c92d79ea10b8e2ed5f32.jpg,candidate-source-0058,True,unverified-source-group-suggestion
quality:123,quality,test,Fresh Dragon Fruit,dataset/public/prepared/quality/e1a99ca892374983a6af04521821cd0528f371ef6071c02980640c0b15a99a37.jpg,candidate-source-0059,True,unverified-source-group-suggestion
quality:168,quality,val,Fresh Dragon Fruit,dataset/public/prepared/quality/b8904b1df49522a5be4838c8c06a8c4d706bf86844c24795aa98e288498b28e5.jpg,candidate-source-0059,True,unverified-source-group-suggestion
maturity:1277,maturity,val,Mature Dragon Fruit,dataset/public/prepared/maturity/d4f76ba004eaf818c2f2243c418e2616feb757af6a54b7ccab0c28670297dd09.jpg,candidate-source-0059,True,unverified-source-group-suggestion
maturity:1400,maturity,test,Mature Dragon Fruit,dataset/public/prepared/maturity/344b39eab4e234b6f7d92bc5c775feb07019f9961313a6e5d550a5daeb6a0937.jpg,candidate-source-0059,True,unverified-source-group-suggestion
quality:124,quality,train,Fresh Dragon Fruit,dataset/public/prepared/quality/5314bdf79be03c96ae4bfd7c1856322d8e34312e6cd289fcd758d2cb48e4c817.jpg,candidate-source-0060,True,unverified-source-group-suggestion
maturity:1332,maturity,test,Mature Dragon Fruit,dataset/public/prepared/maturity/815798665135aa8f81ca232057a3e650ba6d98e811a7743545cecda449f3886f.jpg,candidate-source-0060,True,unverified-source-group-suggestion
quality:125,quality,train,Fresh Dragon Fruit,dataset/public/prepared/quality/e9d132abee0a1539dd68030326c57002ddbd3830b46e79d43896f4f45e5182bf.jpg,candidate-source-0061,False,unverified-source-group-suggestion
quality:712,quality,train,Fresh Dragon Fruit,dataset/public/prepared/quality/f456c43a7a9d50acc31cf2e94e0186b35e3dc6aea328637f86e3b2f343df7b75.jpg,candidate-source-0061,False,unverified-source-group-suggestion
maturity:1510,maturity,train,Mature Dragon Fruit,dataset/public/prepared/maturity/596afcc9885131d433b0be622daad92130633598e8b8ee946d675d7f890ea5ef.jpg,candidate-source-0061,False,unverified-source-group-suggestion
maturity:1949,maturity,train,Mature Dragon Fruit,dataset/public/prepared/maturity/81a4b43ca51fcf186941f94f83f913730a6f98d41c275f70e18503e3a0da9146.jpg,candidate-source-0061,False,unverified-source-group-suggestion
quality:126,quality,val,Fresh Dragon Fruit,dataset/public/prepared/quality/4e167527bc8f6e5f21b57affac35971d59f98eb2183e44045393d77ab52d8e88.jpg,candidate-source-0062,True,unverified-source-group-suggestion
maturity:1390,maturity,train,Mature Dragon Fruit,dataset/public/prepared/maturity/c931d961f81dee823c68ac95cc0469096ff866fb17a4c25ec92581b827c4d599.jpg,candidate-source-0062,True,unverified-source-group-suggestion
quality:1265,quality,test,Defect Dragon Fruit,dataset/public/prepared/quality/fbcc7bfd9b7e5549ffcc623dc4e13a4c75f341b6666abfc66ccdbfd3271f6a46.jpg,candidate-source-0063,True,unverified-source-group-suggestion
quality:1390,quality,train,Defect Dragon Fruit,dataset/public/prepared/quality/6c3e184f14b219281550820172ff04654b23d531abaabb6bab63dc7566fdc7be.jpg,candidate-source-0063,True,unverified-source-group-suggestion
quality:1268,quality,train,Defect Dragon Fruit,dataset/public/prepared/quality/b7ea7f1ae410d25448044af9b70a9e65e28ced4e97116fd4e0f5bbd54e5b89c1.jpg,candidate-source-0064,False,unverified-source-group-suggestion
quality:1335,quality,train,Defect Dragon Fruit,dataset/public/prepared/quality/d60bb3066473e26b2e99776277a5d078ef6937cbe4565c4bdf704a5f8a26bade.jpg,candidate-source-0064,False,unverified-source-group-suggestion
quality:127,quality,train,Fresh Dragon Fruit,dataset/public/prepared/quality/01d6202a611c0fd6ab74fbed2d2e086e27d9596942462cde16fb55bb299efad3.jpg,candidate-source-0065,False,unverified-source-group-suggestion
maturity:1391,maturity,train,Mature Dragon Fruit,dataset/public/prepared/maturity/c8e349cc9c5112473a391bcbf97661d28e35c2a2d8d0eb11d611e533038ce0f4.jpg,candidate-source-0065,False,unverified-source-group-suggestion
quality:1270,quality,train,Defect Dragon Fruit,dataset/public/prepared/quality/6a2c0626a5ed0705457f3be46630689ae34930a039e27aa598b826103d86f568.jpg,candidate-source-0066,False,unverified-source-group-suggestion
quality:1315,quality,train,Defect Dragon Fruit,dataset/public/prepared/quality/9b769c5128bb3807a5a9b66c9c4ac85fc87701502cf238782418601f7b0f4669.jpg,candidate-source-0066,False,unverified-source-group-suggestion
quality:128,quality,train,Fresh Dragon Fruit,dataset/public/prepared/quality/c8c6ca7785fa824d3304f72787fba243eb192997f439b514486e2a4b7450c87b.jpg,candidate-source-0067,False,unverified-source-group-suggestion
maturity:1329,maturity,train,Mature Dragon Fruit,dataset/public/prepared/maturity/7c508e38a4bcf24fbe5f9e081a1a4ae26c8585b97b430437d75cd5e681e70a8a.jpg,candidate-source-0067,False,unverified-source-group-suggestion
quality:129,quality,test,Fresh Dragon Fruit,dataset/public/prepared/quality/34adc1a378fd974b7d8a1f5de921cdb4cbf836987d7be176efa8820e6229e96e.jpg,candidate-source-0068,True,unverified-source-group-suggestion
maturity:1379,maturity,train,Mature Dragon Fruit,dataset/public/prepared/maturity/4994db55afc1017bf6daf963c8f635541916ccfdbdce94121a4320d58e235716.jpg,candidate-source-0068,True,unverified-source-group-suggestion
quality:1298,quality,train,Defect Dragon Fruit,dataset/public/prepared/quality/9f70f358c18adccd872a261bd363e7c8f1355521b704de42181f772b9860c185.jpg,candidate-source-0069,False,unverified-source-group-suggestion
quality:1304,quality,train,Defect Dragon Fruit,dataset/public/prepared/quality/58f97c165126562a561224d817782a81b27a00575e9ae854369d6052d309702b.jpg,candidate-source-0069,False,unverified-source-group-suggestion
quality:13,quality,train,Fresh Dragon Fruit,dataset/public/prepared/quality/b37f18d2529dcbd2db63acf056005c644c1649e3e672ffb52f01661d0e7fcb36.jpg,candidate-source-0070,False,unverified-source-group-suggestion
quality:23,quality,train,Fresh Dragon Fruit,dataset/public/prepared/quality/3052dfa5ee91ca9aa512533e10f8beacf3b069cff5cc5050e9783e96faec12b2.jpg,candidate-source-0070,False,unverified-source-group-suggestion
maturity:1243,maturity,train,Mature Dragon Fruit,dataset/public/prepared/maturity/3d39272d553107cc4ed19371b29067d17dd41c0f187d8dba81a760ac6d435983.jpg,candidate-source-0070,False,unverified-source-group-suggestion
maturity:1264,maturity,train,Mature Dragon Fruit,dataset/public/prepared/maturity/42422e19f8d062cbbc58a6c158309b4ba6a88e5fdf794e89acb816ff3b23910f.jpg,candidate-source-0070,False,unverified-source-group-suggestion
quality:130,quality,test,Fresh Dragon Fruit,dataset/public/prepared/quality/bed59d3230c83fd6a1fc206f28482f55582ceffc68e8793944d6c33cc5090734.jpg,candidate-source-0071,True,unverified-source-group-suggestion
quality:242,quality,val,Fresh Dragon Fruit,dataset/public/prepared/quality/ea26aae20f2192d7bb4daab6f51aa4408f5cf33177b155f15679d5cbfcd1724e.jpg,candidate-source-0071,True,unverified-source-group-suggestion
maturity:1380,maturity,test,Mature Dragon Fruit,dataset/public/prepared/maturity/b48a1cf3ed62bb062a5aa8690a379c44864a127d96df729587e4e2520a4340ec.jpg,candidate-source-0071,True,unverified-source-group-suggestion
maturity:2099,maturity,val,Mature Dragon Fruit,dataset/public/prepared/maturity/76e1a09dfaa14cc1d840a15830e48c7b4ad509679e13f45dc6901a4c7623c583.jpg,candidate-source-0071,True,unverified-source-group-suggestion
quality:131,quality,train,Fresh Dragon Fruit,dataset/public/prepared/quality/ddeaccbb8c607158eaa1240cc01febbbd47c05fd54a639e78113a519bfa4265b.jpg,candidate-source-0072,False,unverified-source-group-suggestion
maturity:1381,maturity,train,Mature Dragon Fruit,dataset/public/prepared/maturity/10178e616b4bd16a20888867bc0eceaa94faa36484584373d5f941e0613791ca.jpg,candidate-source-0072,False,unverified-source-group-suggestion
quality:132,quality,train,Fresh Dragon Fruit,dataset/public/prepared/quality/dbe51a6d5d7deab096ecc33327e6194f32cd87b9247bfa1ae725b1852d91c97f.jpg,candidate-source-0073,True,unverified-source-group-suggestion
quality:774,quality,train,Fresh Dragon Fruit,dataset/public/prepared/quality/41513523fab73db74c16a5300c26ff516477ab5e39cbabc80eede09bd86d16d0.jpg,candidate-source-0073,True,unverified-source-group-suggestion
maturity:1382,maturity,train,Mature Dragon Fruit,dataset/public/prepared/maturity/92ddf60cb6686ec7f6d54d4e9fee5221f32b75510de67b891478d89ebadccb05.jpg,candidate-source-0073,True,unverified-source-group-suggestion
maturity:1987,maturity,test,Mature Dragon Fruit,dataset/public/prepared/maturity/f37bcf608c37972f1c364bdee60685883801a98e9727c06ba19e0fd231eff537.jpg,candidate-source-0073,True,unverified-source-group-suggestion
quality:1324,quality,train,Defect Dragon Fruit,dataset/public/prepared/quality/79522668bb8c6af16e4d2bf1cac8f223f9cf680dc85813cdeb99cd75666670d3.jpg,candidate-source-0074,False,unverified-source-group-suggestion
quality:1477,quality,train,Defect Dragon Fruit,dataset/public/prepared/quality/cc422efb1c67224a8524f363b4ce3b017106c53923a9d529bc81b1acf1b4d4bb.jpg,candidate-source-0074,False,unverified-source-group-suggestion
quality:133,quality,val,Fresh Dragon Fruit,dataset/public/prepared/quality/27e93e6876073dacd08903cdf227d89e0e17109f397c62c1582a5c0ec8246787.jpg,candidate-source-0075,True,unverified-source-group-suggestion
maturity:1383,maturity,train,Mature Dragon Fruit,dataset/public/prepared/maturity/0f1fd81bb54d9cb100f635886b3429911a2ecaa1030d9551d941b287c8f24ad8.jpg,candidate-source-0075,True,unverified-source-group-suggestion
quality:134,quality,train,Fresh Dragon Fruit,dataset/public/prepared/quality/add9d3c2a43aa8a6ab852a9ac532d0864207354220af5994b1fa8be677abf46e.jpg,candidate-source-0076,False,unverified-source-group-suggestion
maturity:1384,maturity,train,Mature Dragon Fruit,dataset/public/prepared/maturity/ea3f17451d930ffe3f1c859ee4184d2445375e79e4a662d25e3a9bf6453a721a.jpg,candidate-source-0076,False,unverified-source-group-suggestion
quality:135,quality,train,Fresh Dragon Fruit,dataset/public/prepared/quality/f09bf2f79c9a9bd34e8fc3d1b52981c858fc30b1a4d749055d7f23df89c2d84c.jpg,candidate-source-0077,True,unverified-source-group-suggestion
quality:156,quality,train,Fresh Dragon Fruit,dataset/public/prepared/quality/b09b1df8910bdd1f838c76a62c2564b3673b132c2080c4dc810868d9381ce0be.jpg,candidate-source-0077,True,unverified-source-group-suggestion
maturity:1385,maturity,train,Mature Dragon Fruit,dataset/public/prepared/maturity/95902604cb7a34c18a429a93a4af82bcfa8c7e6e4d99bd6355684104d0f03ef2.jpg,candidate-source-0077,True,unverified-source-group-suggestion
maturity:1975,maturity,test,Mature Dragon Fruit,dataset/public/prepared/maturity/b62584946b25745b944ab57900fb15546ab9ea7d90a696524ba3549c51f63a4f.jpg,candidate-source-0077,True,unverified-source-group-suggestion
quality:136,quality,train,Fresh Dragon Fruit,dataset/public/prepared/quality/68d29f5d3c50e507c37ce04db0c48eeccfc0decbc407107152018643408f957d.jpg,candidate-source-0078,False,unverified-source-group-suggestion
maturity:1372,maturity,train,Mature Dragon Fruit,dataset/public/prepared/maturity/3c356b048eec045232e65359b0a9a44512451f345009985ace2197b7515a0033.jpg,candidate-source-0078,False,unverified-source-group-suggestion
quality:137,quality,val,Fresh Dragon Fruit,dataset/public/prepared/quality/d2e2476cb5c90df14b8f8033d75604f7b2ed7e6226f52da3d1e1ba753c630064.jpg,candidate-source-0079,True,unverified-source-group-suggestion
maturity:1373,maturity,test,Mature Dragon Fruit,dataset/public/prepared/maturity/259bce163ad7c52792b7c47611be3a0d62811aa5c98597eee6699f76cc8d4ada.jpg,candidate-source-0079,True,unverified-source-group-suggestion
quality:1377,quality,val,Defect Dragon Fruit,dataset/public/prepared/quality/db78571f1cc629f221381d3d8138e28cacc065b1fe67c32f33ffcff08a16842d.jpg,candidate-source-0080,False,unverified-source-group-suggestion
quality:1428,quality,val,Defect Dragon Fruit,dataset/public/prepared/quality/b77fb2c8b0613d7b0533bbb5c4bd46182b84e59e6d7f55b9335a15992010adc9.jpg,candidate-source-0080,False,unverified-source-group-suggestion
quality:138,quality,test,Fresh Dragon Fruit,dataset/public/prepared/quality/2656b3bc5fc4fd4d92e2c54fe8ee49457c39b4c246907a26a5670c195c025a65.jpg,candidate-source-0081,True,unverified-source-group-suggestion
quality:743,quality,val,Fresh Dragon Fruit,dataset/public/prepared/quality/cfb4e05584399ba7326086f5f0714107bf4b666915509d841faa10104aa699f8.jpg,candidate-source-0081,True,unverified-source-group-suggestion
maturity:1374,maturity,test,Mature Dragon Fruit,dataset/public/prepared/maturity/48e35ebd0bde8f4f0477abf438d81d3328bb478b65928d1835eb4b821fd3f8e6.jpg,candidate-source-0081,True,unverified-source-group-suggestion
maturity:1964,maturity,train,Mature Dragon Fruit,dataset/public/prepared/maturity/12d494ada23ece46e1f57b49a5f63544f0a2b5d4e8586ba64f4510ff43a011c7.jpg,candidate-source-0081,True,unverified-source-group-suggestion
quality:139,quality,val,Fresh Dragon Fruit,dataset/public/prepared/quality/a11e2b4eea57f5d8cc30922a43ff8942c6a637b3d739ac20d029955fd1b505a4.jpg,candidate-source-0082,True,unverified-source-group-suggestion
maturity:1375,maturity,train,Mature Dragon Fruit,dataset/public/prepared/maturity/a12a032767866f1a78e478c394f7d0b0ed722eba570c75bb45488f57575babda.jpg,candidate-source-0082,True,unverified-source-group-suggestion
quality:1396,quality,test,Defect Dragon Fruit,dataset/public/prepared/quality/3cde15642f83af09da3dbdb819d71d5560ff9fb272c4e46565f5df0551e8b36b.jpg,candidate-source-0083,True,unverified-source-group-suggestion
quality:1557,quality,train,Defect Dragon Fruit,dataset/public/prepared/quality/0c9eaa61a858279f97f32644c738d828e551e85bf76b1174f66a73240f9a59e3.jpg,candidate-source-0083,True,unverified-source-group-suggestion
quality:14,quality,train,Fresh Dragon Fruit,dataset/public/prepared/quality/8407aa4763640d48c3c6965477645525af2950375f82a3a3bb19efbf53aa7483.jpg,candidate-source-0084,False,unverified-source-group-suggestion
maturity:1251,maturity,train,Mature Dragon Fruit,dataset/public/prepared/maturity/12129da62a204690296110b83f1f7e39900e0c1d547d67c8e22829dcc098281b.jpg,candidate-source-0084,False,unverified-source-group-suggestion
quality:140,quality,train,Fresh Dragon Fruit,dataset/public/prepared/quality/d5d5b54d12fee218832d8d32aa9ca15d07c0cd85df971c44e37ab94fb1853142.jpg,candidate-source-0085,True,unverified-source-group-suggestion
quality:535,quality,train,Fresh Dragon Fruit,dataset/public/prepared/quality/a8ce7cc9ea232e1c96aff469f9975e24d550d14a7f265cfe00e75ba857de4ab8.jpg,candidate-source-0085,True,unverified-source-group-suggestion
maturity:1376,maturity,train,Mature Dragon Fruit,dataset/public/prepared/maturity/249a0d7f5a7a5fb5c8308c7a1ca8eb8182ea8e7459b4cb725ae651cef69c921e.jpg,candidate-source-0085,True,unverified-source-group-suggestion
maturity:1762,maturity,val,Mature Dragon Fruit,dataset/public/prepared/maturity/e1e65a036cb65ef7aea4f946dd6baad5c2b77786d2bc4d35deca06b177a51a84.jpg,candidate-source-0085,True,unverified-source-group-suggestion
quality:1406,quality,train,Defect Dragon Fruit,dataset/public/prepared/quality/e4d410d00a39690061448c1f4b70ae281f4efe74fb3242f0a02dc321edfdc27c.jpg,candidate-source-0086,False,unverified-source-group-suggestion
quality:1591,quality,train,Defect Dragon Fruit,dataset/public/prepared/quality/c2853ef2fffa753ded07a1ffa035ff3786f06221ab636e52baf76073383bf869.jpg,candidate-source-0086,False,unverified-source-group-suggestion
quality:141,quality,train,Fresh Dragon Fruit,dataset/public/prepared/quality/94d677f556b7df81a1dbe93eacf5474f0cb0500e85156bec16365f7276eae329.jpg,candidate-source-0087,True,unverified-source-group-suggestion
maturity:1377,maturity,test,Mature Dragon Fruit,dataset/public/prepared/maturity/2203b2f47a6b9d36978144360ba409538584c451aeff717b82c3914a2d1bad72.jpg,candidate-source-0087,True,unverified-source-group-suggestion
quality:142,quality,train,Fresh Dragon Fruit,dataset/public/prepared/quality/74306766d8b68a09db21aaa1a94fa812944771f062defc6d881846497632fd23.jpg,candidate-source-0088,True,unverified-source-group-suggestion
quality:784,quality,test,Fresh Dragon Fruit,dataset/public/prepared/quality/d155f19db761f0fcfdddc4e3fdb576b44139ba24fdf305bbe88eb37eceb37f8d.jpg,candidate-source-0088,True,unverified-source-group-suggestion
maturity:1378,maturity,train,Mature Dragon Fruit,dataset/public/prepared/maturity/93ed0a7c2e17d28c6672207f54120e7527dd817268b79b44bf35a58019f1cf66.jpg,candidate-source-0088,True,unverified-source-group-suggestion
maturity:2075,maturity,test,Mature Dragon Fruit,dataset/public/prepared/maturity/f75984ba419c81bcaf282988baf84a437c8ac5980f94e9739846c3f3ca91eb90.jpg,candidate-source-0088,True,unverified-source-group-suggestion
quality:144,quality,train,Fresh Dragon Fruit,dataset/public/prepared/quality/3103ac29fcb6cbe08f94bd46fb8bb58b05686536cc00a990b8a950989dca8429.jpg,candidate-source-0089,False,unverified-source-group-suggestion
quality:894,quality,train,Fresh Dragon Fruit,dataset/public/prepared/quality/7ddd6c0733a851bdec7e476051d479ce79cbc29fdf5b57153e400e620349166c.jpg,candidate-source-0089,False,unverified-source-group-suggestion
maturity:1447,maturity,train,Mature Dragon Fruit,dataset/public/prepared/maturity/90c0352ff70c89991990f9b48c3c2ccbeb95115effe11e4d84892983858cbb76.jpg,candidate-source-0089,False,unverified-source-group-suggestion
maturity:2002,maturity,train,Mature Dragon Fruit,dataset/public/prepared/maturity/ea92d6c06eb4f108ce0cb55d336ea175bc169fcf36e0c96fd21200dc02923b10.jpg,candidate-source-0089,False,unverified-source-group-suggestion
quality:145,quality,train,Fresh Dragon Fruit,dataset/public/prepared/quality/45673456299431a69bc96acaa143e86c855ca82e95d9b051de3f5b82f3289458.jpg,candidate-source-0090,False,unverified-source-group-suggestion
maturity:1365,maturity,train,Mature Dragon Fruit,dataset/public/prepared/maturity/f381b57cbfd5e0d9722cb3d3eb8972dc6ccea0de6cf57eaca79e9e6fe7efc74e.jpg,candidate-source-0090,False,unverified-source-group-suggestion
quality:147,quality,train,Fresh Dragon Fruit,dataset/public/prepared/quality/a9f072a3d1b9f57babf84bb3b8dacdd33e440c012fa54566571cbd55f8abc530.jpg,candidate-source-0091,False,unverified-source-group-suggestion
maturity:1418,maturity,train,Mature Dragon Fruit,dataset/public/prepared/maturity/623dbe9f6da4c91dad1c050075e2765deab163d9c332c350d14b84276df6adbc.jpg,candidate-source-0091,False,unverified-source-group-suggestion
quality:148,quality,train,Fresh Dragon Fruit,dataset/public/prepared/quality/4fda4d293be7e4f0db365a2d93be9ecac062eb9ff1dccccd61536fafff225da9.jpg,candidate-source-0092,True,unverified-source-group-suggestion
quality:790,quality,test,Fresh Dragon Fruit,dataset/public/prepared/quality/1d3c6c62505e4dc6c52aa4acc20ce43da232421a2d522f41807e17147519015c.jpg,candidate-source-0092,True,unverified-source-group-suggestion
quality:815,quality,train,Fresh Dragon Fruit,dataset/public/prepared/quality/7beef9c370df9e4269f95ec50c14b8553a17777a20d19007ca133ab2a55eadd5.jpg,candidate-source-0092,True,unverified-source-group-suggestion
maturity:1309,maturity,train,Mature Dragon Fruit,dataset/public/prepared/maturity/1104a0619a18b210a2ab085615e8f20cb69da68c54c3c68f83d244818e703600.jpg,candidate-source-0092,True,unverified-source-group-suggestion
maturity:2011,maturity,train,Mature Dragon Fruit,dataset/public/prepared/maturity/ff382cc2508ca654244e8672851ca531a2e2640dca96b7f19c1e28b10132b9b5.jpg,candidate-source-0092,True,unverified-source-group-suggestion
maturity:2041,maturity,train,Mature Dragon Fruit,dataset/public/prepared/maturity/225f4922bea9c55cf891fff5ed401f3c2bc37c24e67c59d964584128f51b9077.jpg,candidate-source-0092,True,unverified-source-group-suggestion
quality:149,quality,train,Fresh Dragon Fruit,dataset/public/prepared/quality/d4977d9cc01b0179a235cdfd46201210de61f9a93392dbf27600ea682d7d17a2.jpg,candidate-source-0093,True,unverified-source-group-suggestion
quality:255,quality,val,Fresh Dragon Fruit,dataset/public/prepared/quality/c104cad5b47df87b265e7e3d84ce0e78e2d5dffeb9da0657651a1ea85fd0a521.jpg,candidate-source-0093,True,unverified-source-group-suggestion
maturity:1369,maturity,val,Mature Dragon Fruit,dataset/public/prepared/maturity/2d0510d8f247048286d4c1b4729f23be6880f1275469e11c59b9c805b4022eb0.jpg,candidate-source-0093,True,unverified-source-group-suggestion
maturity:1505,maturity,test,Mature Dragon Fruit,dataset/public/prepared/maturity/6958e38c36226c56c728540503bdaca9dab33618b511d313785d152d3d03c138.jpg,candidate-source-0093,True,unverified-source-group-suggestion
quality:1496,quality,train,Defect Dragon Fruit,dataset/public/prepared/quality/535a1e6308c409315e815edcdebe938c996981f92b7e8835600b0a8b1c321800.jpg,candidate-source-0094,False,unverified-source-group-suggestion
quality:1526,quality,train,Defect Dragon Fruit,dataset/public/prepared/quality/c705bd692778bad63a6235d08c3f27bb324609992e1a470ad90ace8b4a0b109c.jpg,candidate-source-0094,False,unverified-source-group-suggestion
quality:15,quality,train,Fresh Dragon Fruit,dataset/public/prepared/quality/1148701dca5fcacf866c0c5396875170cc096a89930d4a7d812cd1330cecd66a.jpg,candidate-source-0095,False,unverified-source-group-suggestion
maturity:1252,maturity,train,Mature Dragon Fruit,dataset/public/prepared/maturity/2aa86f85a3ab079fa2db7295d968bc0747cd4e476b06cfa40ff454827eda6b1e.jpg,candidate-source-0095,False,unverified-source-group-suggestion
quality:150,quality,val,Fresh Dragon Fruit,dataset/public/prepared/quality/ab5406ef853cf637ea4652898e5456bfa7e3983fc1ebd967b0a03e85ddb4ec95.jpg,candidate-source-0096,True,unverified-source-group-suggestion
maturity:1370,maturity,train,Mature Dragon Fruit,dataset/public/prepared/maturity/31add699960d636a99b7b59434c94bbdf643f77bf4e1b3827558d0a43bc2c4aa.jpg,candidate-source-0096,True,unverified-source-group-suggestion
quality:152,quality,train,Fresh Dragon Fruit,dataset/public/prepared/quality/3fdf53404e6e7b7654fca540e70af70e80ceb36ed9adce90caf3632a2544156e.jpg,candidate-source-0097,True,unverified-source-group-suggestion
maturity:1414,maturity,val,Mature Dragon Fruit,dataset/public/prepared/maturity/c630b9566db558bc213d9c22c5df1b97f1e3657b32b838d2494d47bff4296887.jpg,candidate-source-0097,True,unverified-source-group-suggestion
quality:155,quality,val,Fresh Dragon Fruit,dataset/public/prepared/quality/1138895bef194bb31ed271a988ab0e47a6acbace968b1e5fc5c7f1f35214bde7.jpg,candidate-source-0098,False,unverified-source-group-suggestion
maturity:1417,maturity,val,Mature Dragon Fruit,dataset/public/prepared/maturity/9e5acba2289469fc1b9dc406453e608424620d20e21d306e67b0373cd5fbe3b0.jpg,candidate-source-0098,False,unverified-source-group-suggestion
quality:157,quality,train,Fresh Dragon Fruit,dataset/public/prepared/quality/f7d5c56d586b5552498137a7aef5d4cf67dab4fd8fd3332e8dedaf7454bb1bf1.jpg,candidate-source-0099,True,unverified-source-group-suggestion
quality:763,quality,train,Fresh Dragon Fruit,dataset/public/prepared/quality/125391cc8beb883f11471ae2f06e331f542d73ca7a473ac001f592397f4294fa.jpg,candidate-source-0099,True,unverified-source-group-suggestion
maturity:1419,maturity,train,Mature Dragon Fruit,dataset/public/prepared/maturity/d61aba8b81f300a89e97bc3b6555f0b1d0eba932af3b4eff777c698ddfccc917.jpg,candidate-source-0099,True,unverified-source-group-suggestion
maturity:2000,maturity,test,Mature Dragon Fruit,dataset/public/prepared/maturity/4a70677f00bd5c295a9aa254799ad6f5052a25aee41934d796d05cfad3d22dd5.jpg,candidate-source-0099,True,unverified-source-group-suggestion
quality:158,quality,train,Fresh Dragon Fruit,dataset/public/prepared/quality/9e2038029674af3989173671add9cfb0e6c94f209a856e7ab7b2106b3eae885f.jpg,candidate-source-0100,False,unverified-source-group-suggestion
maturity:1420,maturity,train,Mature Dragon Fruit,dataset/public/prepared/maturity/8c3fda7c6bd7aac75963f85a4bc501a74127c3fc6b4e9bbdebdecc002a00107e.jpg,candidate-source-0100,False,unverified-source-group-suggestion
quality:159,quality,train,Fresh Dragon Fruit,dataset/public/prepared/quality/8eaa5ce6ed12ec42c548e73e0a40420e23c094c04b860a4513aa78adb34f1ed0.jpg,candidate-source-0101,False,unverified-source-group-suggestion
quality:860,quality,train,Fresh Dragon Fruit,dataset/public/prepared/quality/047362101203cf27e13e9c68d2b6f950f9389fa566ac9dbd62f73e61c5784768.jpg,candidate-source-0101,False,unverified-source-group-suggestion
maturity:1387,maturity,train,Mature Dragon Fruit,dataset/public/prepared/maturity/5cdc6d75d848690bca7f02303fdebc33ecbc88c34769dfe4c55ae3ec99d48610.jpg,candidate-source-0101,False,unverified-source-group-suggestion
maturity:2086,maturity,train,Mature Dragon Fruit,dataset/public/prepared/maturity/33d6db6467b92474c33508e8e46dfca01a2d4de6787a3076fe6e045fd74dcf90.jpg,candidate-source-0101,False,unverified-source-group-suggestion
quality:16,quality,train,Fresh Dragon Fruit,dataset/public/prepared/quality/690d9a693977c9c8ccfa80d532887edf0cd9050a0c819929fca6070095cc0e49.jpg,candidate-source-0102,True,unverified-source-group-suggestion
quality:692,quality,train,Fresh Dragon Fruit,dataset/public/prepared/quality/fde58fd7b48739da08360b3e8e528c94b4a66b24e46d0e948b3459bf8924dbb9.jpg,candidate-source-0102,True,unverified-source-group-suggestion
maturity:1253,maturity,val,Mature Dragon Fruit,dataset/public/prepared/maturity/3518eb44e815472ece4163c1500bf91c6375bf55541c282a720852fc42d33388.jpg,candidate-source-0102,True,unverified-source-group-suggestion
maturity:1913,maturity,train,Mature Dragon Fruit,dataset/public/prepared/maturity/d87dc6568a2ba73de60b67f469a27f65a270ddf5c022dfe8cb9a35e380a47b4f.jpg,candidate-source-0102,True,unverified-source-group-suggestion
quality:160,quality,train,Fresh Dragon Fruit,dataset/public/prepared/quality/a1be2c07dca11f1204b4bf22905ef9aee5d0a5434d33fda7ed19f0b768b053cc.jpg,candidate-source-0103,True,unverified-source-group-suggestion
maturity:1359,maturity,val,Mature Dragon Fruit,dataset/public/prepared/maturity/e2243d158780db9e3c967e7b1b7fce5e82afa6891e1d98baf0191805f159db75.jpg,candidate-source-0103,True,unverified-source-group-suggestion
quality:161,quality,train,Fresh Dragon Fruit,dataset/public/prepared/quality/53d95ddbf2cc98d312672ae7eb115a67a78ff4d08d762e4ad60cee0b9c87ce08.jpg,candidate-source-0104,False,unverified-source-group-suggestion
maturity:1407,maturity,train,Mature Dragon Fruit,dataset/public/prepared/maturity/95551e85344c047ffaf92933c10579beba23e5a51c3211db40dfce18c1a4ad8e.jpg,candidate-source-0104,False,unverified-source-group-suggestion
quality:1613,quality,val,Defect Dragon Fruit,dataset/public/prepared/quality/e0da688a8bd21c1e108e94d143f559bd2e4dfc96c7bb2fce0a35f21a18193a2e.jpg,candidate-source-0105,True,unverified-source-group-suggestion
quality:1635,quality,train,Defect Dragon Fruit,dataset/public/prepared/quality/3e1e94a0915a7709521482a6192c0cd9e426bc46f6c3e8f46ee91e7059d4a5bb.jpg,candidate-source-0105,True,unverified-source-group-suggestion
quality:162,quality,train,Fresh Dragon Fruit,dataset/public/prepared/quality/6ded756dbb07f0a8a8d7682a90b2a90ed8b5fd2697004a69d8590564606a7923.jpg,candidate-source-0106,False,unverified-source-group-suggestion
maturity:1408,maturity,train,Mature Dragon Fruit,dataset/public/prepared/maturity/f24268225526a1d93f8d2bd3b9d58d9baafc496bac2017ad97fd7cf292f2a74c.jpg,candidate-source-0106,False,unverified-source-group-suggestion
quality:163,quality,train,Fresh Dragon Fruit,dataset/public/prepared/quality/57e5fb8bf3d7bae7837b5e4533c24877a921fe80da83f651d0c395e98fce0a32.jpg,candidate-source-0107,False,unverified-source-group-suggestion
quality:530,quality,train,Fresh Dragon Fruit,dataset/public/prepared/quality/96330d8177c34d4414717ab9d7bb57edd1fc9634dde991cf4f286f717062764a.jpg,candidate-source-0107,False,unverified-source-group-suggestion
maturity:1409,maturity,train,Mature Dragon Fruit,dataset/public/prepared/maturity/ddd33215d34e3f6c08d4f42d87dc8ed3093f18cae370366caacccb9a5d5046ae.jpg,candidate-source-0107,False,unverified-source-group-suggestion
maturity:1768,maturity,train,Mature Dragon Fruit,dataset/public/prepared/maturity/56c236206f88f55067447dd1a20d2b46521ab91374b82813c8a661af518e2bce.jpg,candidate-source-0107,False,unverified-source-group-suggestion
quality:164,quality,train,Fresh Dragon Fruit,dataset/public/prepared/quality/464bfa8ddeb66f42f1d425e23b8c2d4df31a091953da420d286b85d05c2880e2.jpg,candidate-source-0108,True,unverified-source-group-suggestion
maturity:1410,maturity,test,Mature Dragon Fruit,dataset/public/prepared/maturity/1ce30cbbbc9afa786567eefae1407c3c31749b1f7efc3633aef6921fb6910784.jpg,candidate-source-0108,True,unverified-source-group-suggestion
quality:165,quality,train,Fresh Dragon Fruit,dataset/public/prepared/quality/6942f5a7a15bd2d23ee14426fc56f97d26e9dba4b8e3a3be1b7702e7d751e074.jpg,candidate-source-0109,True,unverified-source-group-suggestion
quality:235,quality,test,Fresh Dragon Fruit,dataset/public/prepared/quality/10afde60afd75732a46ea5ee09dbb204e7c94548da6fc6c2394362b5c2ecdca5.jpg,candidate-source-0109,True,unverified-source-group-suggestion
quality:796,quality,train,Fresh Dragon Fruit,dataset/public/prepared/quality/993e8dc37bdb872f029a8394a4c0e5fba67ac718702947665e51ccc9ecab5b5f.jpg,candidate-source-0109,True,unverified-source-group-suggestion
maturity:1411,maturity,train,Mature Dragon Fruit,dataset/public/prepared/maturity/a8725a39010465640805c4c401bf689bfdb450e13903be9d1426721ae7a2725c.jpg,candidate-source-0109,True,unverified-source-group-suggestion
maturity:1466,maturity,train,Mature Dragon Fruit,dataset/public/prepared/maturity/9d9657a4da4e574b2e4e951d85602ac6fea2c82f6a6004b14cd8f9c8fb180db1.jpg,candidate-source-0109,True,unverified-source-group-suggestion
maturity:1573,maturity,train,Mature Dragon Fruit,dataset/public/prepared/maturity/704f20aca007923f2b2ddefa1230a7880c6bb515b246eee37e837dc2f4f7b80a.jpg,candidate-source-0109,True,unverified-source-group-suggestion
quality:169,quality,train,Fresh Dragon Fruit,dataset/public/prepared/quality/0344fbc1bcf62baea2816121b6b3ffcf84f753c8427f4308497e27f096d826db.jpg,candidate-source-0110,False,unverified-source-group-suggestion
maturity:1401,maturity,train,Mature Dragon Fruit,dataset/public/prepared/maturity/5915caa9a5b60c20fdcc1ba549c0c5d176401c2cd33391deaca8d8cf2497d395.jpg,candidate-source-0110,False,unverified-source-group-suggestion
quality:17,quality,train,Fresh Dragon Fruit,dataset/public/prepared/quality/90cfacdee76a2d04d0d1261244a87a103877c6095d1a94c2545662a9412f44eb.jpg,candidate-source-0111,False,unverified-source-group-suggestion
maturity:1254,maturity,train,Mature Dragon Fruit,dataset/public/prepared/maturity/4c699b3694b9467554222cff8583ce2cee5dee1773a246856c9f6b63defaf469.jpg,candidate-source-0111,False,unverified-source-group-suggestion
quality:170,quality,val,Fresh Dragon Fruit,dataset/public/prepared/quality/1d86c7de91070069f63bc869793a5fe8f351975b30445ed72262ca5f183f65b8.jpg,candidate-source-0112,True,unverified-source-group-suggestion
maturity:1402,maturity,train,Mature Dragon Fruit,dataset/public/prepared/maturity/83803e8017cfa3db74b100330b221d326f997415873816d34b4164f1091bcbb2.jpg,candidate-source-0112,True,unverified-source-group-suggestion
quality:171,quality,train,Fresh Dragon Fruit,dataset/public/prepared/quality/4843b0e2a0025f6fbce93fcaaf88ad8f0f3cd5c1b3800516213b41c88ddb790b.jpg,candidate-source-0113,True,unverified-source-group-suggestion
maturity:1403,maturity,val,Mature Dragon Fruit,dataset/public/prepared/maturity/21bf673c1fbc661167af9c690b273abe20646577fad248fcb7955f5aee26252d.jpg,candidate-source-0113,True,unverified-source-group-suggestion
quality:172,quality,val,Fresh Dragon Fruit,dataset/public/prepared/quality/4b403d883e7a53e465b75101768e9151672d03f250f0a04408ff3f83858e7ffb.jpg,candidate-source-0114,True,unverified-source-group-suggestion
maturity:1404,maturity,test,Mature Dragon Fruit,dataset/public/prepared/maturity/a46a903cf3d64475e6996c31faab34c9af846ebfdac36ab41f91d4d85daa807b.jpg,candidate-source-0114,True,unverified-source-group-suggestion
quality:173,quality,train,Fresh Dragon Fruit,dataset/public/prepared/quality/6c38c993c20de03fd206bded4cc4fb9bec5c7d3e09416edaf473b3790acebc2b.jpg,candidate-source-0115,False,unverified-source-group-suggestion
maturity:1405,maturity,train,Mature Dragon Fruit,dataset/public/prepared/maturity/40175e5091505438f7eb2ce459361538f6b080d25e24cdd36725131b044c61fa.jpg,candidate-source-0115,False,unverified-source-group-suggestion
quality:174,quality,train,Fresh Dragon Fruit,dataset/public/prepared/quality/ab097d57a4cbcff7a70899ae5c4086c8f6026e871c5d244280919d71cba5c975.jpg,candidate-source-0116,False,unverified-source-group-suggestion
quality:757,quality,train,Fresh Dragon Fruit,dataset/public/prepared/quality/a7fbc4e165dbbc49fc3e17dc5ac930fa723079d28b922b8aae1ee7b2c9f383a2.jpg,candidate-source-0116,False,unverified-source-group-suggestion
maturity:1406,maturity,train,Mature Dragon Fruit,dataset/public/prepared/maturity/39fe12380c66697a01a93b8ec4d993e35701acf807f9e07c9ea7a4568955bc15.jpg,candidate-source-0116,False,unverified-source-group-suggestion
maturity:1902,maturity,train,Mature Dragon Fruit,dataset/public/prepared/maturity/1ebcc6583f73f143bde639279a04b65e6cd14336eaad74c3e82d5401f760662a.jpg,candidate-source-0116,False,unverified-source-group-suggestion
quality:175,quality,test,Fresh Dragon Fruit,dataset/public/prepared/quality/fbb1fabbeb90f436d85a5b1eb2582a00ae28b8676c8e1be8648962cc9bc53289.jpg,candidate-source-0117,True,unverified-source-group-suggestion
maturity:1393,maturity,train,Mature Dragon Fruit,dataset/public/prepared/maturity/efb158db3e64c52dffe738dd52d3048667df4df1ebe816395004ebc8d8a1e701.jpg,candidate-source-0117,True,unverified-source-group-suggestion
quality:176,quality,train,Fresh Dragon Fruit,dataset/public/prepared/quality/b380d752229ee938954f7b4a16279cb2b9aa31fbfe9adb40b41606d797040309.jpg,candidate-source-0118,True,unverified-source-group-suggestion
maturity:1911,maturity,val,Mature Dragon Fruit,dataset/public/prepared/maturity/614b3649d2ea7975108c9094c5cac927353f1fa4485be450dedef07ff49d015b.jpg,candidate-source-0118,True,unverified-source-group-suggestion
quality:177,quality,train,Fresh Dragon Fruit,dataset/public/prepared/quality/678ed11cb6bf4c3e7dc6dab0f08f4a7534d3f233a8649df2cdb93978c4ceda98.jpg,candidate-source-0119,True,unverified-source-group-suggestion
quality:215,quality,test,Fresh Dragon Fruit,dataset/public/prepared/quality/b4ffc6a27d3feb4d5eda59e340d1655e1f08e34f1465658ddb808f9077a3578b.jpg,candidate-source-0119,True,unverified-source-group-suggestion
maturity:1637,maturity,test,Mature Dragon Fruit,dataset/public/prepared/maturity/0339eb3dc9265453a231a38ee1c6ffd23533154ff72ff0d43925e474f37486f4.jpg,candidate-source-0119,True,unverified-source-group-suggestion
quality:178,quality,test,Fresh Dragon Fruit,dataset/public/prepared/quality/1a8cb439f59cf736cf3f24de00eae84c103835da49ed6102dd14fa974f4212de.jpg,candidate-source-0120,True,unverified-source-group-suggestion
maturity:1396,maturity,train,Mature Dragon Fruit,dataset/public/prepared/maturity/83e670987b3b3792697e5455a8b263e0dd9ff0b96e825dcce72fa57273c8e6bd.jpg,candidate-source-0120,True,unverified-source-group-suggestion
quality:179,quality,train,Fresh Dragon Fruit,dataset/public/prepared/quality/4a4968cf63fd922a15ab88869a5755d6afdc45f8dcbfb8edb3eceb5e3c41cb8d.jpg,candidate-source-0121,False,unverified-source-group-suggestion
quality:327,quality,train,Fresh Dragon Fruit,dataset/public/prepared/quality/efb306e53d47bb605e881cae88398f5756f766c78db0549357a824d3df5bf248.jpg,candidate-source-0121,False,unverified-source-group-suggestion
quality:744,quality,train,Fresh Dragon Fruit,dataset/public/prepared/quality/39ae176e35ab58955ae5a51361212f30826da1de084da1a8b0846ffb13fcb9e5.jpg,candidate-source-0121,False,unverified-source-group-suggestion
maturity:1777,maturity,train,Mature Dragon Fruit,dataset/public/prepared/maturity/8aa1d95da92c4e590aa8fe7f9651ef203238647f4bdec10155b2d087c8c4beee.jpg,candidate-source-0121,False,unverified-source-group-suggestion
maturity:1965,maturity,train,Mature Dragon Fruit,dataset/public/prepared/maturity/3afa57dea35732d778637a748a41fe71ca5f230d6a42e3ddb9b5ae9163149ba7.jpg,candidate-source-0121,False,unverified-source-group-suggestion
maturity:2102,maturity,train,Mature Dragon Fruit,dataset/public/prepared/maturity/79d8c73ea811978456b2d970351afda5b942887dedbcebb022e555b6d14746f0.jpg,candidate-source-0121,False,unverified-source-group-suggestion
quality:18,quality,train,Fresh Dragon Fruit,dataset/public/prepared/quality/e98063a949fb3c6d3269b19eb8b4c2b6fa827343799fae9eff16ee446498508c.jpg,candidate-source-0122,True,unverified-source-group-suggestion
quality:546,quality,val,Fresh Dragon Fruit,dataset/public/prepared/quality/db2fd872c172bdda94164784cedf1b0ea150cd002975e833d2d99af7c99d6f10.jpg,candidate-source-0122,True,unverified-source-group-suggestion
maturity:1255,maturity,train,Mature Dragon Fruit,dataset/public/prepared/maturity/79e0be47a20e317f5274e25fc9feddaad8ab632c85cf448793810804aa256f7d.jpg,candidate-source-0122,True,unverified-source-group-suggestion
maturity:1907,maturity,test,Mature Dragon Fruit,dataset/public/prepared/maturity/7a47e2c1481a6b82317e04e74ee64fdaf05d2716591b988bad020ff81e754035.jpg,candidate-source-0122,True,unverified-source-group-suggestion
quality:180,quality,train,Fresh Dragon Fruit,dataset/public/prepared/quality/58c519c49ec2dfe311a1c5c786e2353095292695d4c049d441e38d439d41a167.jpg,candidate-source-0123,False,unverified-source-group-suggestion
maturity:1339,maturity,train,Mature Dragon Fruit,dataset/public/prepared/maturity/316bd2364d18c621850c6389e32f4778321e6bcb914c5aea739fc4c822e260ba.jpg,candidate-source-0123,False,unverified-source-group-suggestion
quality:182,quality,train,Fresh Dragon Fruit,dataset/public/prepared/quality/21f81730ccbd3097ee9302fec099a56384c08168e103d3b39b08ba9f3a22dedd.jpg,candidate-source-0124,False,unverified-source-group-suggestion
maturity:1266,maturity,train,Mature Dragon Fruit,dataset/public/prepared/maturity/5e7c02458cad97e068a727c5b51d4d4c0ef213da8fd059737b5b14ca5a049900.jpg,candidate-source-0124,False,unverified-source-group-suggestion
quality:183,quality,train,Fresh Dragon Fruit,dataset/public/prepared/quality/36962c00ab833ec1c000ad7b96cfa7c9e610eb10f16f3948158825b8e5421c4d.jpg,candidate-source-0125,False,unverified-source-group-suggestion
maturity:2007,maturity,train,Mature Dragon Fruit,dataset/public/prepared/maturity/e27b5fe5db53f72c3a4b54d873744d4ae743db68a908974b9fe2681f6808aed2.jpg,candidate-source-0125,False,unverified-source-group-suggestion
quality:184,quality,train,Fresh Dragon Fruit,dataset/public/prepared/quality/5bdca316548c6ac63c1f25a3af8ea7d4189fd64318ba1692936c23e50e5b2d8e.jpg,candidate-source-0126,True,unverified-source-group-suggestion
maturity:1449,maturity,test,Mature Dragon Fruit,dataset/public/prepared/maturity/947d275c72013e3f437977832777f68b25ddc6b03448299c8b43f95401c72a09.jpg,candidate-source-0126,True,unverified-source-group-suggestion
quality:185,quality,train,Fresh Dragon Fruit,dataset/public/prepared/quality/e1d72f2aaa0d12561f128084c4dd85daaf0a6190ebc22161dad6146a931351e6.jpg,candidate-source-0127,False,unverified-source-group-suggestion
quality:857,quality,train,Fresh Dragon Fruit,dataset/public/prepared/quality/fcfc3d58134bbe8db1d01f61adaaa130dd66b4879aefd1e87f05efba252833c9.jpg,candidate-source-0127,False,unverified-source-group-suggestion
maturity:1337,maturity,train,Mature Dragon Fruit,dataset/public/prepared/maturity/8e83c77a823eeebd2e644a0244773368aee13de3caaf7bf790d91652fedd60ee.jpg,candidate-source-0127,False,unverified-source-group-suggestion
maturity:2094,maturity,train,Mature Dragon Fruit,dataset/public/prepared/maturity/37f5f9297c9b2f8cadd9d5543c4ebd9c198d0a554adbdad9f66e6d84a22fdf42.jpg,candidate-source-0127,False,unverified-source-group-suggestion
quality:186,quality,train,Fresh Dragon Fruit,dataset/public/prepared/quality/c0058f980055a56222ae16280aaf79599d030c575d9478f8b44ba89dc48ff942.jpg,candidate-source-0128,False,unverified-source-group-suggestion
maturity:1451,maturity,train,Mature Dragon Fruit,dataset/public/prepared/maturity/fc249c4c00a6aa000e4aa55541928086851001ac967c3da2803542020af4f095.jpg,candidate-source-0128,False,unverified-source-group-suggestion
quality:187,quality,train,Fresh Dragon Fruit,dataset/public/prepared/quality/10078b8a526420ebedebc4190331d39d62b08700615ce1479d25a1ce2cdaf1a0.jpg,candidate-source-0129,False,unverified-source-group-suggestion
maturity:1452,maturity,train,Mature Dragon Fruit,dataset/public/prepared/maturity/7d0b544ee81b9b6ba9e1c43bb783b613b0b82e01e9ffa7db71fe755f69f4e320.jpg,candidate-source-0129,False,unverified-source-group-suggestion
quality:188,quality,test,Fresh Dragon Fruit,dataset/public/prepared/quality/810118b7a2382b20784056519ec871db342df896fcc3d5f26f04aa0b3b96d434.jpg,candidate-source-0130,True,unverified-source-group-suggestion
maturity:1518,maturity,val,Mature Dragon Fruit,dataset/public/prepared/maturity/99b8c992cae4ca96bd62a0eb28521935779db7daddfa4319c5c9567405b45948.jpg,candidate-source-0130,True,unverified-source-group-suggestion
quality:189,quality,train,Fresh Dragon Fruit,dataset/public/prepared/quality/4de15d4faa1f0ffcc429e2cc73a74953828d247d480cfcbed9844d67c8bddb53.jpg,candidate-source-0131,True,unverified-source-group-suggestion
quality:839,quality,test,Fresh Dragon Fruit,dataset/public/prepared/quality/48b755c63f29704a3460a6778119d8174c362545d465efcfac7170feebeec75b.jpg,candidate-source-0131,True,unverified-source-group-suggestion
maturity:1440,maturity,train,Mature Dragon Fruit,dataset/public/prepared/maturity/2f0e29b48df80a36c0a8951eeba7f3290030afdb88396c795503209c64c01515.jpg,candidate-source-0131,True,unverified-source-group-suggestion
maturity:2060,maturity,test,Mature Dragon Fruit,dataset/public/prepared/maturity/9687c80a731b8f71b9b583626a7856dbe09ba4e6f44ea62c21a1029f7f8682cd.jpg,candidate-source-0131,True,unverified-source-group-suggestion
quality:19,quality,train,Fresh Dragon Fruit,dataset/public/prepared/quality/18be5458533917b46a4f5e3f0f4d4b8180c47cd6e93bb2da042a29c47a8225d8.jpg,candidate-source-0132,False,unverified-source-group-suggestion
maturity:1256,maturity,train,Mature Dragon Fruit,dataset/public/prepared/maturity/d1c899cd502b1b4681ac1cf31b8d0f597674079f5e59a7a44d351615b9ece515.jpg,candidate-source-0132,False,unverified-source-group-suggestion
quality:190,quality,train,Fresh Dragon Fruit,dataset/public/prepared/quality/3f5fdcd9d3d7818e49aad513d3c6ba335cd95720f68628d04016762132497bee.jpg,candidate-source-0133,False,unverified-source-group-suggestion
maturity:1441,maturity,train,Mature Dragon Fruit,dataset/public/prepared/maturity/7bf56ea51f0114150730cc4a4bd1742d1448250e1fab4252d90f62a055105113.jpg,candidate-source-0133,False,unverified-source-group-suggestion
quality:191,quality,train,Fresh Dragon Fruit,dataset/public/prepared/quality/17e07095712ae1c9c854bba8ef710accdbf9b7f0af6874432110079e87061497.jpg,candidate-source-0134,True,unverified-source-group-suggestion
maturity:1442,maturity,val,Mature Dragon Fruit,dataset/public/prepared/maturity/7919d13f726afb25330111133c3aeafee7d5fa5aa152fa232b10b1a0814f6c9a.jpg,candidate-source-0134,True,unverified-source-group-suggestion
quality:193,quality,train,Fresh Dragon Fruit,dataset/public/prepared/quality/b029b87788e9463939c2aa081211624e8634610359d7af44ad3e7f02bc421a2d.jpg,candidate-source-0135,False,unverified-source-group-suggestion
maturity:1444,maturity,train,Mature Dragon Fruit,dataset/public/prepared/maturity/10468b6870432a0c1ab048074fa64f6fdb08b0607f7b7dd1c7a27de9a7b5ed9e.jpg,candidate-source-0135,False,unverified-source-group-suggestion
quality:194,quality,test,Fresh Dragon Fruit,dataset/public/prepared/quality/9492b03b4a7b0a30960bcfff91b098b317c89312b5de1179b4780bfd4dc0d601.jpg,candidate-source-0136,True,unverified-source-group-suggestion
maturity:1445,maturity,train,Mature Dragon Fruit,dataset/public/prepared/maturity/0b13fc5947287be6f3a14eb3b34d7f4699f145a165c44013b62ca54f553b74d8.jpg,candidate-source-0136,True,unverified-source-group-suggestion
quality:195,quality,train,Fresh Dragon Fruit,dataset/public/prepared/quality/34c44ee870ff838c0051ac7b0a686ff7fc1e98ba5338527fd3bba33c72086807.jpg,candidate-source-0137,True,unverified-source-group-suggestion
maturity:1446,maturity,test,Mature Dragon Fruit,dataset/public/prepared/maturity/e893e3042baeef70ec566a59985b4b00b530931df11684a6fe4ea1bf196460d0.jpg,candidate-source-0137,True,unverified-source-group-suggestion
quality:196,quality,train,Fresh Dragon Fruit,dataset/public/prepared/quality/261ba809d6d1c3756fca3ae7b8151d31945da63c4debbcdb2ad404a81520f6ed.jpg,candidate-source-0138,False,unverified-source-group-suggestion
maturity:1433,maturity,train,Mature Dragon Fruit,dataset/public/prepared/maturity/b85e30131708fa0405794e1907400c993ecc89d96523a922af05c54e8287af19.jpg,candidate-source-0138,False,unverified-source-group-suggestion
quality:198,quality,val,Fresh Dragon Fruit,dataset/public/prepared/quality/bd640437c71f7f42ad8496aa5975ece5039e406b2b731de04c365b210dfda80d.jpg,candidate-source-0139,False,unverified-source-group-suggestion
maturity:1435,maturity,val,Mature Dragon Fruit,dataset/public/prepared/maturity/80c7d0b4657c60ea61631b299baf91f6a483bba6c0a0988bb33e64774db778a7.jpg,candidate-source-0139,False,unverified-source-group-suggestion
quality:199,quality,val,Fresh Dragon Fruit,dataset/public/prepared/quality/a6201b3d6ac2ee07f2cf6219f43adcd7cf8a389f71d206dacfe0a544b919ab73.jpg,candidate-source-0140,True,unverified-source-group-suggestion
maturity:1436,maturity,train,Mature Dragon Fruit,dataset/public/prepared/maturity/b7c90b303afaad7b9d6e01280082f07c767b30e5a159a81301393b1e607a6f31.jpg,candidate-source-0140,True,unverified-source-group-suggestion
quality:2,quality,train,Fresh Dragon Fruit,dataset/public/prepared/quality/a53c727f8052518dded72c0223f36481da1aa87692fa9eb526eeae96a1ed0947.jpg,candidate-source-0141,False,unverified-source-group-suggestion
maturity:1267,maturity,train,Mature Dragon Fruit,dataset/public/prepared/maturity/7e606cad347be44028a42facb2538c230368d4429c05af2f7e6c65cb5a976c63.jpg,candidate-source-0141,False,unverified-source-group-suggestion
quality:20,quality,train,Fresh Dragon Fruit,dataset/public/prepared/quality/39333f26979908b1e3d5b82c40261877541eed0fe2d1d52ba7aa7915a0db1f04.jpg,candidate-source-0142,False,unverified-source-group-suggestion
maturity:1257,maturity,train,Mature Dragon Fruit,dataset/public/prepared/maturity/bdb690fd93c418ae20604a4e9887b09afd0e7d5c5c7891fac15259ba6b173e7c.jpg,candidate-source-0142,False,unverified-source-group-suggestion
quality:200,quality,val,Fresh Dragon Fruit,dataset/public/prepared/quality/14b92758caae27ec4391fd4d4860371fec88ab087804c337d9f2275da6836867.jpg,candidate-source-0143,True,unverified-source-group-suggestion
quality:522,quality,train,Fresh Dragon Fruit,dataset/public/prepared/quality/e9108247b3e3d76270205a926a9beb92a7827ade117fcd32fcc12ec119b5da1e.jpg,candidate-source-0143,True,unverified-source-group-suggestion
maturity:1437,maturity,train,Mature Dragon Fruit,dataset/public/prepared/maturity/a69bd791fb36b5761aa10190c94df2e4898e3a8b0032d9b589ed52a77ac9e055.jpg,candidate-source-0143,True,unverified-source-group-suggestion
maturity:1735,maturity,val,Mature Dragon Fruit,dataset/public/prepared/maturity/ab322f0e9c75ba1095da1b9f04c2ef0b397f751079b6fce07cd20e568f26b605.jpg,candidate-source-0143,True,unverified-source-group-suggestion
quality:201,quality,train,Fresh Dragon Fruit,dataset/public/prepared/quality/2f307c95e5904420f9bdaf40681e70262177be721c96f9c728dd51dfb7466a1d.jpg,candidate-source-0144,False,unverified-source-group-suggestion
maturity:1438,maturity,train,Mature Dragon Fruit,dataset/public/prepared/maturity/4cd45275927bcbf44249f04b2f0394204fcb843a570c5bd8c587c898c88d36f1.jpg,candidate-source-0144,False,unverified-source-group-suggestion
quality:202,quality,val,Fresh Dragon Fruit,dataset/public/prepared/quality/df87f66b7e7ae621a31313851c0ee35f65281ed878b0d85c88808bb099758f7a.jpg,candidate-source-0145,False,unverified-source-group-suggestion
maturity:1439,maturity,val,Mature Dragon Fruit,dataset/public/prepared/maturity/e0f8562f4def31d6d99442430bc76f376d3f5d7d344d23e66f9225e13fa11755.jpg,candidate-source-0145,False,unverified-source-group-suggestion
quality:204,quality,train,Fresh Dragon Fruit,dataset/public/prepared/quality/710ec4b36314fa2cb52138a8d9a520f606d6da590b1ba86f77dc478571fc5d02.jpg,candidate-source-0146,False,unverified-source-group-suggestion
maturity:1244,maturity,train,Mature Dragon Fruit,dataset/public/prepared/maturity/0ba321180745095b71f4d7d97da15932dbee032ab458bf992cbef086e75fc573.jpg,candidate-source-0146,False,unverified-source-group-suggestion
quality:206,quality,train,Fresh Dragon Fruit,dataset/public/prepared/quality/22ed13ab71bec4fc30ecfb4e6ad7df0026294023599139454c492f20b54a582d.jpg,candidate-source-0147,True,unverified-source-group-suggestion
quality:234,quality,test,Fresh Dragon Fruit,dataset/public/prepared/quality/8d3cc7e21a270031726baafa6e87dd6ddcdef906d681b018ecdbcaaca59f84e0.jpg,candidate-source-0147,True,unverified-source-group-suggestion
quality:745,quality,train,Fresh Dragon Fruit,dataset/public/prepared/quality/29e2dbed1d22f35a51d3f04a7da4ceb189a66436bb680f6163af8452eb90ce65.jpg,candidate-source-0147,True,unverified-source-group-suggestion
quality:859,quality,train,Fresh Dragon Fruit,dataset/public/prepared/quality/ae46c0cda477931962cf3e61274389c5a3310c045030c1801fffe65f9b1bc89f.jpg,candidate-source-0147,True,unverified-source-group-suggestion
maturity:1426,maturity,test,Mature Dragon Fruit,dataset/public/prepared/maturity/969c10eb09f57a264d1506baaab9203d19b948468543e47f16293a5874310ca3.jpg,candidate-source-0147,True,unverified-source-group-suggestion
maturity:1465,maturity,train,Mature Dragon Fruit,dataset/public/prepared/maturity/0adbee882b7de7f79b1719ea425e9d77edaedda90a7254b3d6d3972fd8b8c191.jpg,candidate-source-0147,True,unverified-source-group-suggestion
maturity:1966,maturity,train,Mature Dragon Fruit,dataset/public/prepared/maturity/b6d4ddbe575034a943b89e4fd6557f8cc5db3972d1dc9b59a35ba62a45132de6.jpg,candidate-source-0147,True,unverified-source-group-suggestion
maturity:2096,maturity,train,Mature Dragon Fruit,dataset/public/prepared/maturity/6c1b0ba1f44faa309d9ed291c6361bc94c39d20cd33fe49e04845fa8bd4947f3.jpg,candidate-source-0147,True,unverified-source-group-suggestion
quality:207,quality,train,Fresh Dragon Fruit,dataset/public/prepared/quality/0c6337954dc61f3ef2077969246d0f1b184fddf0c07693d9078a2185895c61fc.jpg,candidate-source-0148,False,unverified-source-group-suggestion
maturity:1981,maturity,train,Mature Dragon Fruit,dataset/public/prepared/maturity/616b71a707299941196d09f38d3de1b8361e5b5d603b941e5fd5fe23ee85c8a2.jpg,candidate-source-0148,False,unverified-source-group-suggestion
quality:208,quality,train,Fresh Dragon Fruit,dataset/public/prepared/quality/1d0caab51501e58c18ba3c641464340ff446c21c68571a5295051e26df09c4e2.jpg,candidate-source-0149,False,unverified-source-group-suggestion
maturity:1428,maturity,train,Mature Dragon Fruit,dataset/public/prepared/maturity/d6f3999ddb36d3f89b66ab2481d6399f4530236112110c4b98546ce70188a890.jpg,candidate-source-0149,False,unverified-source-group-suggestion
quality:21,quality,train,Fresh Dragon Fruit,dataset/public/prepared/quality/02c93059788bb5cf9c6f00d38c26c5b4b87858978e422af40878debcc6a71fc1.jpg,candidate-source-0150,False,unverified-source-group-suggestion
maturity:1241,maturity,train,Mature Dragon Fruit,dataset/public/prepared/maturity/8a5dc62519b883207b32f180376f77b22374990b2597e532939cce36c36b10ca.jpg,candidate-source-0150,False,unverified-source-group-suggestion
quality:210,quality,test,Fresh Dragon Fruit,dataset/public/prepared/quality/e03a49f25a4d7fd37139e4fd76b600fe6d7e145340d95fa6bd03179c4c57f561.jpg,candidate-source-0151,True,unverified-source-group-suggestion
maturity:1430,maturity,train,Mature Dragon Fruit,dataset/public/prepared/maturity/583dafe86699ea34b407bfd135a0f3efcf29e96e7c44013d99b873c358569e5d.jpg,candidate-source-0151,True,unverified-source-group-suggestion
quality:211,quality,train,Fresh Dragon Fruit,dataset/public/prepared/quality/c5f36d1ab65e4b65119f10fbe3dc93fab49fac39c74b7576447a68af5cfe93c0.jpg,candidate-source-0152,False,unverified-source-group-suggestion
maturity:1431,maturity,train,Mature Dragon Fruit,dataset/public/prepared/maturity/d086789a9e9f7c90f517aa7191c00585f7e029897f709293fbd05b95e7fd27ae.jpg,candidate-source-0152,False,unverified-source-group-suggestion
quality:212,quality,val,Fresh Dragon Fruit,dataset/public/prepared/quality/fed82c1d7a90345782aee87c9d2deae36b8cc577c8d1bc333ab3449508349c37.jpg,candidate-source-0153,True,unverified-source-group-suggestion
maturity:1355,maturity,test,Mature Dragon Fruit,dataset/public/prepared/maturity/97a72077c0b5077365f8fab449dcda7dc437a5a42d995c97d567f8ac8990b01b.jpg,candidate-source-0153,True,unverified-source-group-suggestion
quality:213,quality,test,Fresh Dragon Fruit,dataset/public/prepared/quality/d52984914e0028a8a448dced5a613f2f991340be3e315f29f78054aaa0b9f5f8.jpg,candidate-source-0154,True,unverified-source-group-suggestion
quality:419,quality,test,Fresh Dragon Fruit,dataset/public/prepared/quality/aebf72401e393c615a867b34fb22e8f25c2333157d82591335c14e9c09ddf1ea.jpg,candidate-source-0154,True,unverified-source-group-suggestion
maturity:1475,maturity,val,Mature Dragon Fruit,dataset/public/prepared/maturity/4bdc7a6ae22d2ab6f7be82effb04f391c3a6da742bf504bb9748ad821bf9344e.jpg,candidate-source-0154,True,unverified-source-group-suggestion
maturity:1648,maturity,val,Mature Dragon Fruit,dataset/public/prepared/maturity/1cce37d7ea07b559b6bc659412f7701b4649d37de8abbd4a61f8d0862a367fde.jpg,candidate-source-0154,True,unverified-source-group-suggestion
quality:214,quality,train,Fresh Dragon Fruit,dataset/public/prepared/quality/2fe2ae966069440f6983d2add4834d335fd7c7b41f6862f4931ba97935f61e1f.jpg,candidate-source-0155,False,unverified-source-group-suggestion
maturity:1297,maturity,train,Mature Dragon Fruit,dataset/public/prepared/maturity/f366a26f0ad1541fecda13049dd3784523a15771d27d31a2e8f6847a0e8d1e65.jpg,candidate-source-0155,False,unverified-source-group-suggestion
quality:216,quality,train,Fresh Dragon Fruit,dataset/public/prepared/quality/c36ab2b0f12cd9ac097788772b420c002b626b79ed6a247158395b2cf9e2f87f.jpg,candidate-source-0156,False,unverified-source-group-suggestion
maturity:1478,maturity,train,Mature Dragon Fruit,dataset/public/prepared/maturity/f3950834aaef9c17bc1ec2d356dd4fe801f01b01e86fb7a3d8f1bf84cd813aa2.jpg,candidate-source-0156,False,unverified-source-group-suggestion
quality:217,quality,val,Fresh Dragon Fruit,dataset/public/prepared/quality/e08e77058f7aed20e2980d35fe2227b7f170338adab70cb427cc739c187c6577.jpg,candidate-source-0157,True,unverified-source-group-suggestion
maturity:1479,maturity,train,Mature Dragon Fruit,dataset/public/prepared/maturity/aa67fac29000b6dac479447f38a7c5dda3e0f6d75014311bd6274d3175f442a1.jpg,candidate-source-0157,True,unverified-source-group-suggestion
quality:218,quality,val,Fresh Dragon Fruit,dataset/public/prepared/quality/1544f78f2b8cff419b6379f6f7ef39914842e45cfbd648a78ef23b8ffd99ba4e.jpg,candidate-source-0158,True,unverified-source-group-suggestion
quality:709,quality,train,Fresh Dragon Fruit,dataset/public/prepared/quality/1e01e147a44c9b570f9618ce63d21357cf196695223dc9bfdb5c28de05b17366.jpg,candidate-source-0158,True,unverified-source-group-suggestion
maturity:1480,maturity,train,Mature Dragon Fruit,dataset/public/prepared/maturity/8ba15ca93aef11143578d6c30141a27d456225a5f11d07518225a1af3f22d1b2.jpg,candidate-source-0158,True,unverified-source-group-suggestion
maturity:1946,maturity,train,Mature Dragon Fruit,dataset/public/prepared/maturity/6fcebe817b538e233cc45faefbaaabf309a09888d14d8b331f81f6e71ab5a8cd.jpg,candidate-source-0158,True,unverified-source-group-suggestion
quality:219,quality,train,Fresh Dragon Fruit,dataset/public/prepared/quality/8b6060d078f795a5d2edf49bf5fe74ba39a9cab1d19ba6845600bee884d7bd0d.jpg,candidate-source-0159,False,unverified-source-group-suggestion
maturity:1422,maturity,train,Mature Dragon Fruit,dataset/public/prepared/maturity/855a77917013cd33b37394275dae91c62d957970092a1a165cbff1adc9c7a96b.jpg,candidate-source-0159,False,unverified-source-group-suggestion
quality:220,quality,train,Fresh Dragon Fruit,dataset/public/prepared/quality/df6374144445b775b88b596beb20fed7b61a1c2f0eece74d2f25997724ec14e8.jpg,candidate-source-0160,True,unverified-source-group-suggestion
quality:477,quality,train,Fresh Dragon Fruit,dataset/public/prepared/quality/215068cdd6d47972e354db3712a3a89ea392197c50200d933332a2bccb0a55d6.jpg,candidate-source-0160,True,unverified-source-group-suggestion
maturity:1482,maturity,train,Mature Dragon Fruit,dataset/public/prepared/maturity/ba497fee0e99a22105727478f6a07da628447ae692c36c0c865ab41db902ea60.jpg,candidate-source-0160,True,unverified-source-group-suggestion
maturity:1705,maturity,val,Mature Dragon Fruit,dataset/public/prepared/maturity/1106f398d0025747bf4be334740f70e8ded61d9fea83c77a274a9b838394d425.jpg,candidate-source-0160,True,unverified-source-group-suggestion
quality:221,quality,val,Fresh Dragon Fruit,dataset/public/prepared/quality/7af547fc31b8caab51b28ede4b3ab61e47b67d16a45301a607404f2985e20ac8.jpg,candidate-source-0161,True,unverified-source-group-suggestion
maturity:1421,maturity,train,Mature Dragon Fruit,dataset/public/prepared/maturity/7f714708bb651c069d058c2197d96a4bfaf67c5bcd6128fea960dfedb2b71ee6.jpg,candidate-source-0161,True,unverified-source-group-suggestion
quality:222,quality,train,Fresh Dragon Fruit,dataset/public/prepared/quality/d62e00f8c5396c02d868221839d042bcddcb6eabc1419dab7ae4f1e248c243c9.jpg,candidate-source-0162,True,unverified-source-group-suggestion
quality:754,quality,train,Fresh Dragon Fruit,dataset/public/prepared/quality/aea88c581ee26a5d555f6c24c87a1018b7a756fa4a36e816fefa664bc08a9d0b.jpg,candidate-source-0162,True,unverified-source-group-suggestion
maturity:1394,maturity,test,Mature Dragon Fruit,dataset/public/prepared/maturity/a380d733ed8cb7486bf3527844314ac591ae41ecb92c39c1761b52e04457f363.jpg,candidate-source-0162,True,unverified-source-group-suggestion
maturity:1951,maturity,train,Mature Dragon Fruit,dataset/public/prepared/maturity/1edc72f1508c58ab1afe2f7334af5371e239c1e612ed447eb76c76420bfb4350.jpg,candidate-source-0162,True,unverified-source-group-suggestion
quality:223,quality,train,Fresh Dragon Fruit,dataset/public/prepared/quality/811b3cc020da7880cf4c75bc964345e83f5548062c4bd0ccbda34e17b8ebec59.jpg,candidate-source-0163,False,unverified-source-group-suggestion
quality:481,quality,train,Fresh Dragon Fruit,dataset/public/prepared/quality/7db45cd819214a67151bfd78323073625a79d03166ebe7f1225ee00f19dd5d22.jpg,candidate-source-0163,False,unverified-source-group-suggestion
maturity:1468,maturity,train,Mature Dragon Fruit,dataset/public/prepared/maturity/29512a21b1e443290411cdc874822b763c65920fd6c04f7cf84be8703ffd8016.jpg,candidate-source-0163,False,unverified-source-group-suggestion
maturity:1709,maturity,train,Mature Dragon Fruit,dataset/public/prepared/maturity/05eef6dde9d086af20b9625aff3e15fcf810934f0f4fdb0051330c780f82fb8f.jpg,candidate-source-0163,False,unverified-source-group-suggestion
quality:224,quality,test,Fresh Dragon Fruit,dataset/public/prepared/quality/1a34852f90e2b25a910bb5bb484821f233e65926276f15babbcc9b38f82c3a62.jpg,candidate-source-0164,True,unverified-source-group-suggestion
maturity:1469,maturity,train,Mature Dragon Fruit,dataset/public/prepared/maturity/3639fa1df8b026185d357f399836595c4094e8a8823a84af50f97565498795a8.jpg,candidate-source-0164,True,unverified-source-group-suggestion
quality:225,quality,train,Fresh Dragon Fruit,dataset/public/prepared/quality/4e462bf28f7bd2f400f47e6ddde0ce0dda3265210eb3c118d9c2b19bf49deb1c.jpg,candidate-source-0165,True,unverified-source-group-suggestion
maturity:1470,maturity,test,Mature Dragon Fruit,dataset/public/prepared/maturity/deeb47423bc313ca8cb9be8fbfbfb58b16ffa506744fb1fdfaf347d72d57ff07.jpg,candidate-source-0165,True,unverified-source-group-suggestion
quality:226,quality,train,Fresh Dragon Fruit,dataset/public/prepared/quality/38c70320cea5cb5212031631cadeee9f52473e2d4ec881dd5c89bd649a8a8d2a.jpg,candidate-source-0166,True,unverified-source-group-suggestion
quality:510,quality,train,Fresh Dragon Fruit,dataset/public/prepared/quality/f73661727e335111f8187636c108687d35220f7aa4953853b96719b2c8853a2b.jpg,candidate-source-0166,True,unverified-source-group-suggestion
maturity:1471,maturity,val,Mature Dragon Fruit,dataset/public/prepared/maturity/a739518a7b5af181c8a189149f1f7f94233e88d8752a3fed7ce03a84f0db6d9c.jpg,candidate-source-0166,True,unverified-source-group-suggestion
maturity:1719,maturity,train,Mature Dragon Fruit,dataset/public/prepared/maturity/8e550c7e55f760cf2ce7967494317104b0fcf407331c08ae2e22f073240d4615.jpg,candidate-source-0166,True,unverified-source-group-suggestion
quality:227,quality,train,Fresh Dragon Fruit,dataset/public/prepared/quality/c60da5e5fd74af4c8944c50ef1f60cd54adf67d58db4c03f25ea0cc1345fa47b.jpg,candidate-source-0167,False,unverified-source-group-suggestion
maturity:1472,maturity,train,Mature Dragon Fruit,dataset/public/prepared/maturity/15e3e44af24d43cb6dd70d464b4b230a6e0568dfab4835c29efd88d55ffbe857.jpg,candidate-source-0167,False,unverified-source-group-suggestion
quality:228,quality,train,Fresh Dragon Fruit,dataset/public/prepared/quality/a9bc783216b0a3f75d8fb389441e567c92f32cea0f7dde00b05d6e1d1964f6bd.jpg,candidate-source-0168,False,unverified-source-group-suggestion
maturity:1473,maturity,train,Mature Dragon Fruit,dataset/public/prepared/maturity/6756f041ee8625742c599057f73f93927183ced894f1c424cc7f478bb2a4a614.jpg,candidate-source-0168,False,unverified-source-group-suggestion
quality:229,quality,train,Fresh Dragon Fruit,dataset/public/prepared/quality/70e44d224760a3d89f8a507b4c81dcc961df9f92c1e85b1948b21a0835a2e108.jpg,candidate-source-0169,True,unverified-source-group-suggestion
maturity:1474,maturity,val,Mature Dragon Fruit,dataset/public/prepared/maturity/f6d541d646aabb66d383c563dfb4e73e575c02ed4a0e6ef3d5caec4fab00d2ad.jpg,candidate-source-0169,True,unverified-source-group-suggestion
quality:230,quality,train,Fresh Dragon Fruit,dataset/public/prepared/quality/13670a254a20a5d8bad0facd6a1f9d37bc6367bfd0a4f2be41d7b758677f327f.jpg,candidate-source-0170,False,unverified-source-group-suggestion
maturity:1461,maturity,train,Mature Dragon Fruit,dataset/public/prepared/maturity/bbf9b60d6a2986b5a9677d39588ffcde228a3f4f30ca4cb66b5d05daec6c2bce.jpg,candidate-source-0170,False,unverified-source-group-suggestion
quality:231,quality,train,Fresh Dragon Fruit,dataset/public/prepared/quality/e86fa7c6b0dc942f0537bbc501067207b23b0344d1330a0399511f8d3a0c9fd7.jpg,candidate-source-0171,False,unverified-source-group-suggestion
maturity:1462,maturity,train,Mature Dragon Fruit,dataset/public/prepared/maturity/6ae7154036295670eaa4b3040aa4a0eadbb109bf5a60e85ea8f808a28bf60d0d.jpg,candidate-source-0171,False,unverified-source-group-suggestion
quality:232,quality,train,Fresh Dragon Fruit,dataset/public/prepared/quality/3c0b852f19fb180df7bde1d702a9acf11f32dbc61c30a95c4fc519afc5d57616.jpg,candidate-source-0172,False,unverified-source-group-suggestion
maturity:1463,maturity,train,Mature Dragon Fruit,dataset/public/prepared/maturity/4e16506285ed60c641152ecf621e6e26fcac979ab59a780d25ede6f038aa7b2d.jpg,candidate-source-0172,False,unverified-source-group-suggestion
quality:233,quality,test,Fresh Dragon Fruit,dataset/public/prepared/quality/cdaa6b39dd2ae06b2d323eac8b17f173a7a8b6d33428f713be3289a7ae2a002a.jpg,candidate-source-0173,True,unverified-source-group-suggestion
maturity:1464,maturity,train,Mature Dragon Fruit,dataset/public/prepared/maturity/3e4c43c706ba150b73a3508c082efcec7b9dcb315b08242d3f4eb49aeb29ad02.jpg,candidate-source-0173,True,unverified-source-group-suggestion
quality:236,quality,train,Fresh Dragon Fruit,dataset/public/prepared/quality/00e7b1df06bb009d7ccc1626c3f5f28c906ecb1af690ef658278d62c5e2730ff.jpg,candidate-source-0174,True,unverified-source-group-suggestion
maturity:1467,maturity,test,Mature Dragon Fruit,dataset/public/prepared/maturity/b39498d64a9b91ac326637dbab3b7e065d6d391cf230bc44cc7fdc506268773b.jpg,candidate-source-0174,True,unverified-source-group-suggestion
quality:237,quality,train,Fresh Dragon Fruit,dataset/public/prepared/quality/62ec5a1cda06d1453588cefe27fa12ace0508a262782465ed31b1e0d7cde2b69.jpg,candidate-source-0175,True,unverified-source-group-suggestion
maturity:1454,maturity,val,Mature Dragon Fruit,dataset/public/prepared/maturity/393befdb2651b37103b6d59fa3307a1aba601f874a36ae309b7d7c9e5e25f0e2.jpg,candidate-source-0175,True,unverified-source-group-suggestion
quality:238,quality,val,Fresh Dragon Fruit,dataset/public/prepared/quality/052cbd22859d6d41b9b9fc603825c3d33d3b0de9ce23452468ede0badeb172f5.jpg,candidate-source-0176,True,unverified-source-group-suggestion
quality:346,quality,train,Fresh Dragon Fruit,dataset/public/prepared/quality/035788fcfdf41bea54d10db59747045f6da2e7bafc448278a9c0d9b7a4079ccf.jpg,candidate-source-0176,True,unverified-source-group-suggestion
maturity:1577,maturity,test,Mature Dragon Fruit,dataset/public/prepared/maturity/cf3bc6fd2b1a8194e85c80d78cf9452f35633627119d51767da95078a7aa59c3.jpg,candidate-source-0176,True,unverified-source-group-suggestion
maturity:1589,maturity,train,Mature Dragon Fruit,dataset/public/prepared/maturity/65905477268c2e99ac6a3ff6b5be81c09be300505b7c1160e7754e019a17719f.jpg,candidate-source-0176,True,unverified-source-group-suggestion
quality:239,quality,train,Fresh Dragon Fruit,dataset/public/prepared/quality/7329e02808db991f6be03e12dbae47b1bd0abf9d3735c1ba92a90377940531c1.jpg,candidate-source-0177,False,unverified-source-group-suggestion
maturity:1273,maturity,train,Mature Dragon Fruit,dataset/public/prepared/maturity/e4f960252b1236dc56bdbacd1372a7bd5d00a693c7d9b32232193366997fc714.jpg,candidate-source-0177,False,unverified-source-group-suggestion
quality:24,quality,train,Fresh Dragon Fruit,dataset/public/prepared/quality/75f1e4037d384d15077d9a1d01260581b546aa531cc893f72e81a63c70cc48bb.jpg,candidate-source-0178,False,unverified-source-group-suggestion
quality:69,quality,train,Fresh Dragon Fruit,dataset/public/prepared/quality/d8259e393ed26ab05a336de36c9873e628e651702f37f1157007032cc7df161e.jpg,candidate-source-0178,False,unverified-source-group-suggestion
maturity:1319,maturity,train,Mature Dragon Fruit,dataset/public/prepared/maturity/657c45e90c8c8af02b1cd8b419f7b1ba01969c4d73a2219f749fddb56211ddda.jpg,candidate-source-0178,False,unverified-source-group-suggestion
maturity:1398,maturity,train,Mature Dragon Fruit,dataset/public/prepared/maturity/4e15e92c97c4b36499a0a9cf8c2d79e9d0b206d29216e006c7ed49d658f2a2f3.jpg,candidate-source-0178,False,unverified-source-group-suggestion
quality:240,quality,train,Fresh Dragon Fruit,dataset/public/prepared/quality/9fba7553dbc3f8d8accb047a73fbc8befc168f624f6d9d53624eef1bf939ebcd.jpg,candidate-source-0179,True,unverified-source-group-suggestion
maturity:1457,maturity,val,Mature Dragon Fruit,dataset/public/prepared/maturity/f2de3c88894974d3493cee5927cd5a3149f8077e257e6fed67d6a657763dc0d0.jpg,candidate-source-0179,True,unverified-source-group-suggestion
quality:241,quality,val,Fresh Dragon Fruit,dataset/public/prepared/quality/4d34beb80f14b5c1938011926a56c0e5faa4e3b981cdac6c98c537c236d64b1e.jpg,candidate-source-0180,True,unverified-source-group-suggestion
maturity:1458,maturity,train,Mature Dragon Fruit,dataset/public/prepared/maturity/1c38be6ca1412e54b46ccd8d2df422ed42293a264f474eff94b81542e60fef77.jpg,candidate-source-0180,True,unverified-source-group-suggestion
quality:244,quality,train,Fresh Dragon Fruit,dataset/public/prepared/quality/8c50382490a3c52a886b5c1871cf920db7b54b01491026b3b0c7b5e982fd32ce.jpg,candidate-source-0181,False,unverified-source-group-suggestion
maturity:1508,maturity,train,Mature Dragon Fruit,dataset/public/prepared/maturity/fadf1d660064d9eea86715fb2a8ca71e1b29f6304b4f84087b6694ae4a0ff610.jpg,candidate-source-0181,False,unverified-source-group-suggestion
quality:245,quality,test,Fresh Dragon Fruit,dataset/public/prepared/quality/1ec9ac02a877111d8fc67e5eec385cedecdbdf924a8fd9c4e7fed0de3a3bf3c2.jpg,candidate-source-0182,True,unverified-source-group-suggestion
maturity:1509,maturity,train,Mature Dragon Fruit,dataset/public/prepared/maturity/203e739f7025ca60fa926953152ea7dd1d0f69295cc77891db484e60407ed2af.jpg,candidate-source-0182,True,unverified-source-group-suggestion
quality:246,quality,train,Fresh Dragon Fruit,dataset/public/prepared/quality/a4b24ea4313e27548be52624811c96512ee1fff5c209855aa11428b1d68d1491.jpg,candidate-source-0183,False,unverified-source-group-suggestion
maturity:1570,maturity,train,Mature Dragon Fruit,dataset/public/prepared/maturity/922b6fa3a1f8c3b5a7e17f7385c2fbddb10eb0b49ad347e1f30df28a95862573.jpg,candidate-source-0183,False,unverified-source-group-suggestion
quality:247,quality,train,Fresh Dragon Fruit,dataset/public/prepared/quality/025f535f9035383e34efd926cb85227a4862c11f09d4aed01679ee20fbb3cdcc.jpg,candidate-source-0184,True,unverified-source-group-suggestion
maturity:1511,maturity,test,Mature Dragon Fruit,dataset/public/prepared/maturity/938c8c506bd81a60b9f2869d1dc6ef46afbcdb66a718a9714312b6c46ed4a945.jpg,candidate-source-0184,True,unverified-source-group-suggestion
quality:248,quality,train,Fresh Dragon Fruit,dataset/public/prepared/quality/ee4c2b421efb2deeec3e32f4c57c66f2c82948bdff5d91bcd9b25b4d503b584d.jpg,candidate-source-0185,False,unverified-source-group-suggestion
maturity:1512,maturity,train,Mature Dragon Fruit,dataset/public/prepared/maturity/5c8b6640d8e09a465d5e176354a08449f67cf4366bc673b53d9b732fb3dd5305.jpg,candidate-source-0185,False,unverified-source-group-suggestion
quality:249,quality,train,Fresh Dragon Fruit,dataset/public/prepared/quality/81b55003d6269c3f6379626886daa10e78e3e1ae1351cb33c06d36cc9c171d2b.jpg,candidate-source-0186,True,unverified-source-group-suggestion
maturity:1515,maturity,test,Mature Dragon Fruit,dataset/public/prepared/maturity/60a02d9b46e69c9da7c5d2750c943ec4d375f7bf9cf39737c6075578567878ec.jpg,candidate-source-0186,True,unverified-source-group-suggestion
quality:25,quality,train,Fresh Dragon Fruit,dataset/public/prepared/quality/132eeb23d644da5bd2d8dabeb157d718d9dedc7a61723ca481de70c187c6f762.jpg,candidate-source-0187,False,unverified-source-group-suggestion
maturity:1412,maturity,train,Mature Dragon Fruit,dataset/public/prepared/maturity/157996b126ca373bf472e75aac9d22428be905aaffba088f40f922ef47c52784.jpg,candidate-source-0187,False,unverified-source-group-suggestion
quality:250,quality,train,Fresh Dragon Fruit,dataset/public/prepared/quality/83f37be4a5782637e4cc68cf092ed911d56f271f44be33c0ad9512694d1ba73a.jpg,candidate-source-0188,True,unverified-source-group-suggestion
quality:618,quality,test,Fresh Dragon Fruit,dataset/public/prepared/quality/970540f3980e516f05e123caddc78e8013f7e21987a49e32c1d758c3e800e236.jpg,candidate-source-0188,True,unverified-source-group-suggestion
maturity:1486,maturity,val,Mature Dragon Fruit,dataset/public/prepared/maturity/89e74cbcc6e6444e09156069cfb962af5cecede4ebc2cf307bb160de35ff68b0.jpg,candidate-source-0188,True,unverified-source-group-suggestion
maturity:1753,maturity,train,Mature Dragon Fruit,dataset/public/prepared/maturity/9b4269856b4e98f19bc6f75363fa15a8ab202a4a3fbe3e35a4e8ef655ea6319d.jpg,candidate-source-0188,True,unverified-source-group-suggestion
quality:251,quality,train,Fresh Dragon Fruit,dataset/public/prepared/quality/5cd1e11ffb33420814aadb3cc4f1587adab68fe1c761907f972d4a8c18468daa.jpg,candidate-source-0189,False,unverified-source-group-suggestion
maturity:1501,maturity,train,Mature Dragon Fruit,dataset/public/prepared/maturity/19f6854aa40578777141eba4a85ad9c8e1dd625471ee9d1ee7557b741eec72fd.jpg,candidate-source-0189,False,unverified-source-group-suggestion
quality:252,quality,test,Fresh Dragon Fruit,dataset/public/prepared/quality/480c5a0094d73b94f022adc91c206be27008204897419802c12944aae9ca0f10.jpg,candidate-source-0190,True,unverified-source-group-suggestion
maturity:1502,maturity,train,Mature Dragon Fruit,dataset/public/prepared/maturity/d1ac5ea8fd99fd4aa4c686520a8da43441eebb0a0355653c998efe8b3431a897.jpg,candidate-source-0190,True,unverified-source-group-suggestion
quality:253,quality,train,Fresh Dragon Fruit,dataset/public/prepared/quality/4e14d4afd7fcf7200d45e3066ae60c1bff189871c1e754fcc0211acb98b021ea.jpg,candidate-source-0191,True,unverified-source-group-suggestion
quality:864,quality,train,Fresh Dragon Fruit,dataset/public/prepared/quality/8f64816bde2ef6812086249dbeccf39275d3ce0b6d528b85ac84827810b26d7c.jpg,candidate-source-0191,True,unverified-source-group-suggestion
maturity:1503,maturity,test,Mature Dragon Fruit,dataset/public/prepared/maturity/f0bb48fc621f3977a3eaac6798745ab5c5b110efb686c2f7d82cdcc8540239c5.jpg,candidate-source-0191,True,unverified-source-group-suggestion
maturity:2090,maturity,test,Mature Dragon Fruit,dataset/public/prepared/maturity/5b7ec8cb307cda083be62ee554401047e047c0becda35b9904d49f3984216948.jpg,candidate-source-0191,True,unverified-source-group-suggestion
quality:254,quality,train,Fresh Dragon Fruit,dataset/public/prepared/quality/5eeb5756c33d66502519d619ccb5814208dd658d329e65f103d4ed24bfeba941.jpg,candidate-source-0192,False,unverified-source-group-suggestion
maturity:1504,maturity,train,Mature Dragon Fruit,dataset/public/prepared/maturity/257d3bc98b56fd25f90aaaf46dee97157552e846eae092d1d5e231da2a21af6a.jpg,candidate-source-0192,False,unverified-source-group-suggestion
quality:256,quality,test,Fresh Dragon Fruit,dataset/public/prepared/quality/7d9538c1825841dbeb5ca8ccd4db7efad16f22a29457487134b5eb3825c28fed.jpg,candidate-source-0193,True,unverified-source-group-suggestion
maturity:1506,maturity,train,Mature Dragon Fruit,dataset/public/prepared/maturity/baccad1a5ed66f2b3f5aff2ff950f1248d6ca3a86b8a9eeef0074a9b6d2ed530.jpg,candidate-source-0193,True,unverified-source-group-suggestion
quality:257,quality,train,Fresh Dragon Fruit,dataset/public/prepared/quality/0b068c8053057649ba989939789f2cb4f1822835c88a68c2eed8676f9561d376.jpg,candidate-source-0194,False,unverified-source-group-suggestion
maturity:1507,maturity,train,Mature Dragon Fruit,dataset/public/prepared/maturity/9e9d60d6179207597f7a02171049bcb9076bc0120f25a51b7860ebeb969511ea.jpg,candidate-source-0194,False,unverified-source-group-suggestion
quality:258,quality,train,Fresh Dragon Fruit,dataset/public/prepared/quality/36ec45c9fc578d8bc6b6154c3e05bd2e83de6bcdebfdeeb31a9f02647dbcb8b9.jpg,candidate-source-0195,False,unverified-source-group-suggestion
maturity:1494,maturity,train,Mature Dragon Fruit,dataset/public/prepared/maturity/2e80db273cd78eb4d00ebc1b6f52b570af3abad50cecb84b576d12835afec8b7.jpg,candidate-source-0195,False,unverified-source-group-suggestion
quality:259,quality,test,Fresh Dragon Fruit,dataset/public/prepared/quality/1f79d499466fa43fd58e8b9c5ccd3ebb8dca40f59ec69fb186733ddd1470178e.jpg,candidate-source-0196,True,unverified-source-group-suggestion
maturity:1495,maturity,train,Mature Dragon Fruit,dataset/public/prepared/maturity/bc817fee82bbe3f7f67c91f57979f4f2cac2fc9214beb275752c7ae3297d5167.jpg,candidate-source-0196,True,unverified-source-group-suggestion
quality:26,quality,test,Fresh Dragon Fruit,dataset/public/prepared/quality/db15e480acf091ce9530583013bf5772c5e56ad0503c6c0a934c5146f6a8b56c.jpg,candidate-source-0197,True,unverified-source-group-suggestion
maturity:1246,maturity,train,Mature Dragon Fruit,dataset/public/prepared/maturity/bca154c5e0008a6f7e738ad97288726f32c310f64f39a3a1acee28d6e8a4f535.jpg,candidate-source-0197,True,unverified-source-group-suggestion
quality:261,quality,train,Fresh Dragon Fruit,dataset/public/prepared/quality/17efcfb39729e7ca05379c6ccc6e4ea84b9a1ccdf7ba18560daee3b6c567b2e3.jpg,candidate-source-0198,False,unverified-source-group-suggestion
maturity:1497,maturity,train,Mature Dragon Fruit,dataset/public/prepared/maturity/f18d85af4cd8aaa488644724b6b61469387232b4bf3f3e98d92983ef7bfe8b86.jpg,candidate-source-0198,False,unverified-source-group-suggestion
quality:262,quality,val,Fresh Dragon Fruit,dataset/public/prepared/quality/b151e5ca50b53d75fcc7416133773bcada1ff6e78e6695389ee9e4753d01b820.jpg,candidate-source-0199,True,unverified-source-group-suggestion
quality:599,quality,train,Fresh Dragon Fruit,dataset/public/prepared/quality/02474a1502f911b5fac9b5ec7bb2726d0729fe6b30fe396d50a6666b17dcc260.jpg,candidate-source-0199,True,unverified-source-group-suggestion
maturity:1498,maturity,val,Mature Dragon Fruit,dataset/public/prepared/maturity/a0e123f3aa0e45cfe867ac48a465d7b5ccf9fbfe3456c33124306f44d2b85026.jpg,candidate-source-0199,True,unverified-source-group-suggestion
maturity:1543,maturity,train,Mature Dragon Fruit,dataset/public/prepared/maturity/c2bb3d3b62cf067b140831f787fca9fd5613510a6399e265db43ddb5c4eca486.jpg,candidate-source-0199,True,unverified-source-group-suggestion
quality:263,quality,val,Fresh Dragon Fruit,dataset/public/prepared/quality/8e3746652a29949f2d81c352c5f68c725e3c96ad3cc8672d3335f538da17dc3b.jpg,candidate-source-0200,True,unverified-source-group-suggestion
maturity:1499,maturity,train,Mature Dragon Fruit,dataset/public/prepared/maturity/3a3e7386c2674a4327340340b6a427ef6f8074d28010d889e3bd80cd8c2edd85.jpg,candidate-source-0200,True,unverified-source-group-suggestion
quality:264,quality,train,Fresh Dragon Fruit,dataset/public/prepared/quality/506ae97d50e266d1e626abb123dbeddde1f080b949dcca5725b36bf1a4759d23.jpg,candidate-source-0201,True,unverified-source-group-suggestion
maturity:1500,maturity,test,Mature Dragon Fruit,dataset/public/prepared/maturity/4ceda163583f081081be4f486f5fc995416d377101e9f2c5a7f48e7a92b8af59.jpg,candidate-source-0201,True,unverified-source-group-suggestion
quality:265,quality,test,Fresh Dragon Fruit,dataset/public/prepared/quality/46ad2864be4dcd9c512ca04492bf37f90407db311150afe730ba1a2636a3aa04.jpg,candidate-source-0202,True,unverified-source-group-suggestion
maturity:1837,maturity,train,Mature Dragon Fruit,dataset/public/prepared/maturity/d978231cd11c9d1a2349be96a6e75f1680b7f54a59e872ac4d663e7d37167ff2.jpg,candidate-source-0202,True,unverified-source-group-suggestion
quality:266,quality,train,Fresh Dragon Fruit,dataset/public/prepared/quality/954d74770e1c452743a1e04c773e6548f9586279493822b9b0e2498d9a3fcc1b.jpg,candidate-source-0203,True,unverified-source-group-suggestion
quality:296,quality,train,Fresh Dragon Fruit,dataset/public/prepared/quality/be7c1d0575b3fde261bf3039767d72011bf5353f04e56ef855bec9a772e23ba6.jpg,candidate-source-0203,True,unverified-source-group-suggestion
quality:410,quality,val,Fresh Dragon Fruit,dataset/public/prepared/quality/b55dcb6f9c32be874d3b032709e8399f3ab748ee97b455c3d1b322a9db2ff22e.jpg,candidate-source-0203,True,unverified-source-group-suggestion
maturity:1527,maturity,val,Mature Dragon Fruit,dataset/public/prepared/maturity/8ec410a0de462603a5b72cd94b2de069ee80c24150d861734cc0ae97a14b9c8e.jpg,candidate-source-0203,True,unverified-source-group-suggestion
maturity:1653,maturity,train,Mature Dragon Fruit,dataset/public/prepared/maturity/f43e41fb0b03b39b1f409e7ad57914eea6d6ffb88935509cbdcf91dd737bf30a.jpg,candidate-source-0203,True,unverified-source-group-suggestion
maturity:1670,maturity,val,Mature Dragon Fruit,dataset/public/prepared/maturity/144ec8605a78ce88d4e0f2292bd8af314be8c35d1247dd2b833d7559b9f4e9ab.jpg,candidate-source-0203,True,unverified-source-group-suggestion
quality:267,quality,train,Fresh Dragon Fruit,dataset/public/prepared/quality/2ac0a76c84b6e9a42c458f03ef5b203d1639d446cc035c828a2a14d9200d05dd.jpg,candidate-source-0204,True,unverified-source-group-suggestion
quality:610,quality,train,Fresh Dragon Fruit,dataset/public/prepared/quality/5dab2863fd4f3d3ff8ce147e5540ae5d94d7e9d198956593dd9a7c16b61453dc.jpg,candidate-source-0204,True,unverified-source-group-suggestion
maturity:1842,maturity,train,Mature Dragon Fruit,dataset/public/prepared/maturity/a02a288c072bf2b19e79a18eeba010707e8ccc88b4b9a224903843e66e1e3a97.jpg,candidate-source-0204,True,unverified-source-group-suggestion
maturity:1930,maturity,val,Mature Dragon Fruit,dataset/public/prepared/maturity/f4a510dba339ec4d30d7bd89a36159a0732cbea5fe2175ab7d61a4d28d2d5714.jpg,candidate-source-0204,True,unverified-source-group-suggestion
quality:268,quality,test,Fresh Dragon Fruit,dataset/public/prepared/quality/7fd052b01e9b4caf172c5201ce35370130446d0c62d42ccbb41b315ce6b36ac7.jpg,candidate-source-0205,True,unverified-source-group-suggestion
maturity:1668,maturity,train,Mature Dragon Fruit,dataset/public/prepared/maturity/5741e8e15ccbf593020db7df5d6382fb7ca639e3ee6fb9423318485c38672eb7.jpg,candidate-source-0205,True,unverified-source-group-suggestion
quality:269,quality,train,Fresh Dragon Fruit,dataset/public/prepared/quality/62bf7fb1c6412e6a8bee6edd410b66804096ddcb482cd29f12a059747968c455.jpg,candidate-source-0206,False,unverified-source-group-suggestion
maturity:1989,maturity,train,Mature Dragon Fruit,dataset/public/prepared/maturity/3ae1ea1823fb762be32487d0b22c09afc700d02af3834ac2a9998cffc9cc1332.jpg,candidate-source-0206,False,unverified-source-group-suggestion
quality:271,quality,train,Fresh Dragon Fruit,dataset/public/prepared/quality/41dcb44de578b24074d3f383a6a94149c674038c86c6c7331f97e72c3ee4978a.jpg,candidate-source-0207,False,unverified-source-group-suggestion
maturity:1490,maturity,train,Mature Dragon Fruit,dataset/public/prepared/maturity/ed25fc6cbea61da72caf608b37b9c23cfb077546133d1c175bf7b0577cbf8b59.jpg,candidate-source-0207,False,unverified-source-group-suggestion
quality:272,quality,train,Fresh Dragon Fruit,dataset/public/prepared/quality/1af60d6733a0794e94484ce3eb86d9f53a9cc5b4a01553005f834ed4539c79d7.jpg,candidate-source-0208,True,unverified-source-group-suggestion
maturity:1491,maturity,val,Mature Dragon Fruit,dataset/public/prepared/maturity/f5f80d7c195fdf71711b2e640d3851a002165bf8fffdd9dbdf3a36cab35bd09b.jpg,candidate-source-0208,True,unverified-source-group-suggestion
quality:275,quality,train,Fresh Dragon Fruit,dataset/public/prepared/quality/ca519d1ecc0c64eef1ebb68403c09e01882f243544ae8dd854192bdf5fc01a67.jpg,candidate-source-0209,False,unverified-source-group-suggestion
maturity:1884,maturity,train,Mature Dragon Fruit,dataset/public/prepared/maturity/9a6c2d5464fd20968db8aab7a5241e2d70dbf4deee05f0e87e94f7ee387b00b5.jpg,candidate-source-0209,False,unverified-source-group-suggestion
quality:276,quality,val,Fresh Dragon Fruit,dataset/public/prepared/quality/46e2fbaaa521dca61a53556845f73c89c2b9ca99bacbfcf66b516eb19a2be302.jpg,candidate-source-0210,True,unverified-source-group-suggestion
maturity:1537,maturity,train,Mature Dragon Fruit,dataset/public/prepared/maturity/e0730480aa9b93690d4c21d9ec8561d5c176cd41169283e8c955453fc9aed749.jpg,candidate-source-0210,True,unverified-source-group-suggestion
quality:277,quality,val,Fresh Dragon Fruit,dataset/public/prepared/quality/d4ed347f51346e42d505de6a49d25749c09ae7909c4653e8d488050194ddbc75.jpg,candidate-source-0211,True,unverified-source-group-suggestion
maturity:1722,maturity,train,Mature Dragon Fruit,dataset/public/prepared/maturity/176662005debce10eb076f95fc2ca230ccf2bfa11f53fd3807916395a04d4bdb.jpg,candidate-source-0211,True,unverified-source-group-suggestion
quality:278,quality,train,Fresh Dragon Fruit,dataset/public/prepared/quality/8bac3c585f227fff7cfbcabbf30aeea1fdf367d73581cc73d8c4ed29805c84da.jpg,candidate-source-0212,False,unverified-source-group-suggestion
maturity:1368,maturity,train,Mature Dragon Fruit,dataset/public/prepared/maturity/858ce77b2cd0f84c53d44bde9f8d58285bd00bd59cf5e734d7274d108d6f2434.jpg,candidate-source-0212,False,unverified-source-group-suggestion
quality:279,quality,val,Fresh Dragon Fruit,dataset/public/prepared/quality/553a4f7b8d7233212823651f099c338437c2ffc3aea16e873ea99909249f6e83.jpg,candidate-source-0213,True,unverified-source-group-suggestion
maturity:1540,maturity,train,Mature Dragon Fruit,dataset/public/prepared/maturity/ea5778b871a50a92d981c43627077b82d2bd2bdbf3f045522b78226af3b73b04.jpg,candidate-source-0213,True,unverified-source-group-suggestion
quality:28,quality,val,Fresh Dragon Fruit,dataset/public/prepared/quality/31a96a936a45281721b16b877324df0ca064de82f9baa976945e483f9f87974c.jpg,candidate-source-0214,True,unverified-source-group-suggestion
maturity:1429,maturity,train,Mature Dragon Fruit,dataset/public/prepared/maturity/213cf394a6c56b3fc9f241df04575db81d5615f90d2a188112c2cccc05a65f32.jpg,candidate-source-0214,True,unverified-source-group-suggestion
quality:280,quality,train,Fresh Dragon Fruit,dataset/public/prepared/quality/4beaec6ae9de1622dfde1a665679c7047dde93a84fe9173f3bddc20570093801.jpg,candidate-source-0215,False,unverified-source-group-suggestion
quality:584,quality,train,Fresh Dragon Fruit,dataset/public/prepared/quality/921ec773ab77195a0fbacf4c9ec9b0eae886e5f06feebe94e16d3e31a220fd99.jpg,candidate-source-0215,False,unverified-source-group-suggestion
maturity:1607,maturity,train,Mature Dragon Fruit,dataset/public/prepared/maturity/0990e3649193ac4041ea5ad16871e1f02f89b971644e58047a189d39807f9793.jpg,candidate-source-0215,False,unverified-source-group-suggestion
maturity:1818,maturity,train,Mature Dragon Fruit,dataset/public/prepared/maturity/577d485edda5a8afb4f9e71e8f66a92a1231ba855d3553024c8e9d947fc5c358.jpg,candidate-source-0215,False,unverified-source-group-suggestion
quality:281,quality,train,Fresh Dragon Fruit,dataset/public/prepared/quality/b336e7dc5fe19c1e1ac239df890d3079e7265148aa855b4f24fd531fba2d6b95.jpg,candidate-source-0216,False,unverified-source-group-suggestion
maturity:1881,maturity,train,Mature Dragon Fruit,dataset/public/prepared/maturity/a358bcc105c31db1f120603a372558fe2483e0d9ac32e571cfd62d49a1d1235e.jpg,candidate-source-0216,False,unverified-source-group-suggestion
quality:282,quality,test,Fresh Dragon Fruit,dataset/public/prepared/quality/3281de138ad6fe6a8a2d32213f5703378fe671fd90b5c014e79adcc3bb2e20ae.jpg,candidate-source-0217,True,unverified-source-group-suggestion
quality:359,quality,train,Fresh Dragon Fruit,dataset/public/prepared/quality/8b22246afd02bd8fceecfac8d8d81ffa3f4c34eb17e7c97da2de7d7c1dee2a69.jpg,candidate-source-0217,True,unverified-source-group-suggestion
quality:517,quality,train,Fresh Dragon Fruit,dataset/public/prepared/quality/dc5931edd90a2e16e61329d9634801810f8b9be0e22cc8f661d2e7bdf9b7f479.jpg,candidate-source-0217,True,unverified-source-group-suggestion
maturity:1588,maturity,test,Mature Dragon Fruit,dataset/public/prepared/maturity/73726a563e922704266d122c9d2c69dbd60ee908dd468912e1f2bdb0224f40ba.jpg,candidate-source-0217,True,unverified-source-group-suggestion
maturity:1610,maturity,val,Mature Dragon Fruit,dataset/public/prepared/maturity/abb7505bd827879f1f0e2bcb575cba8f1ebff084011c5fa454f25b1ffae13254.jpg,candidate-source-0217,True,unverified-source-group-suggestion
maturity:1778,maturity,train,Mature Dragon Fruit,dataset/public/prepared/maturity/607dfb42d990fa133e340784b291541154cfef8c3f14a9b71b16c04c57e4bfd0.jpg,candidate-source-0217,True,unverified-source-group-suggestion
quality:283,quality,train,Fresh Dragon Fruit,dataset/public/prepared/quality/a51ae4896cd6c6c8fa5e96a82fc09b5cd14679e1aeb738b608c6ee26bd2025e3.jpg,candidate-source-0218,False,unverified-source-group-suggestion
maturity:1924,maturity,train,Mature Dragon Fruit,dataset/public/prepared/maturity/c1f24878db3cba5489255a1090104711557b72983ed3c9f8b431342e286f37d8.jpg,candidate-source-0218,False,unverified-source-group-suggestion
quality:284,quality,train,Fresh Dragon Fruit,dataset/public/prepared/quality/857f170486993816594d46b5e1848c2d43aaf12b27cd02c9dbc07eb4e76b2242.jpg,candidate-source-0219,True,unverified-source-group-suggestion
quality:341,quality,train,Fresh Dragon Fruit,dataset/public/prepared/quality/8fc7799aadfd5175d7599c79a4fa7b03699b7292fc1659b94e4ca0b68a1c9b5b.jpg,candidate-source-0219,True,unverified-source-group-suggestion
quality:880,quality,train,Fresh Dragon Fruit,dataset/public/prepared/quality/81a94600dc17cf7bdb194b5b1918afdd98cebc864f9ccfad32f81aac65680684.jpg,candidate-source-0219,True,unverified-source-group-suggestion
maturity:1529,maturity,val,Mature Dragon Fruit,dataset/public/prepared/maturity/242b71b742315517b0db2c23eef2a46b7b04e49f7f8322428b57c5cb9c4dacd6.jpg,candidate-source-0219,True,unverified-source-group-suggestion
maturity:1830,maturity,train,Mature Dragon Fruit,dataset/public/prepared/maturity/df335484cd04a6a4cd61ffe2cc28c62a15f6dd79e16d8574ee3cd5cb25f816fa.jpg,candidate-source-0219,True,unverified-source-group-suggestion
maturity:1980,maturity,train,Mature Dragon Fruit,dataset/public/prepared/maturity/c96fbc0246f5d8494b4667f59b5b53a2032d6897c0741e1e20da2dc0bfd4fe4d.jpg,candidate-source-0219,True,unverified-source-group-suggestion
quality:285,quality,train,Fresh Dragon Fruit,dataset/public/prepared/quality/b3c5b90752e3c193ab3ea5139123afb08a1577a5434695a5b9e7e39d747cfc5f.jpg,candidate-source-0220,True,unverified-source-group-suggestion
quality:298,quality,val,Fresh Dragon Fruit,dataset/public/prepared/quality/4177cee249b4cd65b3be0d424e1a45e60c806fcf84c3eddd01276541c07e6bf1.jpg,candidate-source-0220,True,unverified-source-group-suggestion
maturity:1530,maturity,train,Mature Dragon Fruit,dataset/public/prepared/maturity/19321b53f166f156866eabf9a6cade60f6a37b9794e49dd6d3dfebf4abbda6a5.jpg,candidate-source-0220,True,unverified-source-group-suggestion
maturity:1832,maturity,test,Mature Dragon Fruit,dataset/public/prepared/maturity/209fc190a1643cda2bfd67bee7a3170bd7f544b692e23edca225316adf33739a.jpg,candidate-source-0220,True,unverified-source-group-suggestion
quality:286,quality,train,Fresh Dragon Fruit,dataset/public/prepared/quality/7ca8578e6e31eb8bd7d138c9c6cb45c3580270dec88c7212d3e70c19d3952752.jpg,candidate-source-0221,False,unverified-source-group-suggestion
maturity:1531,maturity,train,Mature Dragon Fruit,dataset/public/prepared/maturity/068b99d7813c75c809c752aae5e993360f8d8b68bf3b63bd7b998ba9b2e71d8c.jpg,candidate-source-0221,False,unverified-source-group-suggestion
quality:287,quality,train,Fresh Dragon Fruit,dataset/public/prepared/quality/0c03bb1333735f82ab35b713eb5a8ea144236bcada6a794c098b807c80df0efe.jpg,candidate-source-0222,False,unverified-source-group-suggestion
quality:613,quality,train,Fresh Dragon Fruit,dataset/public/prepared/quality/1a92259704d90cafa8ac5222a91576b0a54febdb37f22d36a25c66dea06a8b57.jpg,candidate-source-0222,False,unverified-source-group-suggestion
maturity:1532,maturity,train,Mature Dragon Fruit,dataset/public/prepared/maturity/a9d9b135b84f39fe742a131c400bafbe9e7d0a9e68599a1ff66345cb0e319a47.jpg,candidate-source-0222,False,unverified-source-group-suggestion
maturity:1882,maturity,train,Mature Dragon Fruit,dataset/public/prepared/maturity/10b931e9fb0fc4d16ea753aee4209fe6986298d9376e7cc18fe0d29b5ed5d88c.jpg,candidate-source-0222,False,unverified-source-group-suggestion
quality:288,quality,test,Fresh Dragon Fruit,dataset/public/prepared/quality/ac334b797def93144df944b44eeeccb15025193ada588e7112c2b0eb1af41005.jpg,candidate-source-0223,True,unverified-source-group-suggestion
maturity:1533,maturity,train,Mature Dragon Fruit,dataset/public/prepared/maturity/22c0e63130f692816a244868094437187a4fc0b5e0f7949beb948fbe102d30ad.jpg,candidate-source-0223,True,unverified-source-group-suggestion
quality:289,quality,val,Fresh Dragon Fruit,dataset/public/prepared/quality/c695998c1744bd2b43d3c1b22f047081d9c336f2adc0edae3166ba131c848dab.jpg,candidate-source-0224,True,unverified-source-group-suggestion
quality:617,quality,val,Fresh Dragon Fruit,dataset/public/prepared/quality/ebad5959f26940354c1ba7414ddd42c571c2ea945dbdd84aedfc9a0e31f2614f.jpg,candidate-source-0224,True,unverified-source-group-suggestion
maturity:1534,maturity,train,Mature Dragon Fruit,dataset/public/prepared/maturity/c79a1c9751bb87b62a31c2be855a49eaa6cc2e4bcc1e958f677fb405a45f6b87.jpg,candidate-source-0224,True,unverified-source-group-suggestion
maturity:1834,maturity,train,Mature Dragon Fruit,dataset/public/prepared/maturity/819cd0897055673a17719eafbe30b360ce86384ca5f8f73665467edbc73e2517.jpg,candidate-source-0224,True,unverified-source-group-suggestion
quality:29,quality,val,Fresh Dragon Fruit,dataset/public/prepared/quality/9d927363470bc6d2afabb03ed33939223eb589e9e9643cc0a876f356e2d1aaa8.jpg,candidate-source-0225,True,unverified-source-group-suggestion
maturity:1249,maturity,test,Mature Dragon Fruit,dataset/public/prepared/maturity/460a2e3c5b3cda9e5066352dc78fd8af1f197a6fd13436661e40e393610deaf0.jpg,candidate-source-0225,True,unverified-source-group-suggestion
quality:290,quality,train,Fresh Dragon Fruit,dataset/public/prepared/quality/d3ad77075cc690cfe0004efb6c6606e6fee7b27c0a330159f7686bbac5d6c2b8.jpg,candidate-source-0226,False,unverified-source-group-suggestion
maturity:1535,maturity,train,Mature Dragon Fruit,dataset/public/prepared/maturity/a3d81509260f5425943df46c5e8cc22d4813b8a4236bfd3ab5bc4481a4aae8c7.jpg,candidate-source-0226,False,unverified-source-group-suggestion
quality:291,quality,test,Fresh Dragon Fruit,dataset/public/prepared/quality/4575f08ea04ec9b34e56d4c1bc524d554ad18876a4a4ef153fc1f3f67e01840f.jpg,candidate-source-0227,True,unverified-source-group-suggestion
maturity:1522,maturity,val,Mature Dragon Fruit,dataset/public/prepared/maturity/30a8c781c5f947c71d95f4b3a536399a0f4912e29bcf390b339c5af87386339d.jpg,candidate-source-0227,True,unverified-source-group-suggestion
quality:292,quality,train,Fresh Dragon Fruit,dataset/public/prepared/quality/2cd3d95aafb0cbdc4eeee61475c433aa00655760a6502c3f8dbc326c04450b27.jpg,candidate-source-0228,False,unverified-source-group-suggestion
maturity:1523,maturity,train,Mature Dragon Fruit,dataset/public/prepared/maturity/67445cee4e444179f8a1d50c49578db078e4070193e171eb802e79a21b81e2b6.jpg,candidate-source-0228,False,unverified-source-group-suggestion
quality:294,quality,train,Fresh Dragon Fruit,dataset/public/prepared/quality/89b1e5c9cc1669a7764f7be5357444beb89833fdef469db2e46dc5b7bd8e348b.jpg,candidate-source-0229,True,unverified-source-group-suggestion
quality:396,quality,train,Fresh Dragon Fruit,dataset/public/prepared/quality/c20fdc33305a1a2a22379a614309b05f55cfcd56ec8aa7f428d0a3486127bde0.jpg,candidate-source-0229,True,unverified-source-group-suggestion
quality:814,quality,train,Fresh Dragon Fruit,dataset/public/prepared/quality/141be71bd5acf4e68bb07b5a6be6dc6bddcab67f0e3ea83cd817876eed6eaf2d.jpg,candidate-source-0229,True,unverified-source-group-suggestion
maturity:1308,maturity,train,Mature Dragon Fruit,dataset/public/prepared/maturity/3888f2c8ccf47069d40d93b3314b404c94b74f5cde5da9570c99b4faf9c9681d.jpg,candidate-source-0229,True,unverified-source-group-suggestion
maturity:1525,maturity,val,Mature Dragon Fruit,dataset/public/prepared/maturity/03450614a0155ac55c244aea73e4608eec57c2cb8a78feb600923c87051f38ab.jpg,candidate-source-0229,True,unverified-source-group-suggestion
maturity:2040,maturity,train,Mature Dragon Fruit,dataset/public/prepared/maturity/da8466d692974fdb93c3c587ab5c8418fc5f955d71aaaed820aae8e67aefc2bc.jpg,candidate-source-0229,True,unverified-source-group-suggestion
quality:297,quality,train,Fresh Dragon Fruit,dataset/public/prepared/quality/192e5d16244a6ec07cb3fdc27751411cdd39e1ce6377d232a62fe3a5b39a91f0.jpg,candidate-source-0230,False,unverified-source-group-suggestion
maturity:1528,maturity,train,Mature Dragon Fruit,dataset/public/prepared/maturity/28017547174798a1f8eb8cbb046c81ca765851760d04c08fa0f58d553a3a7a14.jpg,candidate-source-0230,False,unverified-source-group-suggestion
quality:299,quality,train,Fresh Dragon Fruit,dataset/public/prepared/quality/ffe071d3817eeea60abefb2616b4002f4b66a8432d4caa439f1a10907b1de0f7.jpg,candidate-source-0231,False,unverified-source-group-suggestion
maturity:1516,maturity,train,Mature Dragon Fruit,dataset/public/prepared/maturity/6868455a42b182433c002c1fa0f6f700f78d989031f65b2e4d252040175bf32a.jpg,candidate-source-0231,False,unverified-source-group-suggestion
quality:3,quality,train,Fresh Dragon Fruit,dataset/public/prepared/quality/66ceec375320f26c13e680f343ed4fae80dba5c3ba3ea6bce68a86f016f473cc.jpg,candidate-source-0232,False,unverified-source-group-suggestion
quality:86,quality,train,Fresh Dragon Fruit,dataset/public/prepared/quality/5fb1dcee5aca40199fa75bafa1c41ab35597d28bef85c158939ba135c10f06e2.jpg,candidate-source-0232,False,unverified-source-group-suggestion
quality:115,quality,train,Fresh Dragon Fruit,dataset/public/prepared/quality/af7619e196e896dc0d3eb5cc673b4eab3b8b5a5dff2d94f0380b1f4cd26240cf.jpg,candidate-source-0232,False,unverified-source-group-suggestion
maturity:1338,maturity,train,Mature Dragon Fruit,dataset/public/prepared/maturity/e36ed5b6143d0b1017e3ddec4de71ad5c815aee164648377d6de862b53bfc04e.jpg,candidate-source-0232,False,unverified-source-group-suggestion
maturity:1453,maturity,train,Mature Dragon Fruit,dataset/public/prepared/maturity/f083705072f03ea4c50d903d53a246353cbaaa72ea2206620419d9c2c036f132.jpg,candidate-source-0232,False,unverified-source-group-suggestion
maturity:2049,maturity,train,Mature Dragon Fruit,dataset/public/prepared/maturity/de0234ec098fca866529638ff7514a1ddd262b22ba497ccedc0beeb60dd5be3f.jpg,candidate-source-0232,False,unverified-source-group-suggestion
quality:30,quality,train,Fresh Dragon Fruit,dataset/public/prepared/quality/843ba01e0961c22a78a37bc8762be415ef71d4797d6557e54e6236c3b9fe4df5.jpg,candidate-source-0233,False,unverified-source-group-suggestion
maturity:1250,maturity,train,Mature Dragon Fruit,dataset/public/prepared/maturity/59689bbb42573c79ebd4961a2d51fc6fe79551148f98590e88e71905bc6f64a8.jpg,candidate-source-0233,False,unverified-source-group-suggestion
quality:300,quality,train,Fresh Dragon Fruit,dataset/public/prepared/quality/3d833fca1568d97905e175cd58baff62dff716582c7db67a3b3527048e43ed9b.jpg,candidate-source-0234,True,unverified-source-group-suggestion
maturity:1904,maturity,val,Mature Dragon Fruit,dataset/public/prepared/maturity/9ae742a13c96bcccc6074fee7e1488dabcdb81e1fef82e9910b0a0c9dd39aacb.jpg,candidate-source-0234,True,unverified-source-group-suggestion
quality:301,quality,train,Fresh Dragon Fruit,dataset/public/prepared/quality/8a735070f798a919a3847650f06afa61450123911adabc4b326caa742b083947.jpg,candidate-source-0235,False,unverified-source-group-suggestion
quality:664,quality,train,Fresh Dragon Fruit,dataset/public/prepared/quality/fac5a0440fbe128c0aa0672cc906864dc000801130f2c021ca577f0394a5d670.jpg,candidate-source-0235,False,unverified-source-group-suggestion
quality:884,quality,train,Fresh Dragon Fruit,dataset/public/prepared/quality/a5ab6ac790691725ae8ed1c53b0d946c01abc101dc3ff6da486b7d8b968df4b2.jpg,candidate-source-0235,False,unverified-source-group-suggestion
maturity:1698,maturity,train,Mature Dragon Fruit,dataset/public/prepared/maturity/4b0e87b644eb61d28e82dbfefd9d4d08d4fc11891eb5ecfa8427193e6ca47f39.jpg,candidate-source-0235,False,unverified-source-group-suggestion
maturity:1892,maturity,train,Mature Dragon Fruit,dataset/public/prepared/maturity/65088ec007e142ad2d7af14e428198dabd4edfe165d99f649b32b1807b4d6b07.jpg,candidate-source-0235,False,unverified-source-group-suggestion
maturity:2115,maturity,train,Mature Dragon Fruit,dataset/public/prepared/maturity/ac545aec551f7cc165d818a3ad85de2b0e716e219fe7ebbf93036db75cf5479f.jpg,candidate-source-0235,False,unverified-source-group-suggestion
quality:302,quality,train,Fresh Dragon Fruit,dataset/public/prepared/quality/7e02535a85b5ad34f6db5ce1aafb5a2f960e64ff496e62c80bb9d1f969cf587c.jpg,candidate-source-0236,True,unverified-source-group-suggestion
maturity:1519,maturity,val,Mature Dragon Fruit,dataset/public/prepared/maturity/cffedd7b5b00fe3e2c00a500a9e4a033937bba48019fe25be6c4737e421bf349.jpg,candidate-source-0236,True,unverified-source-group-suggestion
quality:303,quality,train,Fresh Dragon Fruit,dataset/public/prepared/quality/9574c42fd0677517c30217a36a2a8ab262c596d3962c9b980cf5394653e5705c.jpg,candidate-source-0237,False,unverified-source-group-suggestion
maturity:1520,maturity,train,Mature Dragon Fruit,dataset/public/prepared/maturity/4e37797953d5cff46950edfa938cf381971f73172ab003fa8750e4522d33784b.jpg,candidate-source-0237,False,unverified-source-group-suggestion
quality:304,quality,train,Fresh Dragon Fruit,dataset/public/prepared/quality/dd458f274593a389f1a6263e6dc6d2c33efbe133960c5c871bb3862029cfe579.jpg,candidate-source-0238,True,unverified-source-group-suggestion
maturity:1521,maturity,val,Mature Dragon Fruit,dataset/public/prepared/maturity/ff6403c49c587229db94f0be4732a5fd750f49bf257c0ebe9e47aa7ecad823ec.jpg,candidate-source-0238,True,unverified-source-group-suggestion
quality:305,quality,train,Fresh Dragon Fruit,dataset/public/prepared/quality/9b9f27a97af54109170488f5489dec21b5fcacee335b6bb62dbe9e3105b53196.jpg,candidate-source-0239,True,unverified-source-group-suggestion
maturity:1568,maturity,val,Mature Dragon Fruit,dataset/public/prepared/maturity/f0a22545728793d67a6ae52672069452d3d35c443a75c8fcda41fc6d9ce7f6c1.jpg,candidate-source-0239,True,unverified-source-group-suggestion
quality:306,quality,train,Fresh Dragon Fruit,dataset/public/prepared/quality/7693dcdb9645c4bec66508af14c0ad5905e53be6c2f0a5c21ec710b53fae7968.jpg,candidate-source-0240,False,unverified-source-group-suggestion
maturity:1569,maturity,train,Mature Dragon Fruit,dataset/public/prepared/maturity/a49baac8dac8cb82f0b77fbd0134c2911c72221da85b239490d4514611e8898a.jpg,candidate-source-0240,False,unverified-source-group-suggestion
quality:308,quality,train,Fresh Dragon Fruit,dataset/public/prepared/quality/93b5ee90dba5058caf1f689e49f118cf0849d720d50326ff06872c59a69adc48.jpg,candidate-source-0241,False,unverified-source-group-suggestion
maturity:1571,maturity,train,Mature Dragon Fruit,dataset/public/prepared/maturity/80787da7a85b59a58158c8a2aa194f359eb7b1e881df6e7614eca871e8431cf2.jpg,candidate-source-0241,False,unverified-source-group-suggestion
quality:309,quality,train,Fresh Dragon Fruit,dataset/public/prepared/quality/39ad4a628f10c56977f05d2674e806208f9a133efa4010606c9e87c1bf052b98.jpg,candidate-source-0242,False,unverified-source-group-suggestion
maturity:1572,maturity,train,Mature Dragon Fruit,dataset/public/prepared/maturity/c09f72d411f356829edeb4620340f98beb7a55becc5b68daf4b0ad287f045bec.jpg,candidate-source-0242,False,unverified-source-group-suggestion
quality:31,quality,train,Fresh Dragon Fruit,dataset/public/prepared/quality/3ddcfaf78eceba8b0ec1a242c5e5437847a10b94d356edce796f41f642c7ed56.jpg,candidate-source-0243,True,unverified-source-group-suggestion
maturity:1293,maturity,test,Mature Dragon Fruit,dataset/public/prepared/maturity/58f698aa51e878ac88343f4aa4bf651731fd2f36e4fdc90186a93eae1fb7a3bb.jpg,candidate-source-0243,True,unverified-source-group-suggestion
quality:311,quality,train,Fresh Dragon Fruit,dataset/public/prepared/quality/c4185c3797d204a50672d511f64890fda11bc4813e7cbba7591eb770bfe5ada0.jpg,candidate-source-0244,False,unverified-source-group-suggestion
maturity:1574,maturity,train,Mature Dragon Fruit,dataset/public/prepared/maturity/4207318143dc884091bef43297fd6b8459f592c894cf288e2407c56878998aa3.jpg,candidate-source-0244,False,unverified-source-group-suggestion
quality:312,quality,train,Fresh Dragon Fruit,dataset/public/prepared/quality/c0273fe347168cffa6495aa69aa9f782c90198797dc2b57be5b8cff37ec9b628.jpg,candidate-source-0245,False,unverified-source-group-suggestion
quality:326,quality,train,Fresh Dragon Fruit,dataset/public/prepared/quality/99624c536493cba5075a79c6a1c34725bb66b4b8bf15db3f4a50c40ba7529166.jpg,candidate-source-0245,False,unverified-source-group-suggestion
maturity:1485,maturity,train,Mature Dragon Fruit,dataset/public/prepared/maturity/0f70bb2f877c761c3c41cb7bab5693199d0843cbf844f6f15da8f3fa01c16ba6.jpg,candidate-source-0245,False,unverified-source-group-suggestion
maturity:1561,maturity,train,Mature Dragon Fruit,dataset/public/prepared/maturity/da2e59139e0e7e7154f0d2c5134f28b99c37e364a188de14c9316d67d4e59443.jpg,candidate-source-0245,False,unverified-source-group-suggestion
quality:313,quality,train,Fresh Dragon Fruit,dataset/public/prepared/quality/1229b50965198c4f420f62088428e92dd12037b84693066d8faf9a690eb60cd4.jpg,candidate-source-0246,False,unverified-source-group-suggestion
maturity:1514,maturity,train,Mature Dragon Fruit,dataset/public/prepared/maturity/7f5c4e828bee3b9060707e828c93030ca6591ccc6973c9e408988e3b02174870.jpg,candidate-source-0246,False,unverified-source-group-suggestion
quality:314,quality,train,Fresh Dragon Fruit,dataset/public/prepared/quality/3eff20b17f8663e126d7666add266a929ce94725563e1e733f3d184e1f9cc84c.jpg,candidate-source-0247,False,unverified-source-group-suggestion
maturity:1563,maturity,train,Mature Dragon Fruit,dataset/public/prepared/maturity/34a6b4347b15e9e03b3e9749967a6d8dcf6b589e95ad0d034110260abfd80cf3.jpg,candidate-source-0247,False,unverified-source-group-suggestion
quality:315,quality,train,Fresh Dragon Fruit,dataset/public/prepared/quality/3b99b72fe8ff8f7d762642116bbf14271a1a960b64e415a74c80759a0491c869.jpg,candidate-source-0248,True,unverified-source-group-suggestion
maturity:1564,maturity,test,Mature Dragon Fruit,dataset/public/prepared/maturity/ac0f3631fa6f0a9a37eba9c9d315916bdb9222f8db37530041b44f758ca1ed29.jpg,candidate-source-0248,True,unverified-source-group-suggestion
quality:316,quality,train,Fresh Dragon Fruit,dataset/public/prepared/quality/a373d02a8e8a0a0df14bd77e200f3ffb79b3a43b9e321c786074105a32320eb9.jpg,candidate-source-0249,False,unverified-source-group-suggestion
maturity:1565,maturity,train,Mature Dragon Fruit,dataset/public/prepared/maturity/aa05afc8fe75555343a594052b3a0ccaf0f54df233f7ec0ecaabd5666386e6dc.jpg,candidate-source-0249,False,unverified-source-group-suggestion
quality:317,quality,train,Fresh Dragon Fruit,dataset/public/prepared/quality/6c8fcdb3848c558226fc10407043a73c1a9d611ff6f8be12a6fbf7fb13042cee.jpg,candidate-source-0250,False,unverified-source-group-suggestion
maturity:1566,maturity,train,Mature Dragon Fruit,dataset/public/prepared/maturity/00e6d13db2e5cae0a170ae866ed61f2794f4c5260f500434d30244300ecabf4f.jpg,candidate-source-0250,False,unverified-source-group-suggestion
quality:318,quality,val,Fresh Dragon Fruit,dataset/public/prepared/quality/ad8a868df3ff2bef99d2b70ac6730c1f0a85669c40b4ce505b1c73a17a02d9a8.jpg,candidate-source-0251,True,unverified-source-group-suggestion
maturity:1567,maturity,train,Mature Dragon Fruit,dataset/public/prepared/maturity/a24eed9fc5c69c3424bd7422259740b835b8ab9fb0f998e52004d650b1cf69ab.jpg,candidate-source-0251,True,unverified-source-group-suggestion
quality:319,quality,train,Fresh Dragon Fruit,dataset/public/prepared/quality/3d55286ae65a41bc5260c92487f3a39d22205eab88dc24a7b330ecb24fe40a55.jpg,candidate-source-0252,False,unverified-source-group-suggestion
maturity:1554,maturity,train,Mature Dragon Fruit,dataset/public/prepared/maturity/05ca9ddb103fbf34d3aec9010ac3f394ec58803c384a0c5b282e239d140c82e1.jpg,candidate-source-0252,False,unverified-source-group-suggestion
quality:32,quality,train,Fresh Dragon Fruit,dataset/public/prepared/quality/c31687a24b38b356f534abb29f3dd587b6d478111240a6dacf0503b58f58a62a.jpg,candidate-source-0253,True,unverified-source-group-suggestion
maturity:1371,maturity,val,Mature Dragon Fruit,dataset/public/prepared/maturity/b1128530aaf23a158bc904fbcbd902f7b1f8e38d07f97f7aa5f9e19867d83bd5.jpg,candidate-source-0253,True,unverified-source-group-suggestion
quality:320,quality,train,Fresh Dragon Fruit,dataset/public/prepared/quality/1151627ca7d1b45126b873090443317d07d8f590ce33f4b90bff6e9df30f21e1.jpg,candidate-source-0254,False,unverified-source-group-suggestion
maturity:1555,maturity,train,Mature Dragon Fruit,dataset/public/prepared/maturity/75979d5a187991a3f5142b76a5255ee2b5389d40302cdf0ce5915dfb3a0f3779.jpg,candidate-source-0254,False,unverified-source-group-suggestion
quality:321,quality,train,Fresh Dragon Fruit,dataset/public/prepared/quality/fb863fac966fbc525a46d0bbf80891e7082ec5f302fe2e58a35659e650bf6234.jpg,candidate-source-0255,False,unverified-source-group-suggestion
maturity:1556,maturity,train,Mature Dragon Fruit,dataset/public/prepared/maturity/8f392ee4b23c68278a299484d627b60ba1ac64bd255a04bcbecd77dcbed9ffd0.jpg,candidate-source-0255,False,unverified-source-group-suggestion
quality:322,quality,train,Fresh Dragon Fruit,dataset/public/prepared/quality/d7073246a7470a5c31203770976079773195d73972a09fb663ef5490b806f76d.jpg,candidate-source-0256,True,unverified-source-group-suggestion
maturity:1557,maturity,val,Mature Dragon Fruit,dataset/public/prepared/maturity/53806ce14c2c797c240dcd0478dea9e9000b61a601569a6ace1bd3041f7ba9d3.jpg,candidate-source-0256,True,unverified-source-group-suggestion
quality:323,quality,train,Fresh Dragon Fruit,dataset/public/prepared/quality/2f25d0dd8b97f8ff75f10cdce9280ca60109b160b88f5796b83721dbe7586be8.jpg,candidate-source-0257,False,unverified-source-group-suggestion
maturity:1558,maturity,train,Mature Dragon Fruit,dataset/public/prepared/maturity/991cd1f985b5ed5ca1588ecdf1b83ab2fcbbc5f7a850dfa61e85bffbfb1bb832.jpg,candidate-source-0257,False,unverified-source-group-suggestion
quality:324,quality,train,Fresh Dragon Fruit,dataset/public/prepared/quality/d5aaa56960af54fc671cea18449c95f580fb9c5d27d02d3f458109c86354618e.jpg,candidate-source-0258,True,unverified-source-group-suggestion
quality:509,quality,val,Fresh Dragon Fruit,dataset/public/prepared/quality/ab12254af59381497b9ee832c602ea09387a87d10c08baff4e3fcbc22401ac2f.jpg,candidate-source-0258,True,unverified-source-group-suggestion
maturity:1559,maturity,train,Mature Dragon Fruit,dataset/public/prepared/maturity/a58042aef8ee6d4c0b52f8199c6185fa9f1a8e951e0b1d699009f2f78b1904b8.jpg,candidate-source-0258,True,unverified-source-group-suggestion
maturity:1880,maturity,train,Mature Dragon Fruit,dataset/public/prepared/maturity/47d516e8a3832bbe69a71e53c3d4c721f602da0eb6788af5097c17f6470f26ca.jpg,candidate-source-0258,True,unverified-source-group-suggestion
quality:328,quality,train,Fresh Dragon Fruit,dataset/public/prepared/quality/d84be0748fb598b010b70b589567e43a5b555eddfeb8e3faf69af428fd4f5b42.jpg,candidate-source-0259,False,unverified-source-group-suggestion
maturity:1536,maturity,train,Mature Dragon Fruit,dataset/public/prepared/maturity/55d0a5b6ca3af20b1ca98b098c33dc643b14bc8a4002a7db60b862dfa655281e.jpg,candidate-source-0259,False,unverified-source-group-suggestion
quality:329,quality,val,Fresh Dragon Fruit,dataset/public/prepared/quality/021f86842890359f4a1091eb0950902becebd3798e172074286b4e80d1e9a3fd.jpg,candidate-source-0260,True,unverified-source-group-suggestion
maturity:1604,maturity,train,Mature Dragon Fruit,dataset/public/prepared/maturity/5ae2b1ff9b2aeb462590c908d559edfe55447f46b2e979a8d491d963c0d94668.jpg,candidate-source-0260,True,unverified-source-group-suggestion
quality:33,quality,train,Fresh Dragon Fruit,dataset/public/prepared/quality/14cc32124474ddd04e960d0f5a8ac3c1020871055ab408934da65ffb5b1dd9e2.jpg,candidate-source-0261,True,unverified-source-group-suggestion
maturity:1295,maturity,test,Mature Dragon Fruit,dataset/public/prepared/maturity/fa40125af835446079b9dc211143c0e59e4255af345e6bfd4549be67570b5068.jpg,candidate-source-0261,True,unverified-source-group-suggestion
quality:330,quality,val,Fresh Dragon Fruit,dataset/public/prepared/quality/20de09f212da51231f1d43055230390bd2c6bc76d82d04aa42c0ae0584ad25eb.jpg,candidate-source-0262,True,unverified-source-group-suggestion
maturity:1776,maturity,train,Mature Dragon Fruit,dataset/public/prepared/maturity/a9d19b40054a29e78994245376acff5d226c8ab65057478301f021f06c1178de.jpg,candidate-source-0262,True,unverified-source-group-suggestion
quality:332,quality,train,Fresh Dragon Fruit,dataset/public/prepared/quality/40944357d5461b65579d39638ffb5a8627a7693b631c9ea0726ab048c5f3e689.jpg,candidate-source-0263,False,unverified-source-group-suggestion
maturity:1550,maturity,train,Mature Dragon Fruit,dataset/public/prepared/maturity/116890e780bedf0cce2c611e259ecc2b72f18dd117dc0ba3c8d786798222eead.jpg,candidate-source-0263,False,unverified-source-group-suggestion
quality:333,quality,train,Fresh Dragon Fruit,dataset/public/prepared/quality/ab5d52a4738d451ffa1d762607e826682a17a1be62280fd203fc71f10fb3bd63.jpg,candidate-source-0264,False,unverified-source-group-suggestion
maturity:1551,maturity,train,Mature Dragon Fruit,dataset/public/prepared/maturity/5e4b960e21ef89a1310504c3c41bfb5bd62532d22d54de9fd5fa47760fc3fa5f.jpg,candidate-source-0264,False,unverified-source-group-suggestion
quality:334,quality,train,Fresh Dragon Fruit,dataset/public/prepared/quality/4229072413136cf1d208fb941f3ff9ddd9d75e9516f5a2c00117654cf73d66c2.jpg,candidate-source-0265,False,unverified-source-group-suggestion
maturity:1432,maturity,train,Mature Dragon Fruit,dataset/public/prepared/maturity/c96a11d7e928d97eecae1f1ad222993acb369646e7b3376f8901eadcf3393741.jpg,candidate-source-0265,False,unverified-source-group-suggestion
quality:335,quality,train,Fresh Dragon Fruit,dataset/public/prepared/quality/c83e93f2586e0d0051ff20d0ec0cfd30f81d87a754cb8fc6a445788776248da3.jpg,candidate-source-0266,True,unverified-source-group-suggestion
maturity:1553,maturity,val,Mature Dragon Fruit,dataset/public/prepared/maturity/26c98e5c5ca4ab27e53c30a9541b5e5e758a55bbac513eeefb55ac8c46447eb2.jpg,candidate-source-0266,True,unverified-source-group-suggestion
quality:336,quality,train,Fresh Dragon Fruit,dataset/public/prepared/quality/a4d4ae713618357c6d8776947ae20e22d87bf48dc2affd87671a2505ed8c3e8f.jpg,candidate-source-0267,False,unverified-source-group-suggestion
maturity:1596,maturity,train,Mature Dragon Fruit,dataset/public/prepared/maturity/2f3cb1ef0d44d82389292261b399c2bbef6d2bfcb1ac645be83129354b61b3b5.jpg,candidate-source-0267,False,unverified-source-group-suggestion
quality:337,quality,train,Fresh Dragon Fruit,dataset/public/prepared/quality/2c615730a8eb3d5c044525c5df30404689acc4199b366035a14f0f667f2438aa.jpg,candidate-source-0268,False,unverified-source-group-suggestion
maturity:1597,maturity,train,Mature Dragon Fruit,dataset/public/prepared/maturity/612b1915dbd3e8a011aad1ba7af9348d18272998f7246d8232837df9221e7a5b.jpg,candidate-source-0268,False,unverified-source-group-suggestion
quality:339,quality,train,Fresh Dragon Fruit,dataset/public/prepared/quality/8d8fdce0ffcbed644831abfaa8e8c95b15d19abf2ee523fe1325fa098c7892ec.jpg,candidate-source-0269,False,unverified-source-group-suggestion
maturity:1674,maturity,train,Mature Dragon Fruit,dataset/public/prepared/maturity/582c4a35bc6b0a77c4ed58069ce9275e553d3446b416d40eea95c4fc145b52a5.jpg,candidate-source-0269,False,unverified-source-group-suggestion
quality:34,quality,train,Fresh Dragon Fruit,dataset/public/prepared/quality/9bfaf2841d52fc01696fdbf29bfeb84a7f00572ab4fae4b406dfbc5c207105b5.jpg,candidate-source-0270,False,unverified-source-group-suggestion
maturity:1296,maturity,train,Mature Dragon Fruit,dataset/public/prepared/maturity/798ec997e6c7e1819ab03a1a7f9677fdb7c2a98f9bf516293ec190eb0ce5367e.jpg,candidate-source-0270,False,unverified-source-group-suggestion
quality:340,quality,train,Fresh Dragon Fruit,dataset/public/prepared/quality/13dcc2c41c5d6477b933532542052d231eb13324a28dd5a0446b517ecc7a2adb.jpg,candidate-source-0271,False,unverified-source-group-suggestion
maturity:1600,maturity,train,Mature Dragon Fruit,dataset/public/prepared/maturity/054aad5118670a3f48940bc4b508267505ed695ad00df7a1ad3601cb5eda5309.jpg,candidate-source-0271,False,unverified-source-group-suggestion
quality:342,quality,test,Fresh Dragon Fruit,dataset/public/prepared/quality/3169db6c60bd02af923714971a1c1f1c5c3bc27ee760e0feb32f1f69d183e5e4.jpg,candidate-source-0272,True,unverified-source-group-suggestion
maturity:1666,maturity,train,Mature Dragon Fruit,dataset/public/prepared/maturity/601b66cfc3b26c930442c3c52f1d86c1c925c33dbf4292a4ecf18fb91b870e65.jpg,candidate-source-0272,True,unverified-source-group-suggestion
quality:343,quality,train,Fresh Dragon Fruit,dataset/public/prepared/quality/cff1be85dea8e0e8b47489f5e06f5559deaeed622d65e4d4ba0770810d3eec98.jpg,candidate-source-0273,True,unverified-source-group-suggestion
maturity:1888,maturity,val,Mature Dragon Fruit,dataset/public/prepared/maturity/a01a53ba7b8adb2c15b89b2fe882ea077332389dac7ff53e6e7bfd8f8f18836a.jpg,candidate-source-0273,True,unverified-source-group-suggestion
quality:344,quality,test,Fresh Dragon Fruit,dataset/public/prepared/quality/f1f770a9167fca30e30cd9085ca07e6a6fcc37c75a6b1a4e7fc6f987dbe9be60.jpg,candidate-source-0274,True,unverified-source-group-suggestion
maturity:1665,maturity,val,Mature Dragon Fruit,dataset/public/prepared/maturity/a3b350c94c8fb2efc460b1f92c9028f1a43b522ec1d58165aad1c1e4f6bbe2af.jpg,candidate-source-0274,True,unverified-source-group-suggestion
quality:347,quality,train,Fresh Dragon Fruit,dataset/public/prepared/quality/1257761136a285038481de9ea1956b0ec055944e5403674bd05f2dcd8d4a43ba.jpg,candidate-source-0275,True,unverified-source-group-suggestion
quality:640,quality,val,Fresh Dragon Fruit,dataset/public/prepared/quality/620395c60f840ce9ef4033896eac5f863707c198ee49807cd2fbd3fa09a69bcb.jpg,candidate-source-0275,True,unverified-source-group-suggestion
maturity:1590,maturity,test,Mature Dragon Fruit,dataset/public/prepared/maturity/fc92beb3888694fd51d6362746daaa79cc13ab8d4a232f48c8cd04ddfd6011f0.jpg,candidate-source-0275,True,unverified-source-group-suggestion
maturity:1861,maturity,train,Mature Dragon Fruit,dataset/public/prepared/maturity/c1d9f4338af17b543912e73db4c237e20837557f137dd24ceaccea5b3c2f9886.jpg,candidate-source-0275,True,unverified-source-group-suggestion
quality:348,quality,train,Fresh Dragon Fruit,dataset/public/prepared/quality/82310d02d709a15dfa671f44e444aa9a014d1c34900aab4f2256ce410dd2b1d1.jpg,candidate-source-0276,False,unverified-source-group-suggestion
maturity:1591,maturity,train,Mature Dragon Fruit,dataset/public/prepared/maturity/0ab0ed9509fafd49ac45ecb35709456460a4e072eb67cd60e9738491fa65acc6.jpg,candidate-source-0276,False,unverified-source-group-suggestion
quality:349,quality,train,Fresh Dragon Fruit,dataset/public/prepared/quality/b430dbf126ac434ab73c3e9b893ed6d159d6f373807e978c8ce7098ac01ddf0f.jpg,candidate-source-0277,True,unverified-source-group-suggestion
maturity:1592,maturity,test,Mature Dragon Fruit,dataset/public/prepared/maturity/52f1559c08d0b7fa0b49c5d9995eaf1d1872a4806c5681091ed71e2e67813802.jpg,candidate-source-0277,True,unverified-source-group-suggestion
quality:350,quality,val,Fresh Dragon Fruit,dataset/public/prepared/quality/f294ad936d17f9ac972c7a87c167a9f54bd15d2de22f7af270391e04f66092a3.jpg,candidate-source-0278,True,unverified-source-group-suggestion
quality:807,quality,test,Fresh Dragon Fruit,dataset/public/prepared/quality/5a1c5c0b670f5982960f047d7803abc7d3be731914e9f8d87c091fe7b7f5a111.jpg,candidate-source-0278,True,unverified-source-group-suggestion
maturity:1593,maturity,train,Mature Dragon Fruit,dataset/public/prepared/maturity/2f2105b809c043b9a0ee6f33fa028b3454adc9019b8f2591846c1c1a52847b5f.jpg,candidate-source-0278,True,unverified-source-group-suggestion
maturity:2044,maturity,train,Mature Dragon Fruit,dataset/public/prepared/maturity/bfa4dc770151e079b107f3e6aad5a7ffa8bdb42fb865f42e1b48b18f373aeb51.jpg,candidate-source-0278,True,unverified-source-group-suggestion
quality:351,quality,train,Fresh Dragon Fruit,dataset/public/prepared/quality/bfd1289ea3e11ec83b86c1d81934dd5ad8d79d13826d670b9fd505cc5e7afff4.jpg,candidate-source-0279,False,unverified-source-group-suggestion
quality:623,quality,train,Fresh Dragon Fruit,dataset/public/prepared/quality/455d78b908493d6eb463cdef351be699df6f30987ca164a97ef9e437c3209973.jpg,candidate-source-0279,False,unverified-source-group-suggestion
maturity:1594,maturity,train,Mature Dragon Fruit,dataset/public/prepared/maturity/cc2d7ba1afbdcc219c25bab87689c9ea71e78f9a75520f03316d94a0c3234b9b.jpg,candidate-source-0279,False,unverified-source-group-suggestion
maturity:1839,maturity,train,Mature Dragon Fruit,dataset/public/prepared/maturity/ce7b806eb12249c6a69db4fa748567d5851c6a73a5fe1b397d4b71b14ea15448.jpg,candidate-source-0279,False,unverified-source-group-suggestion
quality:352,quality,train,Fresh Dragon Fruit,dataset/public/prepared/quality/339291c885414bea476ec1bca9b5bd9708c7dcfeda18d30ab4facc0049f5f3ac.jpg,candidate-source-0280,False,unverified-source-group-suggestion
maturity:1595,maturity,train,Mature Dragon Fruit,dataset/public/prepared/maturity/790c6cd7286762047f33466096ab6da0ac822f10c69b7225954c4de9107fe782.jpg,candidate-source-0280,False,unverified-source-group-suggestion
quality:353,quality,test,Fresh Dragon Fruit,dataset/public/prepared/quality/3491cb64828fcf7706814297e367c1a73dfd619255fb0479ce8b9330aea6cf65.jpg,candidate-source-0281,True,unverified-source-group-suggestion
maturity:1582,maturity,train,Mature Dragon Fruit,dataset/public/prepared/maturity/9db94d4b838c07a90963509698b00b6a1f68705843dd03c82f9c5370cb3aec04.jpg,candidate-source-0281,True,unverified-source-group-suggestion
quality:354,quality,train,Fresh Dragon Fruit,dataset/public/prepared/quality/ba658eea6e3765e7954b2f84eeef92124b7353835fb90fd8cc1d0830e6aa49f1.jpg,candidate-source-0282,False,unverified-source-group-suggestion
maturity:1583,maturity,train,Mature Dragon Fruit,dataset/public/prepared/maturity/3543c16a5112feef955f452e90f3b6265d4689ba610af85f7d8468d28ca95ad0.jpg,candidate-source-0282,False,unverified-source-group-suggestion
quality:355,quality,test,Fresh Dragon Fruit,dataset/public/prepared/quality/1538892d72be219e2db58a286bac9578ba31b8747074b7e824a3e7da7f612bd9.jpg,candidate-source-0283,True,unverified-source-group-suggestion
maturity:1584,maturity,train,Mature Dragon Fruit,dataset/public/prepared/maturity/e00305c138f4f44fd746ca63cf5f4b29200fc6c73df6689b39c549ff05d86d2f.jpg,candidate-source-0283,True,unverified-source-group-suggestion
quality:357,quality,train,Fresh Dragon Fruit,dataset/public/prepared/quality/4001c219369e287cfd734604e476934440528ffc70c395fa12a34c33286a88d5.jpg,candidate-source-0284,True,unverified-source-group-suggestion
maturity:1586,maturity,val,Mature Dragon Fruit,dataset/public/prepared/maturity/a5b1a8d5311c612225473ddc15d170c7399215ff227c43a90f31d4ef91956a63.jpg,candidate-source-0284,True,unverified-source-group-suggestion
quality:36,quality,train,Fresh Dragon Fruit,dataset/public/prepared/quality/daebedfe4bdb1aaee5c8e3eba3c529dde36e529f2709f534d445135072be399c.jpg,candidate-source-0285,False,unverified-source-group-suggestion
maturity:1484,maturity,train,Mature Dragon Fruit,dataset/public/prepared/maturity/b0cf51c939182a322dfa3654f97c91d2403ee95658d7bc4e8328576aa44b0e6c.jpg,candidate-source-0285,False,unverified-source-group-suggestion
quality:360,quality,train,Fresh Dragon Fruit,dataset/public/prepared/quality/5d67ba9b01d70b2683c468375f9b073f2b1f9ff215e392db3dd585b41123c07b.jpg,candidate-source-0286,False,unverified-source-group-suggestion
maturity:1575,maturity,train,Mature Dragon Fruit,dataset/public/prepared/maturity/ff8f3e48896834f9503e96a8b65940a0767e5461e3437e596ec1e3b275acdcc2.jpg,candidate-source-0286,False,unverified-source-group-suggestion
quality:361,quality,train,Fresh Dragon Fruit,dataset/public/prepared/quality/54d3b7692532ec5dbad40274f0ead8996df2b401b1a4ec97e1032c223f0b4c94.jpg,candidate-source-0287,False,unverified-source-group-suggestion
maturity:1576,maturity,train,Mature Dragon Fruit,dataset/public/prepared/maturity/38c9bd2f91f68612993feb5d5b31e60b6f70de5906de9c5123fcfd5835246196.jpg,candidate-source-0287,False,unverified-source-group-suggestion
quality:362,quality,test,Fresh Dragon Fruit,dataset/public/prepared/quality/6fee1134474d2b9f3dd655d475d859ddfc457538b89a874b5a403db3e70ddcf8.jpg,candidate-source-0288,True,unverified-source-group-suggestion
quality:688,quality,train,Fresh Dragon Fruit,dataset/public/prepared/quality/9346c3942f547bdacd3331702e18eb8d2ca1995da0d1acad41b4407858c3b663.jpg,candidate-source-0288,True,unverified-source-group-suggestion
maturity:1696,maturity,test,Mature Dragon Fruit,dataset/public/prepared/maturity/40be7499ffccc4697e18b7333e81f8230b014a3753fa46897478f795d29608fb.jpg,candidate-source-0288,True,unverified-source-group-suggestion
maturity:1920,maturity,val,Mature Dragon Fruit,dataset/public/prepared/maturity/ae802b68a719f5e14246516a25d29becb36e7ca7c9c35aef113bbf8a85b61895.jpg,candidate-source-0288,True,unverified-source-group-suggestion
quality:364,quality,train,Fresh Dragon Fruit,dataset/public/prepared/quality/6126f869f3265187416f8cd7cc732641fde98831dbc8982c960826b28ee00411.jpg,candidate-source-0289,False,unverified-source-group-suggestion
maturity:1579,maturity,train,Mature Dragon Fruit,dataset/public/prepared/maturity/5e93e949ac69758f8cc437551566be27a4c094211c851d2213b22bae1be34cdf.jpg,candidate-source-0289,False,unverified-source-group-suggestion
quality:365,quality,val,Fresh Dragon Fruit,dataset/public/prepared/quality/d690bdb9dfb48f9aeed93d318706ce41ff3a9cdaeb6f347f415f26e1c3af6c41.jpg,candidate-source-0290,True,unverified-source-group-suggestion
maturity:1580,maturity,train,Mature Dragon Fruit,dataset/public/prepared/maturity/5b6aa5e29d18deddf04337b90f17d0855b9db17427a27d96e6bc09b1481a4aeb.jpg,candidate-source-0290,True,unverified-source-group-suggestion
quality:366,quality,val,Fresh Dragon Fruit,dataset/public/prepared/quality/4eb06f3caad98bab075463ab71e368e566b37caf6330da82653e2f5bd13bcbca.jpg,candidate-source-0291,True,unverified-source-group-suggestion
maturity:1581,maturity,train,Mature Dragon Fruit,dataset/public/prepared/maturity/213702352fcd9fde5ff2497f3c7f942dbd7b774365027f1f31074a39c62b2872.jpg,candidate-source-0291,True,unverified-source-group-suggestion
quality:367,quality,test,Fresh Dragon Fruit,dataset/public/prepared/quality/58341f9ec25db5c219045ed9825bcd96c764c5df5a45287105325c79562494c7.jpg,candidate-source-0292,True,unverified-source-group-suggestion
maturity:1630,maturity,train,Mature Dragon Fruit,dataset/public/prepared/maturity/1aa786665df315a26c6e56cff6b15813261efbca088bc30ddbeeb903c2b83c24.jpg,candidate-source-0292,True,unverified-source-group-suggestion
quality:368,quality,train,Fresh Dragon Fruit,dataset/public/prepared/quality/fe2f95c2741753740421c3d1e235b3bd7a7c57ee117925af8f41b39f4e693c24.jpg,candidate-source-0293,True,unverified-source-group-suggestion
maturity:1631,maturity,val,Mature Dragon Fruit,dataset/public/prepared/maturity/1746f27d5e741476b5b8a78053a5cdeece4f5436825e5b2831432c024bdef92e.jpg,candidate-source-0293,True,unverified-source-group-suggestion
quality:369,quality,test,Fresh Dragon Fruit,dataset/public/prepared/quality/f0804db389e117c45cf5bcbca5a819c94f96bb18656a682f43f5ac581a761bb1.jpg,candidate-source-0294,False,unverified-source-group-suggestion
maturity:1632,maturity,test,Mature Dragon Fruit,dataset/public/prepared/maturity/c7763ad1406647577e4016846986a7605c6d31ea57342df25afdb7909fd2c481.jpg,candidate-source-0294,False,unverified-source-group-suggestion
quality:37,quality,train,Fresh Dragon Fruit,dataset/public/prepared/quality/8de542ff594cc5faedf4fd8331c8816abdfe6ea8ad5159e76e335cf6aa73ebe9.jpg,candidate-source-0295,True,unverified-source-group-suggestion
quality:114,quality,train,Fresh Dragon Fruit,dataset/public/prepared/quality/5b6f41c1c78eafdcafee28f2a2cc45586f1cab7bf8ac5747c552c17484b0e9a3.jpg,candidate-source-0295,True,unverified-source-group-suggestion
quality:801,quality,train,Fresh Dragon Fruit,dataset/public/prepared/quality/e8f3e17a58f53947e7232f7c281f8e54006165d829f12ed1cb969408f0f74160.jpg,candidate-source-0295,True,unverified-source-group-suggestion
maturity:1265,maturity,train,Mature Dragon Fruit,dataset/public/prepared/maturity/2246eff72a248aa11702fb2560e3b842b80b578babb6d70e499aa4e7e0ddf324.jpg,candidate-source-0295,True,unverified-source-group-suggestion
maturity:1346,maturity,train,Mature Dragon Fruit,dataset/public/prepared/maturity/c2d9951b037f6c8fa563a9f28f764a8e7ef3998e97d1ee847f569a4f9cd3b8a5.jpg,candidate-source-0295,True,unverified-source-group-suggestion
maturity:1455,maturity,test,Mature Dragon Fruit,dataset/public/prepared/maturity/c5ce232de235dc0f7c4b63e5773f08b609d18d71ea4716a5abcad3c6afea0505.jpg,candidate-source-0295,True,unverified-source-group-suggestion
quality:370,quality,val,Fresh Dragon Fruit,dataset/public/prepared/quality/f862a294153bbc5c58edd538d83821d95eb754f6b237165f5fd7c79dc997ec64.jpg,candidate-source-0296,True,unverified-source-group-suggestion
maturity:1633,maturity,train,Mature Dragon Fruit,dataset/public/prepared/maturity/176fe308eab9f9d70c12c89dddbc869536c7bc46c6241b40531bdfc5bc79fe8f.jpg,candidate-source-0296,True,unverified-source-group-suggestion
quality:371,quality,test,Fresh Dragon Fruit,dataset/public/prepared/quality/688526bd926fd3387936bd22b4ccb673b6140ad212e776f141c8423a48890326.jpg,candidate-source-0297,False,unverified-source-group-suggestion
maturity:1748,maturity,test,Mature Dragon Fruit,dataset/public/prepared/maturity/673e1eb150dd3d6851ed263fffee43151562213d46c69557f2bf1381ae0cab42.jpg,candidate-source-0297,False,unverified-source-group-suggestion
quality:373,quality,train,Fresh Dragon Fruit,dataset/public/prepared/quality/e245aa187e4ff8f3156ecc90253972abfbad3942f33a2a3aa73384dcc7efae3d.jpg,candidate-source-0298,False,unverified-source-group-suggestion
maturity:1636,maturity,train,Mature Dragon Fruit,dataset/public/prepared/maturity/f8bd24fe2b6bb75b0bb41cedcb96ed3ff6cc0850f17cae0535a68f11cb0b441c.jpg,candidate-source-0298,False,unverified-source-group-suggestion
quality:374,quality,train,Fresh Dragon Fruit,dataset/public/prepared/quality/b985f0127f22e77351045d0ad77b96a12a3dd302bfe9e1eec678d00ca4427253.jpg,candidate-source-0299,True,unverified-source-group-suggestion
quality:404,quality,train,Fresh Dragon Fruit,dataset/public/prepared/quality/d35dae8f60884738a804f916eec74655169b2d12509617a1353700b355026af6.jpg,candidate-source-0299,True,unverified-source-group-suggestion
maturity:1623,maturity,val,Mature Dragon Fruit,dataset/public/prepared/maturity/ed0fb6ded382fca9cf67be3a2e57f6b2fcb11d0abce311de314811a1df2052c4.jpg,candidate-source-0299,True,unverified-source-group-suggestion
maturity:1672,maturity,test,Mature Dragon Fruit,dataset/public/prepared/maturity/3434fb05194278ddf3b45ca23c44118f89559c5e13afd6d9ca8f113b99b28445.jpg,candidate-source-0299,True,unverified-source-group-suggestion
quality:375,quality,train,Fresh Dragon Fruit,dataset/public/prepared/quality/3bf9c3f714c5bd3854cc577a1b096987c7ec3e0b2f5aa63caa226e11b3d4ad7e.jpg,candidate-source-0300,True,unverified-source-group-suggestion
quality:681,quality,val,Fresh Dragon Fruit,dataset/public/prepared/quality/f34b87b3fcab1024dde9f748038704c93fc6ff7251c537062670445923c8f161.jpg,candidate-source-0300,True,unverified-source-group-suggestion
maturity:1624,maturity,train,Mature Dragon Fruit,dataset/public/prepared/maturity/8092999c49264827a271397edcaf616fb89d9d141992c5ba9a19fb91066a9290.jpg,candidate-source-0300,True,unverified-source-group-suggestion
maturity:1771,maturity,train,Mature Dragon Fruit,dataset/public/prepared/maturity/e2d5981552104a8c61dcc39a391f46a83c898cb2f2bbc1119e51db3d8ede57f4.jpg,candidate-source-0300,True,unverified-source-group-suggestion
quality:376,quality,train,Fresh Dragon Fruit,dataset/public/prepared/quality/badcb6c75b176238b460a7db36298e4fa57478932cf7707dd054328163fcd92f.jpg,candidate-source-0301,False,unverified-source-group-suggestion
maturity:1625,maturity,train,Mature Dragon Fruit,dataset/public/prepared/maturity/67e40ded7df32c25a04e93af1c7c5779e000516829c64668664c3fc6c888cd1c.jpg,candidate-source-0301,False,unverified-source-group-suggestion
quality:377,quality,train,Fresh Dragon Fruit,dataset/public/prepared/quality/934ffb7356b357b5dd74070e22e7f13c4a32583ce935662c5fb2bddf00a7e6dd.jpg,candidate-source-0302,False,unverified-source-group-suggestion
maturity:1626,maturity,train,Mature Dragon Fruit,dataset/public/prepared/maturity/e92591d12a8530cdb0055400becb73a0d51ce5ccb628bd5aac72c1014b703377.jpg,candidate-source-0302,False,unverified-source-group-suggestion
quality:378,quality,train,Fresh Dragon Fruit,dataset/public/prepared/quality/6bf8e1ad26cd520dfda4ddb0a39b4192f40cfc4b9a0a53c9c292e2a78d0e272b.jpg,candidate-source-0303,False,unverified-source-group-suggestion
maturity:1627,maturity,train,Mature Dragon Fruit,dataset/public/prepared/maturity/b89459658f8404a9fca35128f147c7dc0208ad6aa3dac3dfe18f41aa7a41f1d7.jpg,candidate-source-0303,False,unverified-source-group-suggestion
quality:379,quality,val,Fresh Dragon Fruit,dataset/public/prepared/quality/f04586cfc78558ab99eb677354bfebd9920983f208306a07743c386b68a329bd.jpg,candidate-source-0304,True,unverified-source-group-suggestion
maturity:1628,maturity,train,Mature Dragon Fruit,dataset/public/prepared/maturity/d6870ccc8680118c1ce16ce79f9b45df19e1c2a7c92cce9adb97ea6dbf484029.jpg,candidate-source-0304,True,unverified-source-group-suggestion
quality:38,quality,train,Fresh Dragon Fruit,dataset/public/prepared/quality/7eae4456dc80c46d345c93f2d9961312c93ff06a0dccf347c1517398556828e8.jpg,candidate-source-0305,False,unverified-source-group-suggestion
maturity:1300,maturity,train,Mature Dragon Fruit,dataset/public/prepared/maturity/f0e6f5eb4413e0c60de55fe5f492bdf20ffd3684cedcb3c30a48ee0cfc2fc0a8.jpg,candidate-source-0305,False,unverified-source-group-suggestion
quality:380,quality,train,Fresh Dragon Fruit,dataset/public/prepared/quality/db72d1f59ad5ea14af44a7d5930226293bc8ac725cc62924d89eac5bd16469a0.jpg,candidate-source-0306,True,unverified-source-group-suggestion
quality:607,quality,train,Fresh Dragon Fruit,dataset/public/prepared/quality/5128e3a894b908cb28b8ddbc1e850753ba3581190ab0e271397646c655bf4e89.jpg,candidate-source-0306,True,unverified-source-group-suggestion
maturity:1629,maturity,test,Mature Dragon Fruit,dataset/public/prepared/maturity/6cfa9d18b8ef50f4dda29cd123c0c118c2824119e81d4d1cfb3e963c9c18dd47.jpg,candidate-source-0306,True,unverified-source-group-suggestion
maturity:1850,maturity,train,Mature Dragon Fruit,dataset/public/prepared/maturity/9139899c11a27614f2659e0d0590c2f6f347299498b79204810409e954a92159.jpg,candidate-source-0306,True,unverified-source-group-suggestion
quality:381,quality,val,Fresh Dragon Fruit,dataset/public/prepared/quality/dabc2a3fa7b490ee69b3b50c0a0fe23d1991d466db32355b6008d62973b101fd.jpg,candidate-source-0307,False,unverified-source-group-suggestion
maturity:1616,maturity,val,Mature Dragon Fruit,dataset/public/prepared/maturity/213bba78a07de067d5bdfa33e62ef26b04f7420dddff81589515b9bc931c515f.jpg,candidate-source-0307,False,unverified-source-group-suggestion
quality:382,quality,train,Fresh Dragon Fruit,dataset/public/prepared/quality/bf589982721859c5a3865bd9354c0082899e091408b135cab6fd99e072a6b706.jpg,candidate-source-0308,False,unverified-source-group-suggestion
maturity:1617,maturity,train,Mature Dragon Fruit,dataset/public/prepared/maturity/2f8a34ec29f54180f4bbed40590126c96c23972124c1a5ba4ecfa5aac798f2d9.jpg,candidate-source-0308,False,unverified-source-group-suggestion
quality:383,quality,train,Fresh Dragon Fruit,dataset/public/prepared/quality/f0c7be4e89f87d251d37808efcb62030e29a916a51ad1b92a0131b10906322cc.jpg,candidate-source-0309,False,unverified-source-group-suggestion
maturity:1618,maturity,train,Mature Dragon Fruit,dataset/public/prepared/maturity/cb5a5ad97c849cf598ef2c8816f1f3fa44f97e54b188738fae2dd69892fefdb6.jpg,candidate-source-0309,False,unverified-source-group-suggestion
quality:384,quality,train,Fresh Dragon Fruit,dataset/public/prepared/quality/f3e8c1119e5f5ae70f0f4cc86ea38a1db5a32178034c0f538eec1715710b312b.jpg,candidate-source-0310,True,unverified-source-group-suggestion
maturity:1619,maturity,test,Mature Dragon Fruit,dataset/public/prepared/maturity/da55e3c3408cf9768d162ad58a9afb4554e15a352b989fe3de34dd2e93d28834.jpg,candidate-source-0310,True,unverified-source-group-suggestion
quality:385,quality,test,Fresh Dragon Fruit,dataset/public/prepared/quality/4d22c43f2a08210bb4a042d6a377523e97b205ea9b11e7252e2b0c83a609abc3.jpg,candidate-source-0311,True,unverified-source-group-suggestion
quality:633,quality,val,Fresh Dragon Fruit,dataset/public/prepared/quality/6f4eafc2225328c224cd01bbe36ed921d169d7bfb3413bc8c044f19900ee57c7.jpg,candidate-source-0311,True,unverified-source-group-suggestion
maturity:1620,maturity,train,Mature Dragon Fruit,dataset/public/prepared/maturity/484b8191195543b056866ff0ea841f1ac0c584c004bdeee8700318f68735f396.jpg,candidate-source-0311,True,unverified-source-group-suggestion
maturity:1979,maturity,test,Mature Dragon Fruit,dataset/public/prepared/maturity/4de3f74a08bc420d9dac9908f45e12b83ebed1ee94c1f8eb6792d375290a8f67.jpg,candidate-source-0311,True,unverified-source-group-suggestion
quality:386,quality,train,Fresh Dragon Fruit,dataset/public/prepared/quality/b3444dac4598e818df2a476e45ec92ce8c46c40f278a75d474a5dee8e2a63281.jpg,candidate-source-0312,False,unverified-source-group-suggestion
quality:832,quality,train,Fresh Dragon Fruit,dataset/public/prepared/quality/1993b3651ea5e99b7616ca820b9018680771b01428162e9731b0a3edd43d039b.jpg,candidate-source-0312,False,unverified-source-group-suggestion
maturity:1621,maturity,train,Mature Dragon Fruit,dataset/public/prepared/maturity/8a29a64509cf347995f4fa7ec7ec1777c620369ce61f383d0605dbdd6fa4cc70.jpg,candidate-source-0312,False,unverified-source-group-suggestion
maturity:2077,maturity,train,Mature Dragon Fruit,dataset/public/prepared/maturity/a10cc36a330e5ea9ab89ae682e8674957be6e49b880024208df80f9a6ce8ee1e.jpg,candidate-source-0312,False,unverified-source-group-suggestion
quality:387,quality,train,Fresh Dragon Fruit,dataset/public/prepared/quality/369a0c849946f30bfd6edf9c1c49e66555ba5269891d19d9d01c4ac1d7111a8d.jpg,candidate-source-0313,False,unverified-source-group-suggestion
maturity:1622,maturity,train,Mature Dragon Fruit,dataset/public/prepared/maturity/599875963072d507b1a6d4680f0e9af1a6a4a514f86f642db1bc791dee720e5c.jpg,candidate-source-0313,False,unverified-source-group-suggestion
quality:388,quality,train,Fresh Dragon Fruit,dataset/public/prepared/quality/7e206471656bbe9c2779b5c97be2530d094d6a617b359a15ca3ffe49f2f87be4.jpg,candidate-source-0314,True,unverified-source-group-suggestion
maturity:1549,maturity,val,Mature Dragon Fruit,dataset/public/prepared/maturity/e4dc9cd42642641fafa84d61b000c437bbd9fc5c5c2ab520725482d8d59b5a40.jpg,candidate-source-0314,True,unverified-source-group-suggestion
quality:389,quality,train,Fresh Dragon Fruit,dataset/public/prepared/quality/6a1cec8eafd20bdf21a1cb8f5788bd19d937fc0707fe3ace1f18cc843da39f81.jpg,candidate-source-0315,True,unverified-source-group-suggestion
maturity:1828,maturity,test,Mature Dragon Fruit,dataset/public/prepared/maturity/d2ab9f1ee83daa784c6eeea745570a08fd42bfac24a740b3142f45020231041e.jpg,candidate-source-0315,True,unverified-source-group-suggestion
quality:39,quality,val,Fresh Dragon Fruit,dataset/public/prepared/quality/bda22a8822ecd13898512457a1017eefdaa549fcc12d25c0fe69346e83a425d0.jpg,candidate-source-0316,True,unverified-source-group-suggestion
maturity:1301,maturity,test,Mature Dragon Fruit,dataset/public/prepared/maturity/33583199cdec396ba71eed66adbbff88dd2ccf3c84e3fd0f33028033139f06e0.jpg,candidate-source-0316,True,unverified-source-group-suggestion
quality:390,quality,test,Fresh Dragon Fruit,dataset/public/prepared/quality/785b72106d831a5272f6c02d7bc7f86eb81b53a69e47983d4438c547ae8a69a5.jpg,candidate-source-0317,True,unverified-source-group-suggestion
maturity:1242,maturity,train,Mature Dragon Fruit,dataset/public/prepared/maturity/f7248112cf002e4e01e4e3615cf7b50c96ca2ba4e10033a3ce69e2bd5a1cceaa.jpg,candidate-source-0317,True,unverified-source-group-suggestion
quality:391,quality,train,Fresh Dragon Fruit,dataset/public/prepared/quality/1fddfae6612ced5e628af1a341d12ca9f9e3a49299ffd6451d80d9401da9fa5e.jpg,candidate-source-0318,True,unverified-source-group-suggestion
quality:437,quality,train,Fresh Dragon Fruit,dataset/public/prepared/quality/7662c1473b3d9ec9771209c33d88ecc37aeb1ccb3aaa4195da74b5559e699e29.jpg,candidate-source-0318,True,unverified-source-group-suggestion
quality:558,quality,test,Fresh Dragon Fruit,dataset/public/prepared/quality/658fd2539e5b9542312b93ab4110a18273b1b0824fe91b04caf5780ce3330d3a.jpg,candidate-source-0318,True,unverified-source-group-suggestion
maturity:1547,maturity,train,Mature Dragon Fruit,dataset/public/prepared/maturity/dd6a79d0388dca59deac7ee2fb62e08269f99e24f2ff3e2cc959494cc27693f8.jpg,candidate-source-0318,True,unverified-source-group-suggestion
maturity:1685,maturity,test,Mature Dragon Fruit,dataset/public/prepared/maturity/1aa5f39f08ec7444a455cf5de0333d66cff090c7e585c56e38de383afd4318a0.jpg,candidate-source-0318,True,unverified-source-group-suggestion
maturity:1792,maturity,train,Mature Dragon Fruit,dataset/public/prepared/maturity/1984cf005219b84432ef3711bf6e4496b2e2085ba91c30db40f76f8e5b5ef0f6.jpg,candidate-source-0318,True,unverified-source-group-suggestion
quality:392,quality,val,Fresh Dragon Fruit,dataset/public/prepared/quality/d5c4048dd04565ff562c856eaf6a802a293f7eb3542821c3b8d916eb653f506e.jpg,candidate-source-0319,True,unverified-source-group-suggestion
maturity:1773,maturity,train,Mature Dragon Fruit,dataset/public/prepared/maturity/03bcdb8f38da5c79223f53b1fcf71d5e9935f5f248099585bdccff887d7ca660.jpg,candidate-source-0319,True,unverified-source-group-suggestion
quality:393,quality,train,Fresh Dragon Fruit,dataset/public/prepared/quality/9c5ec2c2c8fabfc2f5d404636fe55ddaa525d49f2789cd0f79cbb19b3b340e07.jpg,candidate-source-0320,False,unverified-source-group-suggestion
quality:1074,quality,train,Defect Dragon Fruit,dataset/public/prepared/quality/3779c54d7525bef8989e010c738562ba076445b3bde47cf3f56a65927720cf74.jpg,candidate-source-0320,False,unverified-source-group-suggestion
maturity:1611,maturity,train,Mature Dragon Fruit,dataset/public/prepared/maturity/3779c54d7525bef8989e010c738562ba076445b3bde47cf3f56a65927720cf74.jpg,candidate-source-0320,False,unverified-source-group-suggestion
quality:394,quality,val,Fresh Dragon Fruit,dataset/public/prepared/quality/c0412fde03c4146bb3436c7a8691bfe4c82a254ad8ffed341a8f4a01318cb80c.jpg,candidate-source-0321,True,unverified-source-group-suggestion
maturity:1612,maturity,test,Mature Dragon Fruit,dataset/public/prepared/maturity/eeb0411444da86b31c10f4bcbf224c6604c44dacd8d9b2c472cb20aa31217a13.jpg,candidate-source-0321,True,unverified-source-group-suggestion
quality:395,quality,train,Fresh Dragon Fruit,dataset/public/prepared/quality/30bd3ce2d7e9f41879a6aee87f0e3d89c3baf0111770d6f743b59fb74838bf0d.jpg,candidate-source-0322,False,unverified-source-group-suggestion
maturity:1539,maturity,train,Mature Dragon Fruit,dataset/public/prepared/maturity/361b140cbcb8e97cfa60bd001c3d7873d902a75523617acd667ffa111954e407.jpg,candidate-source-0322,False,unverified-source-group-suggestion
quality:397,quality,train,Fresh Dragon Fruit,dataset/public/prepared/quality/eeba8964fadd69d7342e35c0ce79d55113823226a8f4ad1e68b9377949b6255c.jpg,candidate-source-0323,False,unverified-source-group-suggestion
maturity:1615,maturity,train,Mature Dragon Fruit,dataset/public/prepared/maturity/4081f05bb3623798ce6df287e032c19c56b329520164d153fca953c5606e6ee4.jpg,candidate-source-0323,False,unverified-source-group-suggestion
quality:398,quality,train,Fresh Dragon Fruit,dataset/public/prepared/quality/5e2c117e4990f7c0be2f3e7135ec3bf615927908be1f3871c0cd1041b187570a.jpg,candidate-source-0324,True,unverified-source-group-suggestion
maturity:1294,maturity,val,Mature Dragon Fruit,dataset/public/prepared/maturity/f2d7cd1fe77d34e32240ef8547002b47bacf2d890cebf6e435e420898bdb6870.jpg,candidate-source-0324,True,unverified-source-group-suggestion
quality:399,quality,val,Fresh Dragon Fruit,dataset/public/prepared/quality/c951a7294e88c5fd53b860341b700a75f6f1ab40bf7f06810fee40ae01c7cff1.jpg,candidate-source-0325,True,unverified-source-group-suggestion
maturity:1659,maturity,train,Mature Dragon Fruit,dataset/public/prepared/maturity/88db5dd6e2c053a6d188569b50d1243c8ce1bbfc3f035c1e2df710cebabe0cad.jpg,candidate-source-0325,True,unverified-source-group-suggestion
quality:4,quality,train,Fresh Dragon Fruit,dataset/public/prepared/quality/4d9f2c16e7c835d5982e525a4efd3650cc68970d7ff57a66ed1a2b6e8d386f26.jpg,candidate-source-0326,False,unverified-source-group-suggestion
maturity:1635,maturity,train,Mature Dragon Fruit,dataset/public/prepared/maturity/b01a8f2101d836accbbfd808cd380ac8517c139e3fb5754ba62eb00d9d0b5796.jpg,candidate-source-0326,False,unverified-source-group-suggestion
quality:40,quality,train,Fresh Dragon Fruit,dataset/public/prepared/quality/140f08ed2353c844b7c6119c8b0dcce77ad34ed9acfde472158023df116e9355.jpg,candidate-source-0327,False,unverified-source-group-suggestion
maturity:1481,maturity,train,Mature Dragon Fruit,dataset/public/prepared/maturity/92d8ac6d8c2ef8864dcabe99891e8075c4150b495b47efec5340c35f61abbdfb.jpg,candidate-source-0327,False,unverified-source-group-suggestion
quality:400,quality,train,Fresh Dragon Fruit,dataset/public/prepared/quality/750022fa37adae35111d149b308d283d04e25ca25c3f34f427ebdc0c69d391c6.jpg,candidate-source-0328,False,unverified-source-group-suggestion
maturity:1660,maturity,train,Mature Dragon Fruit,dataset/public/prepared/maturity/440c3d7873d4572b075330b7a506f0cb1ef84e11ab75a5758bc711ec8cbaa6f1.jpg,candidate-source-0328,False,unverified-source-group-suggestion
quality:401,quality,val,Fresh Dragon Fruit,dataset/public/prepared/quality/0151e8972ff7dcf24632a180e01df7163eea6720ef1273ff97017b7254db8ca2.jpg,candidate-source-0329,True,unverified-source-group-suggestion
quality:415,quality,train,Fresh Dragon Fruit,dataset/public/prepared/quality/b6b250106f07ae38e9c30fc957540be896372f08d8dc616159d9f77a8342ec97.jpg,candidate-source-0329,True,unverified-source-group-suggestion
maturity:1598,maturity,train,Mature Dragon Fruit,dataset/public/prepared/maturity/69ecd10efba34000f770f8ddbb7dfd15a2dfb7d3888dfa91d554f2b73f0c6c27.jpg,candidate-source-0329,True,unverified-source-group-suggestion
maturity:1644,maturity,train,Mature Dragon Fruit,dataset/public/prepared/maturity/fa7d25ea4b233995c4296f6c09c5499107f7db209701080d99de00b6ee9966c9.jpg,candidate-source-0329,True,unverified-source-group-suggestion
quality:402,quality,train,Fresh Dragon Fruit,dataset/public/prepared/quality/18dd377737ac7f73deef763b0f19925132a7d57f0c4a97ef310b263d395e2b6d.jpg,candidate-source-0330,False,unverified-source-group-suggestion
maturity:1662,maturity,train,Mature Dragon Fruit,dataset/public/prepared/maturity/09a28a6e4ea5ad7013c8058906f4cfa71fe3c83708c428645ce8011c9a6a105c.jpg,candidate-source-0330,False,unverified-source-group-suggestion
quality:405,quality,train,Fresh Dragon Fruit,dataset/public/prepared/quality/b7a7863973cea9dad3cbb58f9d9e94e40330d62f46fc6394aaa85154a69b998c.jpg,candidate-source-0331,True,unverified-source-group-suggestion
maturity:2030,maturity,test,Mature Dragon Fruit,dataset/public/prepared/maturity/0a760d86b766a9594a2e0d90b9ba33c7c3a7f702668d7e0dfa449a2b73c4dc41.jpg,candidate-source-0331,True,unverified-source-group-suggestion
quality:406,quality,train,Fresh Dragon Fruit,dataset/public/prepared/quality/08c020249de540c221112de4dba92781ddf6b22927a119a65d49ca7fd245c4d3.jpg,candidate-source-0332,False,unverified-source-group-suggestion
maturity:1608,maturity,train,Mature Dragon Fruit,dataset/public/prepared/maturity/81e53f0d371287c6fe514b28ba6f187c2b96cd8e945f12a67e55ad172cd582d0.jpg,candidate-source-0332,False,unverified-source-group-suggestion
quality:407,quality,train,Fresh Dragon Fruit,dataset/public/prepared/quality/67d777b044fe2221d7949541b8984c09d828e3f072ec659e3f942a494c1bef42.jpg,candidate-source-0333,True,unverified-source-group-suggestion
maturity:1727,maturity,val,Mature Dragon Fruit,dataset/public/prepared/maturity/266892f59e3527be464f2840a8316d44d8c615b72e371cbf4d76a3ac59915c6c.jpg,candidate-source-0333,True,unverified-source-group-suggestion
quality:408,quality,train,Fresh Dragon Fruit,dataset/public/prepared/quality/f544b55ed5c6e1e8edcfd364980ea73bbdb05966906ad9321b8694ae9430f3ec.jpg,candidate-source-0334,False,unverified-source-group-suggestion
maturity:1651,maturity,train,Mature Dragon Fruit,dataset/public/prepared/maturity/66cb1e05609fa972008f870e6dbf9a1f9cc2f5a81dd68e568977bae6fe4bf10e.jpg,candidate-source-0334,False,unverified-source-group-suggestion
quality:409,quality,train,Fresh Dragon Fruit,dataset/public/prepared/quality/550e361f58f8bc23986651b603d6028f3fb426bab6114d4869287a5c1c62fef3.jpg,candidate-source-0335,False,unverified-source-group-suggestion
maturity:1652,maturity,train,Mature Dragon Fruit,dataset/public/prepared/maturity/b41f2ff91440d5e33ac906bbd16e52b8dc3ac004b617be592bb1b20fe7e5e6b1.jpg,candidate-source-0335,False,unverified-source-group-suggestion
quality:41,quality,test,Fresh Dragon Fruit,dataset/public/prepared/quality/cecada3d61e1750128c434b4a5457f1baf282dd6b5ea728b5b3e7a84eeea0e53.jpg,candidate-source-0336,True,unverified-source-group-suggestion
maturity:1286,maturity,train,Mature Dragon Fruit,dataset/public/prepared/maturity/79e504fee85e6d9a967307320225469eae2ca7728284368a6337b3f38270d9c7.jpg,candidate-source-0336,True,unverified-source-group-suggestion
quality:411,quality,train,Fresh Dragon Fruit,dataset/public/prepared/quality/a0fcb8e2e2a5a505df168cb05f9ccfd6e143652ef4e05e66756544df5de09d69.jpg,candidate-source-0337,False,unverified-source-group-suggestion
maturity:1654,maturity,train,Mature Dragon Fruit,dataset/public/prepared/maturity/82b103fedc8773c6085fbdb7fdc6d24c189e1f485b3cf1dfdae3dd73a5ba1b74.jpg,candidate-source-0337,False,unverified-source-group-suggestion
quality:413,quality,train,Fresh Dragon Fruit,dataset/public/prepared/quality/cb1b01270a31588833179b6f5362cccc0b20a6833b4008f0f0bf45686e3192ee.jpg,candidate-source-0338,True,unverified-source-group-suggestion
maturity:1656,maturity,val,Mature Dragon Fruit,dataset/public/prepared/maturity/bccbe1322064ab707f833e3bd810256951ae9790c3d9aaffd02aaaa029c15071.jpg,candidate-source-0338,True,unverified-source-group-suggestion
quality:414,quality,val,Fresh Dragon Fruit,dataset/public/prepared/quality/50cc9ffecaf1a351d84346a17b8a1c78b2f920773124086c8af58d59d53016a4.jpg,candidate-source-0339,False,unverified-source-group-suggestion
maturity:1657,maturity,val,Mature Dragon Fruit,dataset/public/prepared/maturity/6925f0f36ffb90a08481baf06637647feaae8f9d7264c2809c8de42e46883a75.jpg,candidate-source-0339,False,unverified-source-group-suggestion
quality:416,quality,train,Fresh Dragon Fruit,dataset/public/prepared/quality/c116bb39b3b74da5c3b9cbb1ccaae82199f8fc0bc4ef3d56b404363a8df36d39.jpg,candidate-source-0340,False,unverified-source-group-suggestion
maturity:1645,maturity,train,Mature Dragon Fruit,dataset/public/prepared/maturity/725d5c1b25f536051c1bb3e859333c3f56ffe1f8f14e83a63e7f08c4fae421be.jpg,candidate-source-0340,False,unverified-source-group-suggestion
quality:417,quality,test,Fresh Dragon Fruit,dataset/public/prepared/quality/49444195a35dc7d90778baea9312126f42eb0ac942b8b6070ebe6bc04bdb319f.jpg,candidate-source-0341,True,unverified-source-group-suggestion
maturity:1646,maturity,train,Mature Dragon Fruit,dataset/public/prepared/maturity/9813e2224cdf1169d55dbb2f506b85cea948cc720a83a4011a732a9676e0d1df.jpg,candidate-source-0341,True,unverified-source-group-suggestion
quality:418,quality,train,Fresh Dragon Fruit,dataset/public/prepared/quality/826ff3cabdc3e748b409e99dab086b8d191eb23c120ffcd2c05c25fdde685239.jpg,candidate-source-0342,True,unverified-source-group-suggestion
maturity:1647,maturity,val,Mature Dragon Fruit,dataset/public/prepared/maturity/83403095d2a245544e9e3b043008504049ec2b182d8df53023d40b8e9cb10cb5.jpg,candidate-source-0342,True,unverified-source-group-suggestion
quality:42,quality,test,Fresh Dragon Fruit,dataset/public/prepared/quality/ba9705f88b183bd4b54be6a9bd6e36aa77809af756741b7cc0a9c58dd9c4d90d.jpg,candidate-source-0343,False,unverified-source-group-suggestion
maturity:1287,maturity,test,Mature Dragon Fruit,dataset/public/prepared/maturity/10a0c312c09b45149744fca8d4abcb9ff1b0a50675d10a850c3cd485f39cd563.jpg,candidate-source-0343,False,unverified-source-group-suggestion
quality:420,quality,val,Fresh Dragon Fruit,dataset/public/prepared/quality/f70035c8ecdf1dbfcd7a9b1269454fe775980bf1b01215a4e327d0e4b0d3167f.jpg,candidate-source-0344,True,unverified-source-group-suggestion
quality:637,quality,val,Fresh Dragon Fruit,dataset/public/prepared/quality/d8d01087afe8bfef4e3a6e50b8974564032215eae1b6eed1fb0e99e0910f0dd9.jpg,candidate-source-0344,True,unverified-source-group-suggestion
maturity:1649,maturity,train,Mature Dragon Fruit,dataset/public/prepared/maturity/cc1a44d2fb0f40dbe725a6fdc365ed6151bd2efe59a74a85267ce52cff5874be.jpg,candidate-source-0344,True,unverified-source-group-suggestion
maturity:1869,maturity,train,Mature Dragon Fruit,dataset/public/prepared/maturity/df2da3bdd79dddeb182c7f3759566f70cda0cfd4ac73d33e8bfa67e4bd84c443.jpg,candidate-source-0344,True,unverified-source-group-suggestion
quality:421,quality,train,Fresh Dragon Fruit,dataset/public/prepared/quality/c82657e372157faf45bbec7b278428901faaf799512d19bda830d30ce6f23fd2.jpg,candidate-source-0345,False,unverified-source-group-suggestion
maturity:1650,maturity,train,Mature Dragon Fruit,dataset/public/prepared/maturity/4e579eda7ad1da1b89f5908070c70708ef8a83128d1c1562966f413e73e4144d.jpg,candidate-source-0345,False,unverified-source-group-suggestion
quality:422,quality,val,Fresh Dragon Fruit,dataset/public/prepared/quality/c06feaa151a347e8400375fdf8e18b00f3e66bde1987ca414fa9ac4e55002b4f.jpg,candidate-source-0346,True,unverified-source-group-suggestion
maturity:1578,maturity,train,Mature Dragon Fruit,dataset/public/prepared/maturity/1ce0aeb5b203b6688543f7db5ad14ef242e085b5ea08b81f3ab2bbff5071316d.jpg,candidate-source-0346,True,unverified-source-group-suggestion
quality:424,quality,train,Fresh Dragon Fruit,dataset/public/prepared/quality/813fe9925393a28fd66bd8f1a300b6923fea3fd48df801c286267726e9115ffc.jpg,candidate-source-0347,True,unverified-source-group-suggestion
maturity:1639,maturity,val,Mature Dragon Fruit,dataset/public/prepared/maturity/e15e839ddd8998d01b1f22e853761cd05c284dd1f022a7480092619452ff2006.jpg,candidate-source-0347,True,unverified-source-group-suggestion
quality:425,quality,train,Fresh Dragon Fruit,dataset/public/prepared/quality/1ce0b34c057378aa8b483218c1bef43c527d78ed177a0cd9b9037a1a77f4c6b5.jpg,candidate-source-0348,False,unverified-source-group-suggestion
maturity:1693,maturity,train,Mature Dragon Fruit,dataset/public/prepared/maturity/5da2f0747f5a288ecf32f68b71e6a962541eac5fdda20fb0d8c811cd2a7dfaf7.jpg,candidate-source-0348,False,unverified-source-group-suggestion
quality:426,quality,val,Fresh Dragon Fruit,dataset/public/prepared/quality/29d72f99a709ade83e72b1952ceac80a815b55e28b8978d31c056c967abbf680.jpg,candidate-source-0349,True,unverified-source-group-suggestion
maturity:1641,maturity,train,Mature Dragon Fruit,dataset/public/prepared/maturity/606cdead731427dc87c048446736d55e1090b85fda937a0848c60b3d54a8419f.jpg,candidate-source-0349,True,unverified-source-group-suggestion
quality:427,quality,train,Fresh Dragon Fruit,dataset/public/prepared/quality/2b4af1dec02bfb90147bc05f1373a3cf39108fbea6dfda230ee4c9dd29897306.jpg,candidate-source-0350,True,unverified-source-group-suggestion
maturity:1642,maturity,test,Mature Dragon Fruit,dataset/public/prepared/maturity/fa0a3fd04e483d50f4fe2d4d4664eab2ec0f95105c2920f66dabd0c8f48e81c7.jpg,candidate-source-0350,True,unverified-source-group-suggestion
quality:428,quality,val,Fresh Dragon Fruit,dataset/public/prepared/quality/8ee97fab2a61df71dc44f178a37851358df257bd81ec8a9f286582e03c301566.jpg,candidate-source-0351,True,unverified-source-group-suggestion
maturity:1643,maturity,train,Mature Dragon Fruit,dataset/public/prepared/maturity/8475e404f5d497f37804fab2ae7244cb208b51a658834d5c099de487d842c005.jpg,candidate-source-0351,True,unverified-source-group-suggestion
quality:429,quality,train,Fresh Dragon Fruit,dataset/public/prepared/quality/86e37cf1e721271a2eb3984e5b87d0759a894f1bc35dbe8b52a3f0b877b00b94.jpg,candidate-source-0352,False,unverified-source-group-suggestion
maturity:1691,maturity,train,Mature Dragon Fruit,dataset/public/prepared/maturity/c87f85afb330d34c31dd478605b4a8851fc0b78461dde0bdae08641c23884039.jpg,candidate-source-0352,False,unverified-source-group-suggestion
quality:43,quality,train,Fresh Dragon Fruit,dataset/public/prepared/quality/aa9a64e8a00fdd29f6734156dcbe6825a3eeba67adaa0cd787a814195bd6981f.jpg,candidate-source-0353,False,unverified-source-group-suggestion
maturity:1288,maturity,train,Mature Dragon Fruit,dataset/public/prepared/maturity/1387459e98253b8829c9e34c06e50f5df654988f4a95e0388e4285a900732fca.jpg,candidate-source-0353,False,unverified-source-group-suggestion
quality:430,quality,train,Fresh Dragon Fruit,dataset/public/prepared/quality/1e7bb9abae690a576c95fa0c446ce3a0b16d40d90d1024322b97784499db443b.jpg,candidate-source-0354,False,unverified-source-group-suggestion
maturity:1692,maturity,train,Mature Dragon Fruit,dataset/public/prepared/maturity/2685b2b551addad95e8cb0d32fb3a5aadc8134d14079a4b2175d048e116a7de5.jpg,candidate-source-0354,False,unverified-source-group-suggestion
quality:432,quality,train,Fresh Dragon Fruit,dataset/public/prepared/quality/5c3a12a5e18a579378ffef619704f673c5d889add73bcb6eafe1e934bdc988fb.jpg,candidate-source-0355,False,unverified-source-group-suggestion
maturity:1694,maturity,train,Mature Dragon Fruit,dataset/public/prepared/maturity/9d137c3c607af78b8812caffe36b38176d044d1a459441e6c932e77af11f0035.jpg,candidate-source-0355,False,unverified-source-group-suggestion
quality:433,quality,train,Fresh Dragon Fruit,dataset/public/prepared/quality/05bc5cfb5e343ee97df14d8a1f359420f9793be696bd344974c0f5e72154bdc3.jpg,candidate-source-0356,False,unverified-source-group-suggestion
maturity:1513,maturity,train,Mature Dragon Fruit,dataset/public/prepared/maturity/46bdd8cc43dcf6c0b379b225e2d40d4bfe4c55e5e74be86661a71bd1c72dd610.jpg,candidate-source-0356,False,unverified-source-group-suggestion
quality:434,quality,train,Fresh Dragon Fruit,dataset/public/prepared/quality/ad381d98863bb08ff2f77fdafd1cdef1ab30d0a528b2f3931830439f0f4894d1.jpg,candidate-source-0357,False,unverified-source-group-suggestion
maturity:1756,maturity,train,Mature Dragon Fruit,dataset/public/prepared/maturity/5dac0b33e94b0087004cb59ac001a681c3a18661ceaa82bc483c738a19e4803d.jpg,candidate-source-0357,False,unverified-source-group-suggestion
quality:435,quality,train,Fresh Dragon Fruit,dataset/public/prepared/quality/41903ecb338b72fe8b0f5c76fe565bfa8c5a03d96cd9fb6682fb0e9e6ea89060.jpg,candidate-source-0358,True,unverified-source-group-suggestion
maturity:1697,maturity,test,Mature Dragon Fruit,dataset/public/prepared/maturity/b01a70112246e768350af8ea14ecc83881e164128cd4bebc00c97a5b2051fb07.jpg,candidate-source-0358,True,unverified-source-group-suggestion
quality:436,quality,train,Fresh Dragon Fruit,dataset/public/prepared/quality/98968cd2061df0a6ba31e62a2d7ab1f1fffc460bb3452cab7da8832188e7c501.jpg,candidate-source-0359,False,unverified-source-group-suggestion
maturity:1684,maturity,train,Mature Dragon Fruit,dataset/public/prepared/maturity/f47d0231feb885fa7147ac1e90e5cd417bc67ed4429ade058f34629b75a53144.jpg,candidate-source-0359,False,unverified-source-group-suggestion
quality:438,quality,train,Fresh Dragon Fruit,dataset/public/prepared/quality/cb48aad3d0abe817602f6b1ba45e6fda1d537c74bbe2dfd99b2d145e0a30f029.jpg,candidate-source-0360,True,unverified-source-group-suggestion
quality:621,quality,train,Fresh Dragon Fruit,dataset/public/prepared/quality/561e0036d2c3b35b6bb7464411198572b2adcc80536e1e35bcaac56b9e9a2fe0.jpg,candidate-source-0360,True,unverified-source-group-suggestion
maturity:1686,maturity,val,Mature Dragon Fruit,dataset/public/prepared/maturity/53bb73aece61577dcccef89186a78ccdbe0c072b74add2ba8dd1c21d2c63b00a.jpg,candidate-source-0360,True,unverified-source-group-suggestion
maturity:1785,maturity,train,Mature Dragon Fruit,dataset/public/prepared/maturity/6a3240c93c6d515616fdaf52b0bbb02a3ae90e88eedc72b9a5d39787ff78e95c.jpg,candidate-source-0360,True,unverified-source-group-suggestion
quality:439,quality,val,Fresh Dragon Fruit,dataset/public/prepared/quality/9ae6c6da6011430a44ce442fdd0765d0d24af07fae99977db9137f4589539cf9.jpg,candidate-source-0361,False,unverified-source-group-suggestion
maturity:1687,maturity,val,Mature Dragon Fruit,dataset/public/prepared/maturity/dba6d456ed13963c50f99375f95e1930365308aff09ea64e4935adecde130d6c.jpg,candidate-source-0361,False,unverified-source-group-suggestion
quality:44,quality,train,Fresh Dragon Fruit,dataset/public/prepared/quality/b0b3746ab60f5090c6eb1b9689b8dc26d0eca1d445e749a946530588b4e65456.jpg,candidate-source-0362,False,unverified-source-group-suggestion
quality:660,quality,train,Fresh Dragon Fruit,dataset/public/prepared/quality/4c6aae3dc40244d7b8c770ca438bfe500e222721ac99643272c5a60529d62005.jpg,candidate-source-0362,False,unverified-source-group-suggestion
maturity:1289,maturity,train,Mature Dragon Fruit,dataset/public/prepared/maturity/d9d442dcd726731ae6cae123e899593a8caa1459e23fb595b8817c05ab51d2f3.jpg,candidate-source-0362,False,unverified-source-group-suggestion
maturity:1899,maturity,train,Mature Dragon Fruit,dataset/public/prepared/maturity/2078dc2308299ad696bc92d9112b77b620cd0893c53191629e9d3c77dc2951d3.jpg,candidate-source-0362,False,unverified-source-group-suggestion
quality:440,quality,train,Fresh Dragon Fruit,dataset/public/prepared/quality/8f6775a64d5c6967c145a8e250ffe824e171b2ba6a5e7b4550b2bd7a3d07e1c0.jpg,candidate-source-0363,False,unverified-source-group-suggestion
maturity:1688,maturity,train,Mature Dragon Fruit,dataset/public/prepared/maturity/9d49583a1b4d8183ea991305de4f386ebc83e1c3245fa5aa1e52bbc06743fd17.jpg,candidate-source-0363,False,unverified-source-group-suggestion
quality:441,quality,test,Fresh Dragon Fruit,dataset/public/prepared/quality/7bcd182fcb4e1b7f2e89507b8a7d3c6a89d8afe3ecc325fa1694d32f1e9b1984.jpg,candidate-source-0364,True,unverified-source-group-suggestion
maturity:1689,maturity,train,Mature Dragon Fruit,dataset/public/prepared/maturity/3315e7c34ff633974908f00d3287b9cc46991f107ebdfc2ed99b5d2e2b337433.jpg,candidate-source-0364,True,unverified-source-group-suggestion
quality:442,quality,test,Fresh Dragon Fruit,dataset/public/prepared/quality/06e3f53d6a5c5c137d51439d15ca87688dc70aa977c8b9d8d1b9fcb7b7f3425e.jpg,candidate-source-0365,True,unverified-source-group-suggestion
maturity:1690,maturity,train,Mature Dragon Fruit,dataset/public/prepared/maturity/557ef5293bbf26b5a5c5d0235fae60fe2d32f04e87532e1731c19d1444e82abb.jpg,candidate-source-0365,True,unverified-source-group-suggestion
quality:443,quality,val,Fresh Dragon Fruit,dataset/public/prepared/quality/5198d612eb077b1254ce9e22e1e6997329414e0033c671c1b595ef7e75472fd4.jpg,candidate-source-0366,False,unverified-source-group-suggestion
maturity:1677,maturity,val,Mature Dragon Fruit,dataset/public/prepared/maturity/cb64f5bfbbbefb0bcd25f88ddd9dc42049245ba0dad2ed22fdf83b6f047891a9.jpg,candidate-source-0366,False,unverified-source-group-suggestion
quality:444,quality,train,Fresh Dragon Fruit,dataset/public/prepared/quality/a7af585910027fc608969db8268ef56adef04a6d8adf3c665e2e4d0b2d01fa38.jpg,candidate-source-0367,False,unverified-source-group-suggestion
maturity:1678,maturity,train,Mature Dragon Fruit,dataset/public/prepared/maturity/c468a7effa02e8526ccee5312bd88b2f957e552374d0d32ffa5fdb398f54bedc.jpg,candidate-source-0367,False,unverified-source-group-suggestion
quality:445,quality,train,Fresh Dragon Fruit,dataset/public/prepared/quality/5200a54287b40148f77ccf35dd0c69ebe05d115ca7a2359504e7bec394f46ffa.jpg,candidate-source-0368,True,unverified-source-group-suggestion
maturity:1679,maturity,test,Mature Dragon Fruit,dataset/public/prepared/maturity/8052ce2dc05ae038f5194bc7b5ce606d6847dea27b1ccc70d2851e182c43c91c.jpg,candidate-source-0368,True,unverified-source-group-suggestion
quality:446,quality,train,Fresh Dragon Fruit,dataset/public/prepared/quality/a8b322f1c029c37a7be489bedc7d5c4d2ecaff1ab8e651e02efafbb010c15409.jpg,candidate-source-0369,False,unverified-source-group-suggestion
maturity:1680,maturity,train,Mature Dragon Fruit,dataset/public/prepared/maturity/8141cc0b841e4a6fbe1ba9a9762793ee953ea38378d3c1bd8ec03fff722792ec.jpg,candidate-source-0369,False,unverified-source-group-suggestion
quality:447,quality,val,Fresh Dragon Fruit,dataset/public/prepared/quality/856b568be4b920f4a335e76c2d6dd7b5e5cddd345a20e8f27a612d3bcf46988a.jpg,candidate-source-0370,False,unverified-source-group-suggestion
maturity:1681,maturity,val,Mature Dragon Fruit,dataset/public/prepared/maturity/ee0eb9e83942d66ab5e378501f1187a18df62426eec952601df6a31eeeea629f.jpg,candidate-source-0370,False,unverified-source-group-suggestion
quality:448,quality,train,Fresh Dragon Fruit,dataset/public/prepared/quality/0ab2946652cd2135267e70238c3c56e824f49adac4026c8569a71bc02ceabebb.jpg,candidate-source-0371,True,unverified-source-group-suggestion
maturity:1682,maturity,test,Mature Dragon Fruit,dataset/public/prepared/maturity/583c1f1cc29ce97bcae96c732f0ef9d491de45d71554b6500d2d048cb9831f29.jpg,candidate-source-0371,True,unverified-source-group-suggestion
quality:449,quality,train,Fresh Dragon Fruit,dataset/public/prepared/quality/a88abfdc56e562b423ab481bdded3da9eda580c1c2a9b2119cda91f42fbeafc5.jpg,candidate-source-0372,False,unverified-source-group-suggestion
maturity:1683,maturity,train,Mature Dragon Fruit,dataset/public/prepared/maturity/cd095e0ead3e4349ec9f85942da2a2b0f75820af68e2048e97f129299137054e.jpg,candidate-source-0372,False,unverified-source-group-suggestion
quality:45,quality,test,Fresh Dragon Fruit,dataset/public/prepared/quality/9751e12d5cf11dcc9c2c7d21322dbfb55480a9d432eabf6a09d33e694b298292.jpg,candidate-source-0373,True,unverified-source-group-suggestion
quality:91,quality,test,Fresh Dragon Fruit,dataset/public/prepared/quality/13287661178819d1fc60787afa46cd373c082f3d7357617c2fcd502fb069ee76.jpg,candidate-source-0373,True,unverified-source-group-suggestion
maturity:1290,maturity,train,Mature Dragon Fruit,dataset/public/prepared/maturity/fd982f9422f63fee7025a4585bc4d17eedbc91590ab015e706dafd3ea4988dd1.jpg,candidate-source-0373,True,unverified-source-group-suggestion
maturity:1311,maturity,val,Mature Dragon Fruit,dataset/public/prepared/maturity/008721a1e3ff0b47fa01383a41ee0f77fe9008845a88fe68c44dda333dd95062.jpg,candidate-source-0373,True,unverified-source-group-suggestion
quality:450,quality,train,Fresh Dragon Fruit,dataset/public/prepared/quality/0811edad1225372387947324f3d851f99bb3652e13070c5f564654514f6488d9.jpg,candidate-source-0374,False,unverified-source-group-suggestion
maturity:1779,maturity,train,Mature Dragon Fruit,dataset/public/prepared/maturity/41e68357b73d096c0b9d805347ef337ed1012d04179dcb7de72a5eea606b2954.jpg,candidate-source-0374,False,unverified-source-group-suggestion
quality:451,quality,train,Fresh Dragon Fruit,dataset/public/prepared/quality/ebd1f3d88188ab21453d0a129490e273a391767c18529391fcd1c03e6387da8a.jpg,candidate-source-0375,True,unverified-source-group-suggestion
maturity:1601,maturity,test,Mature Dragon Fruit,dataset/public/prepared/maturity/49529cc59255720f277264c9c6b7a1cd3dfb11c1f0339a26a44186718bffb95c.jpg,candidate-source-0375,True,unverified-source-group-suggestion
quality:452,quality,train,Fresh Dragon Fruit,dataset/public/prepared/quality/4f31480578f0e9927ae2be5e8965ce524e6e90ef6788fd7ca84e60c9b0d04ecb.jpg,candidate-source-0376,False,unverified-source-group-suggestion
maturity:1733,maturity,train,Mature Dragon Fruit,dataset/public/prepared/maturity/a6c400dc548b08e22bc2a57a9c251afdb2e577795d81d485fdb146f246244acb.jpg,candidate-source-0376,False,unverified-source-group-suggestion
quality:453,quality,train,Fresh Dragon Fruit,dataset/public/prepared/quality/610e90f0c952191c3c7d127d4f7e090376e02aac1c09016ec2fd731fa69e4d06.jpg,candidate-source-0377,False,unverified-source-group-suggestion
maturity:1603,maturity,train,Mature Dragon Fruit,dataset/public/prepared/maturity/a5f44ad140af777aef171cf7757918b947ebea9c5634540413cc31d6aa5ce4e7.jpg,candidate-source-0377,False,unverified-source-group-suggestion
quality:454,quality,test,Fresh Dragon Fruit,dataset/public/prepared/quality/e8fca9ee69dc037d9fa3221a11aa68533405bdac04d432ea1f2767cc861caee8.jpg,candidate-source-0378,True,unverified-source-group-suggestion
maturity:1493,maturity,train,Mature Dragon Fruit,dataset/public/prepared/maturity/19461d88b3007fa38d474e3d396de199e16856c85259daf4a51b7ed1aa1a91e2.jpg,candidate-source-0378,True,unverified-source-group-suggestion
quality:455,quality,val,Fresh Dragon Fruit,dataset/public/prepared/quality/b19adc4858ed5acff4080745d20370e57956db60a746ee5b8cb68a4477f2c96c.jpg,candidate-source-0379,True,unverified-source-group-suggestion
maturity:1673,maturity,train,Mature Dragon Fruit,dataset/public/prepared/maturity/b724b1efb1d5ed365397778d7cd71b0731323e0409094a8d62bb3be73f21578e.jpg,candidate-source-0379,True,unverified-source-group-suggestion
quality:457,quality,test,Fresh Dragon Fruit,dataset/public/prepared/quality/2d92375b41d4025bcf578a23fa20a3442d23d0c8d34e74d18c1363e2377cdac5.jpg,candidate-source-0380,True,unverified-source-group-suggestion
quality:738,quality,test,Fresh Dragon Fruit,dataset/public/prepared/quality/1c5b8a8cdfd1b7f2b2fffd2a48b037479dc72aaba01e4cd98197a33d1df16090.jpg,candidate-source-0380,True,unverified-source-group-suggestion
maturity:1489,maturity,train,Mature Dragon Fruit,dataset/public/prepared/maturity/a846608114db6614cc920db3484987d586eccd2b8d4435634905b6efc9ea5669.jpg,candidate-source-0380,True,unverified-source-group-suggestion
maturity:1970,maturity,train,Mature Dragon Fruit,dataset/public/prepared/maturity/e5202bd94751e126ab567cbd3ca8546717562b1dc470e01968428004ea6db166.jpg,candidate-source-0380,True,unverified-source-group-suggestion
quality:458,quality,train,Fresh Dragon Fruit,dataset/public/prepared/quality/911550d66c885ca21a81ed2a7e2b9c807ce2d766beaade1b6afa0305e51b9317.jpg,candidate-source-0381,False,unverified-source-group-suggestion
maturity:1829,maturity,train,Mature Dragon Fruit,dataset/public/prepared/maturity/49b3c80a82a6da10f47889ba161ebc7f63a117ad4aea567918b232329199b0ad.jpg,candidate-source-0381,False,unverified-source-group-suggestion
quality:459,quality,train,Fresh Dragon Fruit,dataset/public/prepared/quality/8bf04ec05eba58f9b5d8ecc03ea3c4df179b3bccf6f264a6b124c2e26242158f.jpg,candidate-source-0382,True,unverified-source-group-suggestion
maturity:1676,maturity,test,Mature Dragon Fruit,dataset/public/prepared/maturity/57f5b748f84575dfbfda1e2a632e15f86bd55cb91c1c7248ac728496d896bf58.jpg,candidate-source-0382,True,unverified-source-group-suggestion
quality:46,quality,test,Fresh Dragon Fruit,dataset/public/prepared/quality/f9683666b4e824ce759d4044beffb891b56473b881d55dd576edcd4487d208ec.jpg,candidate-source-0383,True,unverified-source-group-suggestion
maturity:1291,maturity,train,Mature Dragon Fruit,dataset/public/prepared/maturity/ab9e6a75c1096ba3b297ec3e8c1725a3424b06d3ac90136bd9bab318ab273f09.jpg,candidate-source-0383,True,unverified-source-group-suggestion
quality:460,quality,train,Fresh Dragon Fruit,dataset/public/prepared/quality/60efafb3fbe85ee2899bf0a45f0697ef8d83eaec57aeb6cb40626cfeb9f8ee8b.jpg,candidate-source-0384,True,unverified-source-group-suggestion
quality:689,quality,train,Fresh Dragon Fruit,dataset/public/prepared/quality/e6e8077e113d93e8416bbbd3ebf74f9b55971036a93636990d14cb53ec714858.jpg,candidate-source-0384,True,unverified-source-group-suggestion
maturity:1726,maturity,val,Mature Dragon Fruit,dataset/public/prepared/maturity/5c1958842f5f1e5f0edf9d3448eaa2e19fc429342e465f1438a7d2ca4abb17e8.jpg,candidate-source-0384,True,unverified-source-group-suggestion
maturity:1921,maturity,val,Mature Dragon Fruit,dataset/public/prepared/maturity/51b7c01ff1912c69134b0424aa56f300e74e6e075194ad248ede16f50649e789.jpg,candidate-source-0384,True,unverified-source-group-suggestion
quality:461,quality,train,Fresh Dragon Fruit,dataset/public/prepared/quality/1fcaeb99c4aad535e322abd84d1312814961a6190fe6df4ac301e98618ac3f20.jpg,candidate-source-0385,True,unverified-source-group-suggestion
quality:480,quality,train,Fresh Dragon Fruit,dataset/public/prepared/quality/a01f336386eda3759dc14dd0d7f66dbd8bb401ba5dbdf97b6734e817c8aae79b.jpg,candidate-source-0385,True,unverified-source-group-suggestion
maturity:1708,maturity,train,Mature Dragon Fruit,dataset/public/prepared/maturity/41a265dcf88efb28bdda4178260e3690609546a823cae5518bb466dd1714add9.jpg,candidate-source-0385,True,unverified-source-group-suggestion
maturity:2033,maturity,val,Mature Dragon Fruit,dataset/public/prepared/maturity/fd3ad48ce1698d6c541a073ec51d46bea84da002a0a91c6cbc71a993c362452a.jpg,candidate-source-0385,True,unverified-source-group-suggestion
quality:462,quality,train,Fresh Dragon Fruit,dataset/public/prepared/quality/e714d7f4a8f66a5146970a088bc0072833e3e934bcb3eea4a1aae549a9cd63bb.jpg,candidate-source-0386,False,unverified-source-group-suggestion
maturity:1720,maturity,train,Mature Dragon Fruit,dataset/public/prepared/maturity/1d3ed41f282c8ac0dafeb7cc17cff4eaf0946007c86feb6c121a10accd7af4b2.jpg,candidate-source-0386,False,unverified-source-group-suggestion
quality:463,quality,train,Fresh Dragon Fruit,dataset/public/prepared/quality/202b06f92ffc776362320bf498f5edca5ceb5244119fc5b98ff6fde9ab262929.jpg,candidate-source-0387,True,unverified-source-group-suggestion
maturity:1721,maturity,val,Mature Dragon Fruit,dataset/public/prepared/maturity/d0395a4cc3dff1272f4bcbb83458fe8dc491df49231e645d3abcf9e98840e9df.jpg,candidate-source-0387,True,unverified-source-group-suggestion
quality:465,quality,train,Fresh Dragon Fruit,dataset/public/prepared/quality/cb936885b2642ca4b2dc8806a755d1835c26d774a361ddb899646bce1d37fafd.jpg,candidate-source-0388,False,unverified-source-group-suggestion
maturity:1838,maturity,train,Mature Dragon Fruit,dataset/public/prepared/maturity/6865e2f0e646f87c7897bb6b857daf0dce0916fde8e7729bc21e960b00530a52.jpg,candidate-source-0388,False,unverified-source-group-suggestion
quality:466,quality,train,Fresh Dragon Fruit,dataset/public/prepared/quality/0a51c89af110cacc912e4838826e0e1f118d1782baf63860b9aa9efe45a88f20.jpg,candidate-source-0389,True,unverified-source-group-suggestion
quality:482,quality,train,Fresh Dragon Fruit,dataset/public/prepared/quality/a65f74fecfc2fbc7d9be6c2c6c3939d5c27875429c43750a6c729516d826cf0a.jpg,candidate-source-0389,True,unverified-source-group-suggestion
maturity:1544,maturity,val,Mature Dragon Fruit,dataset/public/prepared/maturity/da61b5a945bcc4e4c324f3090b0cec328155c6032425a18f62463767f45d7530.jpg,candidate-source-0389,True,unverified-source-group-suggestion
maturity:1710,maturity,train,Mature Dragon Fruit,dataset/public/prepared/maturity/827379ee72d640064a90146e95ccd511f56ec3de6191ade16d66895e6322fd8c.jpg,candidate-source-0389,True,unverified-source-group-suggestion
quality:467,quality,train,Fresh Dragon Fruit,dataset/public/prepared/quality/23024303fac6666ff10c5e8cecd42c84170f530cda1a8a7006ac500c59f99162.jpg,candidate-source-0390,False,unverified-source-group-suggestion
maturity:1782,maturity,train,Mature Dragon Fruit,dataset/public/prepared/maturity/ee9be239c8bf54683b7c74cdd367ecfd3596ad0a80b9403f62d3425c384c33b9.jpg,candidate-source-0390,False,unverified-source-group-suggestion
quality:468,quality,train,Fresh Dragon Fruit,dataset/public/prepared/quality/5d55098edea0474507218867afbf38148819f7fad43122be6ada0242f603e656.jpg,candidate-source-0391,True,unverified-source-group-suggestion
maturity:1542,maturity,val,Mature Dragon Fruit,dataset/public/prepared/maturity/cec6e1325f27d0e496a855e81b6766bd80986e6ddc675a9f659356427d744900.jpg,candidate-source-0391,True,unverified-source-group-suggestion
quality:469,quality,val,Fresh Dragon Fruit,dataset/public/prepared/quality/ab9e45d655285eb496db7ec1a20f5abd2a63af5ab04d6ec06fd17a15030a2914.jpg,candidate-source-0392,True,unverified-source-group-suggestion
maturity:1729,maturity,train,Mature Dragon Fruit,dataset/public/prepared/maturity/37f04e06952fe61c73b0408248195691e77920fddbdbee01c02794ca77a5d46f.jpg,candidate-source-0392,True,unverified-source-group-suggestion
quality:47,quality,test,Fresh Dragon Fruit,dataset/public/prepared/quality/cb82a91ab96d85e969a584c74a25c141c44526e92de5e9f5af23abad96811a85.jpg,candidate-source-0393,False,unverified-source-group-suggestion
maturity:1292,maturity,test,Mature Dragon Fruit,dataset/public/prepared/maturity/78d79a2aabfdc4d22d862595b3b1546fa31bf34ba7a84ae5fc2e21ccef8a2cd8.jpg,candidate-source-0393,False,unverified-source-group-suggestion
quality:470,quality,train,Fresh Dragon Fruit,dataset/public/prepared/quality/a32715af242aa457a0da31bb077a2e012d2fe0359c3751b3d06e4264bdd3ccc3.jpg,candidate-source-0394,False,unverified-source-group-suggestion
maturity:1712,maturity,train,Mature Dragon Fruit,dataset/public/prepared/maturity/a09bcf555587a6d6a2ea658b1778a38cd07fa9e6df1be771e8c0bbb4b007eff1.jpg,candidate-source-0394,False,unverified-source-group-suggestion
quality:472,quality,train,Fresh Dragon Fruit,dataset/public/prepared/quality/4347e2842fd4ead8efffcc3023445d6834480776c26965e5d402fffca94d7971.jpg,candidate-source-0395,False,unverified-source-group-suggestion
maturity:1714,maturity,train,Mature Dragon Fruit,dataset/public/prepared/maturity/eb1d46bcdee922376872c03a8597bbb2c2cc34781b45dee306c5abbce84ed0ab.jpg,candidate-source-0395,False,unverified-source-group-suggestion
quality:473,quality,train,Fresh Dragon Fruit,dataset/public/prepared/quality/d1743d2d1936a646a54d9d79e1a452b56db062246a2ea84e1a79bdee37b4b5de.jpg,candidate-source-0396,False,unverified-source-group-suggestion
maturity:1715,maturity,train,Mature Dragon Fruit,dataset/public/prepared/maturity/b521b4c1afdc3d416365a188a7c8338e016615973c28ca2cd2fcfbf81884b841.jpg,candidate-source-0396,False,unverified-source-group-suggestion
quality:474,quality,train,Fresh Dragon Fruit,dataset/public/prepared/quality/1ddd7b39ebb62ae16426a8ad398445d42cefcc52351df31ce60666cbc2c598f7.jpg,candidate-source-0397,True,unverified-source-group-suggestion
maturity:1716,maturity,val,Mature Dragon Fruit,dataset/public/prepared/maturity/7bb0578789f966e98dbf5d4ef41c52d9a0b91876fabeb69ba0c55b698a22458c.jpg,candidate-source-0397,True,unverified-source-group-suggestion
quality:475,quality,train,Fresh Dragon Fruit,dataset/public/prepared/quality/46b2c7f73ddbd9f8d3b166448b343cb26b6822b2d3f3ea23ddc5ef368164fe09.jpg,candidate-source-0398,True,unverified-source-group-suggestion
maturity:1717,maturity,val,Mature Dragon Fruit,dataset/public/prepared/maturity/6b8587d1eda3ea6bbe19d91bb4402f4ad4be58fcd5459166393284f68cdc36d9.jpg,candidate-source-0398,True,unverified-source-group-suggestion
quality:476,quality,val,Fresh Dragon Fruit,dataset/public/prepared/quality/63f63fe1cb7eca9a624325c0f19e731b629f1c971360212ba8137f27b3e33b4e.jpg,candidate-source-0399,True,unverified-source-group-suggestion
quality:678,quality,train,Fresh Dragon Fruit,dataset/public/prepared/quality/c2e6fa9fbf933eed2fa38396514267f3a28f808a77b73c8f54122ee1a3543262.jpg,candidate-source-0399,True,unverified-source-group-suggestion
maturity:1718,maturity,train,Mature Dragon Fruit,dataset/public/prepared/maturity/7708b10d29826b56d4501a1863fee5ef7b2c4b3b529be762e8ff30c86c709487.jpg,candidate-source-0399,True,unverified-source-group-suggestion
maturity:1925,maturity,val,Mature Dragon Fruit,dataset/public/prepared/maturity/32cfd3a8f358c8637d45a777f0464df67ecf84ef1811e6096c63c5232cfab2ac.jpg,candidate-source-0399,True,unverified-source-group-suggestion
quality:478,quality,test,Fresh Dragon Fruit,dataset/public/prepared/quality/080ab11200a5bd62f4bc8e8713f83971ef5a47cc27e7aa55b549702e1f8e9895.jpg,candidate-source-0400,True,unverified-source-group-suggestion
maturity:1706,maturity,train,Mature Dragon Fruit,dataset/public/prepared/maturity/bdec414f0705d76d32969e57a1daeb1dd68ac44303e295ff24f3ff362c1c312f.jpg,candidate-source-0400,True,unverified-source-group-suggestion
quality:479,quality,train,Fresh Dragon Fruit,dataset/public/prepared/quality/28a959062a70a654523f16d0d10b74e0101e09c1f635c73890efd5fdbaa11320.jpg,candidate-source-0401,True,unverified-source-group-suggestion
maturity:1707,maturity,val,Mature Dragon Fruit,dataset/public/prepared/maturity/a6cd82733bda6591ef4f414b68f453a1973fc1a2228c1ed7273d74eea38505c3.jpg,candidate-source-0401,True,unverified-source-group-suggestion
quality:48,quality,test,Fresh Dragon Fruit,dataset/public/prepared/quality/4682aab3e153bef1370b377ea380e3bfaf07bb7be2a42a492055c1387818cbf9.jpg,candidate-source-0402,True,unverified-source-group-suggestion
quality:83,quality,train,Fresh Dragon Fruit,dataset/public/prepared/quality/4294f5eb996ccc8706718c285fe7fb7cb13d3ec95347092e74841eb86e5612e6.jpg,candidate-source-0402,True,unverified-source-group-suggestion
maturity:1279,maturity,train,Mature Dragon Fruit,dataset/public/prepared/maturity/d95b51cf069dc67f8405a787a6830e5f052f10cd6b47c9f2e553abb46cf5852e.jpg,candidate-source-0402,True,unverified-source-group-suggestion
maturity:1303,maturity,train,Mature Dragon Fruit,dataset/public/prepared/maturity/432f2000cc61e1f73f481a07c4a9482a3753932a863bdf979ce06be19532b567.jpg,candidate-source-0402,True,unverified-source-group-suggestion
quality:483,quality,val,Fresh Dragon Fruit,dataset/public/prepared/quality/b099a554114236143112f720d752432e4095a19f0c2a1956219378b33b0d5daa.jpg,candidate-source-0403,True,unverified-source-group-suggestion
maturity:1711,maturity,train,Mature Dragon Fruit,dataset/public/prepared/maturity/902d3f3d59fc9a3b26b50e0b5db2a03943d8918230860981d10f06f500c0a9ba.jpg,candidate-source-0403,True,unverified-source-group-suggestion
quality:484,quality,train,Fresh Dragon Fruit,dataset/public/prepared/quality/25298857a411dd3cec39eac64d5660ac733ee36ef73aa7033c65def7b66417e7.jpg,candidate-source-0404,True,unverified-source-group-suggestion
quality:785,quality,train,Fresh Dragon Fruit,dataset/public/prepared/quality/0618e35f4d0c2bdcce48b1e121adac7558bab760c92fd9ea3e8ea3aad3200cde.jpg,candidate-source-0404,True,unverified-source-group-suggestion
maturity:1854,maturity,val,Mature Dragon Fruit,dataset/public/prepared/maturity/93fd55626e374c7137fd52e64c09f601c34711d9397ba88ca75fdb38049adbe5.jpg,candidate-source-0404,True,unverified-source-group-suggestion
maturity:2017,maturity,test,Mature Dragon Fruit,dataset/public/prepared/maturity/1d7663534ec72b124442c41e18d6e66e11f855fca7e3e44aeb2a6b55771a954a.jpg,candidate-source-0404,True,unverified-source-group-suggestion
quality:485,quality,train,Fresh Dragon Fruit,dataset/public/prepared/quality/496d2e64dd84ff72f6afa39169402725f3684cb01f1210edf5a95544fd4b5fd3.jpg,candidate-source-0405,False,unverified-source-group-suggestion
maturity:1699,maturity,train,Mature Dragon Fruit,dataset/public/prepared/maturity/bd6a63518d570f1a62646f71ab319a1ff3619d1460d32421e321be30ed3d164c.jpg,candidate-source-0405,False,unverified-source-group-suggestion
quality:486,quality,train,Fresh Dragon Fruit,dataset/public/prepared/quality/9b1c37d0e39d727eccdaee9ccd3b874a363012079ca10005b1be1b7a24c01402.jpg,candidate-source-0406,False,unverified-source-group-suggestion
maturity:1700,maturity,train,Mature Dragon Fruit,dataset/public/prepared/maturity/09496253e6073a694a7e4c2b05e97dd3abbbeb6e8972382fb1c68fd73f4cf994.jpg,candidate-source-0406,False,unverified-source-group-suggestion
quality:489,quality,train,Fresh Dragon Fruit,dataset/public/prepared/quality/d916d131326aded27475e9583646c8b885735e122c766b34ec7801fcad28a12e.jpg,candidate-source-0407,True,unverified-source-group-suggestion
maturity:1703,maturity,val,Mature Dragon Fruit,dataset/public/prepared/maturity/f36e860271f17fb767cf377726ea6d51cd0b289a4ee7c0e517b4f152568eb5d2.jpg,candidate-source-0407,True,unverified-source-group-suggestion
quality:49,quality,test,Fresh Dragon Fruit,dataset/public/prepared/quality/acdd7f61f9c9b513c3b1f96e21094e6c1f6e0a66b03a66f0f3637d8319f266ac.jpg,candidate-source-0408,True,unverified-source-group-suggestion
maturity:1280,maturity,train,Mature Dragon Fruit,dataset/public/prepared/maturity/1266e00eb03a51e891f673d8a12dd782e0f576a71e68d2a894512daad938f10b.jpg,candidate-source-0408,True,unverified-source-group-suggestion
quality:490,quality,train,Fresh Dragon Fruit,dataset/public/prepared/quality/36672b3f0ed0fa5fe91d27431cf487e313c316acc8fabd1a2313821b04015321.jpg,candidate-source-0409,False,unverified-source-group-suggestion
maturity:1704,maturity,train,Mature Dragon Fruit,dataset/public/prepared/maturity/78db136e264005aeb708971f9b63e2cd64841b539f7e0a9d3973a133691f19bc.jpg,candidate-source-0409,False,unverified-source-group-suggestion
quality:491,quality,train,Fresh Dragon Fruit,dataset/public/prepared/quality/b4bae2e036e65317112f83605fbad66cbfa02778739478e6b7bd41c8c4a60cde.jpg,candidate-source-0410,False,unverified-source-group-suggestion
maturity:1747,maturity,train,Mature Dragon Fruit,dataset/public/prepared/maturity/74dd945b1ba3bef005bc51ee08af1201ada7c64b9d06078192e9ca5aa1ad6371.jpg,candidate-source-0410,False,unverified-source-group-suggestion
quality:492,quality,train,Fresh Dragon Fruit,dataset/public/prepared/quality/c0882dc6465fa3c2d6bbe30588a2abb9020309846a890f51f4f34a25e9fedc27.jpg,candidate-source-0411,False,unverified-source-group-suggestion
maturity:1905,maturity,train,Mature Dragon Fruit,dataset/public/prepared/maturity/91d43bf335bad5ac75006bfb32d31dea8350d1b4b356d6b5356aae9752052a8c.jpg,candidate-source-0411,False,unverified-source-group-suggestion
quality:493,quality,train,Fresh Dragon Fruit,dataset/public/prepared/quality/53989fa17e113ad0a75d1c306c1f6cf6065bdf06489ede17682e25d34532184a.jpg,candidate-source-0412,False,unverified-source-group-suggestion
maturity:1749,maturity,train,Mature Dragon Fruit,dataset/public/prepared/maturity/5d5b7628ec2adb8195e35f1ea6f6123b06735b3bf6867225eef562fa9946c3bc.jpg,candidate-source-0412,False,unverified-source-group-suggestion
quality:494,quality,train,Fresh Dragon Fruit,dataset/public/prepared/quality/bb3b34ab3c2e21e7385b1123aa0fb3ab50ac1da66dd580c4e8386bd7ebf747d0.jpg,candidate-source-0413,False,unverified-source-group-suggestion
maturity:1750,maturity,train,Mature Dragon Fruit,dataset/public/prepared/maturity/d03ea9f2141eab650dc86614ba9f12d1a959d659c9c32131ddec9b3d4445aa2e.jpg,candidate-source-0413,False,unverified-source-group-suggestion
quality:495,quality,val,Fresh Dragon Fruit,dataset/public/prepared/quality/223c45f0ae6ce59f49428818b17747b0ee427c9782df7f70aa2a11bf13416b41.jpg,candidate-source-0414,True,unverified-source-group-suggestion
maturity:1664,maturity,train,Mature Dragon Fruit,dataset/public/prepared/maturity/2f47df73c0d7daeee1832e88ebade684d829dde864faebe2d6c989d600d017c9.jpg,candidate-source-0414,True,unverified-source-group-suggestion
quality:497,quality,train,Fresh Dragon Fruit,dataset/public/prepared/quality/92c32cdcf31d0c23737ca26907ce17b71ce2f2cfdc10f114d2759494cef80daa.jpg,candidate-source-0415,False,unverified-source-group-suggestion
maturity:1742,maturity,train,Mature Dragon Fruit,dataset/public/prepared/maturity/77b7cb2b1ad4957aac5c006b4fced81e2e2fd618a4f066a874a55739da58e483.jpg,candidate-source-0415,False,unverified-source-group-suggestion
quality:498,quality,train,Fresh Dragon Fruit,dataset/public/prepared/quality/e82fe0f23bcc3063902f7a6a135805b35aea3d7e9091d42bb1e728cfc2dbc9d1.jpg,candidate-source-0416,False,unverified-source-group-suggestion
maturity:1743,maturity,train,Mature Dragon Fruit,dataset/public/prepared/maturity/4d9e7dd0167daaee8f9069ddc1debabdfbe40b36c2e90e269d96a14246ebabe0.jpg,candidate-source-0416,False,unverified-source-group-suggestion
quality:499,quality,train,Fresh Dragon Fruit,dataset/public/prepared/quality/a8c8dedd90f40e1c799832679f72a2ea768162e8dbb31838fc5dec4253b0ad05.jpg,candidate-source-0417,False,unverified-source-group-suggestion
maturity:1744,maturity,train,Mature Dragon Fruit,dataset/public/prepared/maturity/51537acbcd5dd88059cdfc97acb8b948f51effc7123d7c0e8eb4b244e87c4f0c.jpg,candidate-source-0417,False,unverified-source-group-suggestion
quality:5,quality,test,Fresh Dragon Fruit,dataset/public/prepared/quality/d7ba7a8a501661fbfd18d82fb356cff75bb63d93824a09b5c3ad36cfdcb6e88d.jpg,candidate-source-0418,True,unverified-source-group-suggestion
maturity:1270,maturity,train,Mature Dragon Fruit,dataset/public/prepared/maturity/52fe6c3f6a50a00d03c0ed04efa46cf69b296c89bb47588bfa86ca7dc3fd7627.jpg,candidate-source-0418,True,unverified-source-group-suggestion
quality:50,quality,test,Fresh Dragon Fruit,dataset/public/prepared/quality/c15e594eeabd0def2ebc4f71ece17b5bcbf61ed961c5b4b2e85bdab607c71b7e.jpg,candidate-source-0419,True,unverified-source-group-suggestion
quality:780,quality,train,Fresh Dragon Fruit,dataset/public/prepared/quality/d97f1124fd3ede8c75277454c5a187ec56ca75c910752197b4b95f4a72ddee2f.jpg,candidate-source-0419,True,unverified-source-group-suggestion
maturity:1281,maturity,train,Mature Dragon Fruit,dataset/public/prepared/maturity/b2e0262953f55667fb00f22b77c18dc9c4c933c8eabcaf73cc28256de86e154f.jpg,candidate-source-0419,True,unverified-source-group-suggestion
maturity:2025,maturity,val,Mature Dragon Fruit,dataset/public/prepared/maturity/c0389706456b298a4d6f5f0fbb998b8e51712546334a08e99183a2d957113cd5.jpg,candidate-source-0419,True,unverified-source-group-suggestion
quality:500,quality,train,Fresh Dragon Fruit,dataset/public/prepared/quality/c8bc2bbd7d635a3c158f482e9696f1d04582ab9c25e26dd44f0a76884e5349b6.jpg,candidate-source-0420,False,unverified-source-group-suggestion
maturity:1745,maturity,train,Mature Dragon Fruit,dataset/public/prepared/maturity/fe8294757b406745e5431abd78f8964f32eda4e082516be91d96870ccc235e28.jpg,candidate-source-0420,False,unverified-source-group-suggestion
quality:501,quality,val,Fresh Dragon Fruit,dataset/public/prepared/quality/4fbd57313211902a44ffb4eebd5994039b078e0480af40d15c879245b433b1bc.jpg,candidate-source-0421,True,unverified-source-group-suggestion
maturity:1746,maturity,train,Mature Dragon Fruit,dataset/public/prepared/maturity/be6dbc5666246ec4e44a80bbf62f359e1076c308378d65f00a96010afbc3e714.jpg,candidate-source-0421,True,unverified-source-group-suggestion
quality:502,quality,train,Fresh Dragon Fruit,dataset/public/prepared/quality/010162e1fc75f3e62c51e6623005ad088905c9eead45a999256ea85b13ea5d63.jpg,candidate-source-0422,True,unverified-source-group-suggestion
maturity:1736,maturity,val,Mature Dragon Fruit,dataset/public/prepared/maturity/dd656c427ea9d55b5a6ec34d5dc41f73ea789fe124cbfa824a416ebb829fc2e2.jpg,candidate-source-0422,True,unverified-source-group-suggestion
quality:503,quality,train,Fresh Dragon Fruit,dataset/public/prepared/quality/6792e87a1530d33fe275957e0665a726d0bcb7e43be3597f7e50a3a000400dec.jpg,candidate-source-0423,False,unverified-source-group-suggestion
maturity:1737,maturity,train,Mature Dragon Fruit,dataset/public/prepared/maturity/99f083db499900afb88d9c657c7e702beca457cedf5d7ebd14172908e5d58d85.jpg,candidate-source-0423,False,unverified-source-group-suggestion
quality:504,quality,train,Fresh Dragon Fruit,dataset/public/prepared/quality/29e4402c3fc7a2f9ada64a831b585b54de82ab4f6400d90c4f287840412c261d.jpg,candidate-source-0424,False,unverified-source-group-suggestion
maturity:1738,maturity,train,Mature Dragon Fruit,dataset/public/prepared/maturity/be1834136927cb618c1914bba1e7afd0aa6d5a16aa2f0edd030cdda0f5a060e5.jpg,candidate-source-0424,False,unverified-source-group-suggestion
quality:506,quality,val,Fresh Dragon Fruit,dataset/public/prepared/quality/1357a5601340d0c78b14762b34d3108d098453bb3b0c95ed66ea40873e94ef34.jpg,candidate-source-0425,True,unverified-source-group-suggestion
maturity:1740,maturity,train,Mature Dragon Fruit,dataset/public/prepared/maturity/c381ce03a25c92c1b3d5c39351bb4d39df5403329a30f5624237db95dbbef6c8.jpg,candidate-source-0425,True,unverified-source-group-suggestion
quality:507,quality,train,Fresh Dragon Fruit,dataset/public/prepared/quality/f925048994e38be1f8016e0507d69672e1b95b34feee85e0528fa8915b06cc39.jpg,candidate-source-0426,False,unverified-source-group-suggestion
maturity:1741,maturity,train,Mature Dragon Fruit,dataset/public/prepared/maturity/5c26e76dfed7739216eba8794a76100e53dc93f6fa21646a8a22acaac8d167ff.jpg,candidate-source-0426,False,unverified-source-group-suggestion
quality:508,quality,train,Fresh Dragon Fruit,dataset/public/prepared/quality/f9b35df0f9964b503ad2cc8bbe2359eeb777bfdcbd1343b888b91cc8b9f063be.jpg,candidate-source-0427,False,unverified-source-group-suggestion
maturity:2125,maturity,train,Mature Dragon Fruit,dataset/public/prepared/maturity/98c47d547a8e1246068d0eb129c1fdf4b117ec11cd5fa72f32c68524de77f4d9.jpg,candidate-source-0427,False,unverified-source-group-suggestion
quality:51,quality,val,Fresh Dragon Fruit,dataset/public/prepared/quality/5fbd2eea1a542d18269d9472ad0124377d19ed99dc73d48c1e8e6a6ab78d9a3b.jpg,candidate-source-0428,True,unverified-source-group-suggestion
quality:146,quality,train,Fresh Dragon Fruit,dataset/public/prepared/quality/b9ccaecae2edce0425c76c27aab863636ae4ea8fce63b9bcf185c13f5b0e77bd.jpg,candidate-source-0428,True,unverified-source-group-suggestion
maturity:1282,maturity,test,Mature Dragon Fruit,dataset/public/prepared/maturity/ad7507b50f90d944036156092702dd56eac867b95513e2da53a75f29970a31ce.jpg,candidate-source-0428,True,unverified-source-group-suggestion
maturity:1366,maturity,test,Mature Dragon Fruit,dataset/public/prepared/maturity/473919c26ba1577516f9ea63d86fd0e7ed3b180990dcdeea17c00da96cbc57fa.jpg,candidate-source-0428,True,unverified-source-group-suggestion
quality:511,quality,train,Fresh Dragon Fruit,dataset/public/prepared/quality/2ecc7f2dc2f40cee315eb49f3704f8cb40a8cff4cc859cc8406a980436da18a0.jpg,candidate-source-0429,True,unverified-source-group-suggestion
maturity:1731,maturity,test,Mature Dragon Fruit,dataset/public/prepared/maturity/d633a58c37b8a73f51480983cde98b2ece420d76f24ff08ce6d608278cbdf503.jpg,candidate-source-0429,True,unverified-source-group-suggestion
quality:513,quality,val,Fresh Dragon Fruit,dataset/public/prepared/quality/027565d084325b487bfca2ee925d8e127e31350cf6caa267ffe584a0f6aab1af.jpg,candidate-source-0430,True,unverified-source-group-suggestion
maturity:1887,maturity,train,Mature Dragon Fruit,dataset/public/prepared/maturity/e1f23750efa446141f7992c4b7f49e87d71cd91e47b817ad1cd2a472d099ca8c.jpg,candidate-source-0430,True,unverified-source-group-suggestion
quality:514,quality,val,Fresh Dragon Fruit,dataset/public/prepared/quality/c3d73b1286d63f5c847ee750a2373e8e040985a40b186a2cdc2183ca8b17d38d.jpg,candidate-source-0431,True,unverified-source-group-suggestion
maturity:1667,maturity,test,Mature Dragon Fruit,dataset/public/prepared/maturity/fbc716b91320d18844ecf68ede3089677bdfe6bab4c9a64d9ba36489af384ac5.jpg,candidate-source-0431,True,unverified-source-group-suggestion
quality:516,quality,train,Fresh Dragon Fruit,dataset/public/prepared/quality/08ce4e15aba8380894ea8e6869cbb76d026313158dd4e4f8990653238f6171e0.jpg,candidate-source-0432,False,unverified-source-group-suggestion
maturity:1885,maturity,train,Mature Dragon Fruit,dataset/public/prepared/maturity/a09bc97c60c9f709969877c67aaadd5249998ea11d7eb46dcff71ee5be68879e.jpg,candidate-source-0432,False,unverified-source-group-suggestion
quality:518,quality,train,Fresh Dragon Fruit,dataset/public/prepared/quality/277e699152ae12858834a302a860c6d5addb40958a93c10ad9b2d6a3428815e4.jpg,candidate-source-0433,True,unverified-source-group-suggestion
quality:836,quality,train,Fresh Dragon Fruit,dataset/public/prepared/quality/ab4ac2bc73b1bdcd71f62eff800d65fc1b9348ca875362a7a71911c63cdebe62.jpg,candidate-source-0433,True,unverified-source-group-suggestion
maturity:1248,maturity,test,Mature Dragon Fruit,dataset/public/prepared/maturity/5abde1d04c7443744d810d55b540d218db95f4ed8003c6e4ecdf10acfd6685c9.jpg,candidate-source-0433,True,unverified-source-group-suggestion
maturity:2068,maturity,train,Mature Dragon Fruit,dataset/public/prepared/maturity/611a2c06cf5f622ce1a2a551f99b72423bd34858c3fe4823b255c398f5fb1b7a.jpg,candidate-source-0433,True,unverified-source-group-suggestion
quality:519,quality,train,Fresh Dragon Fruit,dataset/public/prepared/quality/8c49d956915d6df2eb091045d7fe2d23ebb05c361cd3347cc111de139ef1f377.jpg,candidate-source-0434,True,unverified-source-group-suggestion
maturity:1488,maturity,test,Mature Dragon Fruit,dataset/public/prepared/maturity/c8cda35c5725282407120cdedfb9db4718ba37be3a7b09e42ce28b049e487348.jpg,candidate-source-0434,True,unverified-source-group-suggestion
quality:52,quality,test,Fresh Dragon Fruit,dataset/public/prepared/quality/4d944f377768566c1a96021f3e63503c223b045d62b887e1d3bd38573eb6767a.jpg,candidate-source-0435,True,unverified-source-group-suggestion
maturity:1283,maturity,train,Mature Dragon Fruit,dataset/public/prepared/maturity/7f8c549a59f1eceb88b29bac6397d983903c8b1fedb326641ed1f7833540be38.jpg,candidate-source-0435,True,unverified-source-group-suggestion
quality:520,quality,train,Fresh Dragon Fruit,dataset/public/prepared/quality/318dd847d5e5a16abd24c39bf5f983a389ad5c00b8a76a6628bb404d89f20832.jpg,candidate-source-0436,False,unverified-source-group-suggestion
maturity:1772,maturity,train,Mature Dragon Fruit,dataset/public/prepared/maturity/a6e159b0dc3215d497047f6719fc14b93405ddceb8cec0b9c8defeede0ac46ca.jpg,candidate-source-0436,False,unverified-source-group-suggestion
quality:523,quality,train,Fresh Dragon Fruit,dataset/public/prepared/quality/d014523094ff454f04c87762b81031d3f0fff60fbd8df91417362b229944a1ec.jpg,candidate-source-0437,False,unverified-source-group-suggestion
maturity:1775,maturity,train,Mature Dragon Fruit,dataset/public/prepared/maturity/be4967a486e05dc916ada26230122306bfecfe7e6b670c1c87c1fcee14c2819d.jpg,candidate-source-0437,False,unverified-source-group-suggestion
quality:524,quality,train,Fresh Dragon Fruit,dataset/public/prepared/quality/720e9c891ab89077c23d584dcaee487d59353a9ba655cb7338df0049d99347c9.jpg,candidate-source-0438,True,unverified-source-group-suggestion
maturity:1931,maturity,val,Mature Dragon Fruit,dataset/public/prepared/maturity/17cf5be3059a1bc0749432b3d30bcc5d9e385e89fe39cde0a13d5209c034feb8.jpg,candidate-source-0438,True,unverified-source-group-suggestion
quality:525,quality,train,Fresh Dragon Fruit,dataset/public/prepared/quality/5886b120078ec0c7042433335d5d8f6d2a5d294c1b3d076acdcd9bf7f76c1b86.jpg,candidate-source-0439,False,unverified-source-group-suggestion
maturity:2076,maturity,train,Mature Dragon Fruit,dataset/public/prepared/maturity/190b8e73fd2324e28b1e16b27b9bde6be377f3e5268366affbad0e1693d4c494.jpg,candidate-source-0439,False,unverified-source-group-suggestion
quality:526,quality,train,Fresh Dragon Fruit,dataset/public/prepared/quality/adfdcd994b85ba60c816e54c4ea19703f69c34e455ef3fe2d053a25b17e2ce9e.jpg,candidate-source-0440,True,unverified-source-group-suggestion
maturity:1764,maturity,val,Mature Dragon Fruit,dataset/public/prepared/maturity/6d91a91ba397c44c84e71b94edd836880c40a220cf0f95de825f28561f6e2837.jpg,candidate-source-0440,True,unverified-source-group-suggestion
quality:528,quality,train,Fresh Dragon Fruit,dataset/public/prepared/quality/833e0377a46d816402ab9b0a639ec5c9da3fd046f348db4b32593b7613c3c492.jpg,candidate-source-0441,True,unverified-source-group-suggestion
maturity:1766,maturity,test,Mature Dragon Fruit,dataset/public/prepared/maturity/dc604e2e54cc53b525fa6e8077cf436cf8d3c2a7420fb51680842e6f3d0035c6.jpg,candidate-source-0441,True,unverified-source-group-suggestion
quality:529,quality,test,Fresh Dragon Fruit,dataset/public/prepared/quality/a53db4748411379f5fa9bdc3ea991aa6335c8fa5ede696faa620907842c4dea8.jpg,candidate-source-0442,True,unverified-source-group-suggestion
maturity:1767,maturity,train,Mature Dragon Fruit,dataset/public/prepared/maturity/af6bc4a104f1ef1ea899c8f5f6543d67dd0a3d45bd92f50ae8645a61371599c0.jpg,candidate-source-0442,True,unverified-source-group-suggestion
quality:53,quality,test,Fresh Dragon Fruit,dataset/public/prepared/quality/380a5a106ed2a7cd7af798cf55d1d52015386c3976f4cc3cc0a3bf8bb1361a7b.jpg,candidate-source-0443,True,unverified-source-group-suggestion
quality:295,quality,test,Fresh Dragon Fruit,dataset/public/prepared/quality/71d9431063fb58d3a88363fd17f35427934eb7c9c2e1ad8d0393101ea9c1b320.jpg,candidate-source-0443,True,unverified-source-group-suggestion
maturity:1284,maturity,train,Mature Dragon Fruit,dataset/public/prepared/maturity/6d57493f08fb7e54100292f3e85c9f0eb93486bfebb8fc5b7d895b6233ebce89.jpg,candidate-source-0443,True,unverified-source-group-suggestion
maturity:1526,maturity,test,Mature Dragon Fruit,dataset/public/prepared/maturity/c1c43a0803cfe75c4b6cb3af0d5c28525cfc560d8b2d7014485b9c362e5e9c8b.jpg,candidate-source-0443,True,unverified-source-group-suggestion
quality:533,quality,train,Fresh Dragon Fruit,dataset/public/prepared/quality/c45dcc3868da33ba46538f1d95a72d0af9f2f61c7c50928d25172ca02b0b1bb9.jpg,candidate-source-0444,True,unverified-source-group-suggestion
maturity:1760,maturity,test,Mature Dragon Fruit,dataset/public/prepared/maturity/d28c6e06d0f0f5bf94e5a1cf0ec2e209224d8b479f9c6fbea2069964813a124e.jpg,candidate-source-0444,True,unverified-source-group-suggestion
quality:536,quality,train,Fresh Dragon Fruit,dataset/public/prepared/quality/59de93f0dd90d4ccd88f3110adb5a108f60ae868b368bd08293f834b8f191eb5.jpg,candidate-source-0445,True,unverified-source-group-suggestion
maturity:1763,maturity,test,Mature Dragon Fruit,dataset/public/prepared/maturity/e594aa252dd80ea83a42a13e273b6138c49a0002037d053c0f6c05443082b07e.jpg,candidate-source-0445,True,unverified-source-group-suggestion
quality:538,quality,train,Fresh Dragon Fruit,dataset/public/prepared/quality/3d611cdcae2fc93a22efadb8cba1229b4e30f6ac14fb238c779ea1ee50f02ec8.jpg,candidate-source-0446,True,unverified-source-group-suggestion
maturity:1754,maturity,test,Mature Dragon Fruit,dataset/public/prepared/maturity/671bdd7fa9d9eaaca1e530717b07a32753c0859faa33af2d823256aeed9b8d01.jpg,candidate-source-0446,True,unverified-source-group-suggestion
quality:54,quality,train,Fresh Dragon Fruit,dataset/public/prepared/quality/1be3ab9131629f5258587263b4182c9e980d257d22ec58445367f7fcfc4780b1.jpg,candidate-source-0447,True,unverified-source-group-suggestion
quality:75,quality,train,Fresh Dragon Fruit,dataset/public/prepared/quality/acb5e4434a9abd717ad2d22b3cfc9dd9186c4cbdba3cea440916dc935bc7771b.jpg,candidate-source-0447,True,unverified-source-group-suggestion
maturity:1285,maturity,train,Mature Dragon Fruit,dataset/public/prepared/maturity/1b24742faadec487d646f9aa904ed80527221f2d23ca591b370c775573225295.jpg,candidate-source-0447,True,unverified-source-group-suggestion
maturity:1325,maturity,test,Mature Dragon Fruit,dataset/public/prepared/maturity/cb69d423671e6c7b097a2955ee9850405eaca087f35265997fbbe3af113de0bd.jpg,candidate-source-0447,True,unverified-source-group-suggestion
quality:540,quality,val,Fresh Dragon Fruit,dataset/public/prepared/quality/34c72d33d93b70e316eae6266d40d50f8b2f5755410b70dd903129cb46414151.jpg,candidate-source-0448,True,unverified-source-group-suggestion
maturity:1807,maturity,train,Mature Dragon Fruit,dataset/public/prepared/maturity/60e8bab2fa1dceabecf8361a30b4c884abd65676bc048bdec24f9a0f462467a9.jpg,candidate-source-0448,True,unverified-source-group-suggestion
quality:541,quality,train,Fresh Dragon Fruit,dataset/public/prepared/quality/9aaa737f678b50d0a476370f87c22cb55c0e37aed7187d16ea239a0e40058534.jpg,candidate-source-0449,False,unverified-source-group-suggestion
maturity:1757,maturity,train,Mature Dragon Fruit,dataset/public/prepared/maturity/d1076b3d563e7e35c5079250cb4176e5ab262defcd577f2cdb31241521e40a23.jpg,candidate-source-0449,False,unverified-source-group-suggestion
quality:542,quality,train,Fresh Dragon Fruit,dataset/public/prepared/quality/bccf57006f1342196dc1f8466a14757718e607caed9e1598aad6c1224a0bde2a.jpg,candidate-source-0450,False,unverified-source-group-suggestion
maturity:1758,maturity,train,Mature Dragon Fruit,dataset/public/prepared/maturity/54f810da58ced2c393091aaf51546e6f281cddd0eea6bbee78163f37d98f222b.jpg,candidate-source-0450,False,unverified-source-group-suggestion
quality:544,quality,train,Fresh Dragon Fruit,dataset/public/prepared/quality/da35c6cf6cef8be1df0e060e00ca5cc0781c3b41032f0eb96ee4d02561a6d9eb.jpg,candidate-source-0451,False,unverified-source-group-suggestion
maturity:1800,maturity,train,Mature Dragon Fruit,dataset/public/prepared/maturity/764408f1935b7e5f18a002c916466ab8209226cc96713b8751c108a1a0aa97b8.jpg,candidate-source-0451,False,unverified-source-group-suggestion
quality:545,quality,val,Fresh Dragon Fruit,dataset/public/prepared/quality/05e6566a7f5749233fbca9bc001ea64cc224d0d03da205941b0932548c417e1b.jpg,candidate-source-0452,True,unverified-source-group-suggestion
maturity:1801,maturity,train,Mature Dragon Fruit,dataset/public/prepared/maturity/6ddcc70ef1993c394c6d0d4df5405fa24aef3c70747e2b15c264d4f08b5c777d.jpg,candidate-source-0452,True,unverified-source-group-suggestion
quality:547,quality,test,Fresh Dragon Fruit,dataset/public/prepared/quality/c2c5e42568611d6bc68715a4e7f84892a347ffe3db6fbd44555be7dcfff41fd8.jpg,candidate-source-0453,False,unverified-source-group-suggestion
maturity:1803,maturity,test,Mature Dragon Fruit,dataset/public/prepared/maturity/1a497b3a313564aea3c1eafb959207d94ab51edc62e8bb8e255afeecd895b811.jpg,candidate-source-0453,False,unverified-source-group-suggestion
quality:549,quality,train,Fresh Dragon Fruit,dataset/public/prepared/quality/06229e961e556f601f66e322d1db8989b09adac51d752d5069849a0d414d49cf.jpg,candidate-source-0454,True,unverified-source-group-suggestion
quality:675,quality,val,Fresh Dragon Fruit,dataset/public/prepared/quality/9a0f71d18712c4b1f014cb03f11e211287508eb8bce1e6e749edef8f42ecad1b.jpg,candidate-source-0454,True,unverified-source-group-suggestion
maturity:1794,maturity,train,Mature Dragon Fruit,dataset/public/prepared/maturity/038aebd9663043bbe07d39358824d5e0df15fa77505b5a73911e64dd87335f5c.jpg,candidate-source-0454,True,unverified-source-group-suggestion
maturity:1929,maturity,train,Mature Dragon Fruit,dataset/public/prepared/maturity/d394c39ff21a33df440b2bf6a368c1d9154b2ae65d2a73f1048d01f12378ef2d.jpg,candidate-source-0454,True,unverified-source-group-suggestion
quality:55,quality,val,Fresh Dragon Fruit,dataset/public/prepared/quality/50ed17682c786c6a44bfa980544915fd1ad2fc059e8ebb32f010ccb735789ef1.jpg,candidate-source-0455,True,unverified-source-group-suggestion
maturity:1272,maturity,train,Mature Dragon Fruit,dataset/public/prepared/maturity/9a83faae3e7a630c19da84e76965b05d5e8a6157e6588b7f919d66c8ea7f3cbd.jpg,candidate-source-0455,True,unverified-source-group-suggestion
quality:550,quality,train,Fresh Dragon Fruit,dataset/public/prepared/quality/c16626892feac966de36807e09cc77182287178666f6b74b500cba2d042266d0.jpg,candidate-source-0456,True,unverified-source-group-suggestion
maturity:1795,maturity,val,Mature Dragon Fruit,dataset/public/prepared/maturity/7ac6afd269bfd2ea0ea6eb6a0c51b8c6349857eb717019161154def39b6653a0.jpg,candidate-source-0456,True,unverified-source-group-suggestion
quality:551,quality,train,Fresh Dragon Fruit,dataset/public/prepared/quality/3aab2edf7d389e361abe4512bfa43b09c50a06309819ec838c742df498d363c8.jpg,candidate-source-0457,True,unverified-source-group-suggestion
maturity:1796,maturity,val,Mature Dragon Fruit,dataset/public/prepared/maturity/fcb229a735bfcf689a8b422c6ec62db3382c4f35a132092624264735e188a42c.jpg,candidate-source-0457,True,unverified-source-group-suggestion
quality:553,quality,train,Fresh Dragon Fruit,dataset/public/prepared/quality/cc778c23b4c33c7335849f0f16bada6088e303b2549c84f215ba412f1d7a0f13.jpg,candidate-source-0458,False,unverified-source-group-suggestion
maturity:1798,maturity,train,Mature Dragon Fruit,dataset/public/prepared/maturity/12db42a444c68c095fc84d88e92b3c93ba8062a2957a16dafa8d5c9aaa3680ef.jpg,candidate-source-0458,False,unverified-source-group-suggestion
quality:554,quality,train,Fresh Dragon Fruit,dataset/public/prepared/quality/bfdd8f83292412a78dcf3be384fee874139f62ff0e584747bd7d7da5da592def.jpg,candidate-source-0459,False,unverified-source-group-suggestion
maturity:1788,maturity,train,Mature Dragon Fruit,dataset/public/prepared/maturity/a95ceb6923644f47400a2a7a0a65e9e56086d33310d0fc27d3885ddf16bdb7e3.jpg,candidate-source-0459,False,unverified-source-group-suggestion
quality:555,quality,test,Fresh Dragon Fruit,dataset/public/prepared/quality/65dff7df9b49ac60f4359ef712be113ff0fca4484f226b5f7ac0125e08aa9359.jpg,candidate-source-0460,False,unverified-source-group-suggestion
maturity:1789,maturity,test,Mature Dragon Fruit,dataset/public/prepared/maturity/767f4239d3a32a535b594e0e0fe85307225ce2f7ab335cd5a531adc6342c4e57.jpg,candidate-source-0460,False,unverified-source-group-suggestion
quality:556,quality,train,Fresh Dragon Fruit,dataset/public/prepared/quality/de735a91434362c6459474e79f4f6f5ef5614235833595319193e32fa832649f.jpg,candidate-source-0461,False,unverified-source-group-suggestion
maturity:1790,maturity,train,Mature Dragon Fruit,dataset/public/prepared/maturity/3d353f9900f07795b5a04d56bce5601d9c957219f72fa1182360f1eab96cb010.jpg,candidate-source-0461,False,unverified-source-group-suggestion
quality:557,quality,train,Fresh Dragon Fruit,dataset/public/prepared/quality/0ec1b7f6c2e321fd9935ebf50a5e2cac41a67bc12836b05787cf772a0a0e8b2c.jpg,candidate-source-0462,False,unverified-source-group-suggestion
maturity:1791,maturity,train,Mature Dragon Fruit,dataset/public/prepared/maturity/dc42efc668acf040183dd160bcc2d06025b07065fad20dea9d75807e5fe4dc18.jpg,candidate-source-0462,False,unverified-source-group-suggestion
quality:559,quality,train,Fresh Dragon Fruit,dataset/public/prepared/quality/74a45802e19eafa464cd4a7cd68e7287622278d0eb049024856857bbc1c01414.jpg,candidate-source-0463,True,unverified-source-group-suggestion
maturity:1833,maturity,test,Mature Dragon Fruit,dataset/public/prepared/maturity/6dc63594866af674ebcd722b40d948da2619e66054c6f5651abb4c617945317d.jpg,candidate-source-0463,True,unverified-source-group-suggestion
quality:56,quality,test,Fresh Dragon Fruit,dataset/public/prepared/quality/fa69dd19f51f43ce3c6ba79d4fdcb117df2c5ce734792454d043ba0bd7ccceeb.jpg,candidate-source-0464,True,unverified-source-group-suggestion
maturity:1640,maturity,train,Mature Dragon Fruit,dataset/public/prepared/maturity/77df0ea5f905c37b8fa93ce1c5ab7f0bebaa50fdc311369c1679268de93794a0.jpg,candidate-source-0464,True,unverified-source-group-suggestion
quality:560,quality,train,Fresh Dragon Fruit,dataset/public/prepared/quality/1eb23eb6f2f4f046fa9ea71668ea9e967e3c0aedd3bb50284397ac2e18438ad8.jpg,candidate-source-0465,True,unverified-source-group-suggestion
maturity:1831,maturity,val,Mature Dragon Fruit,dataset/public/prepared/maturity/57dc5fc9d68e067247fa93acb9a9af71b61ddb37e51552aa3b8141495c697ade.jpg,candidate-source-0465,True,unverified-source-group-suggestion
quality:561,quality,train,Fresh Dragon Fruit,dataset/public/prepared/quality/89906b18d2255bab58b9b2420318cbc72df2d18fd6153fc074850dfc6fd928f5.jpg,candidate-source-0466,False,unverified-source-group-suggestion
maturity:1723,maturity,train,Mature Dragon Fruit,dataset/public/prepared/maturity/6ebf20155113cd959e4d82c04554dcd326d5075157e687b9add439129f51859e.jpg,candidate-source-0466,False,unverified-source-group-suggestion
quality:562,quality,val,Fresh Dragon Fruit,dataset/public/prepared/quality/a882a964eede4c40c899b493e2fedb344cdb7f2e2cfb6997496f649ca2c59956.jpg,candidate-source-0467,True,unverified-source-group-suggestion
maturity:2079,maturity,train,Mature Dragon Fruit,dataset/public/prepared/maturity/e2365b352e72bfcbb0e5522aa7208a6d54ce48f4d7fe17d058237d37389d373b.jpg,candidate-source-0467,True,unverified-source-group-suggestion
quality:563,quality,val,Fresh Dragon Fruit,dataset/public/prepared/quality/ab306a5a016cc0bc3195783f09038bed735ef7c6baf2a432897174f801ad9a56.jpg,candidate-source-0468,True,unverified-source-group-suggestion
maturity:1927,maturity,train,Mature Dragon Fruit,dataset/public/prepared/maturity/9bef07fdd786daa7e4864331bad7dfca586f7b0b9b25669587cd9923fccd2d58.jpg,candidate-source-0468,True,unverified-source-group-suggestion
quality:564,quality,train,Fresh Dragon Fruit,dataset/public/prepared/quality/621573c962291e9a198c0d8ebaeae9066dc48a02fce364887d129d79cdf17c5c.jpg,candidate-source-0469,False,unverified-source-group-suggestion
quality:1425,quality,train,Defect Dragon Fruit,dataset/public/prepared/quality/a1c4302800cb2022ca44fda5ac00bd481c1e0790154f925623d34bfb0d03b5a5.jpg,candidate-source-0469,False,unverified-source-group-suggestion
maturity:1783,maturity,train,Mature Dragon Fruit,dataset/public/prepared/maturity/a1c4302800cb2022ca44fda5ac00bd481c1e0790154f925623d34bfb0d03b5a5.jpg,candidate-source-0469,False,unverified-source-group-suggestion
quality:565,quality,train,Fresh Dragon Fruit,dataset/public/prepared/quality/cfc60c1752cb5da33261cc8632b6232e30e751643ddcb65daa841c08607635df.jpg,candidate-source-0470,False,unverified-source-group-suggestion
maturity:1784,maturity,train,Mature Dragon Fruit,dataset/public/prepared/maturity/708232b495a462735718fce0c156d600bb584ceed30cec068da111695f0be29f.jpg,candidate-source-0470,False,unverified-source-group-suggestion
quality:566,quality,train,Fresh Dragon Fruit,dataset/public/prepared/quality/c7625363cc98fcab47a1ab5f1d866faee054e0279a6e529487121109ffe6f41f.jpg,candidate-source-0471,False,unverified-source-group-suggestion
maturity:1675,maturity,train,Mature Dragon Fruit,dataset/public/prepared/maturity/2e70a5df7d5e8381f892ca2c542ff0c5fe3cf192efd6e631d599a4fb6c413efb.jpg,candidate-source-0471,False,unverified-source-group-suggestion
quality:567,quality,train,Fresh Dragon Fruit,dataset/public/prepared/quality/280548cd26d430e3d58b964a0886ec0b10cc168a6374d963c159c0f689a728bd.jpg,candidate-source-0472,False,unverified-source-group-suggestion
maturity:1814,maturity,train,Mature Dragon Fruit,dataset/public/prepared/maturity/996790c77b33c6b670510022c36f262f337f19f67233003bbede4200b2908408.jpg,candidate-source-0472,False,unverified-source-group-suggestion
quality:568,quality,train,Fresh Dragon Fruit,dataset/public/prepared/quality/9a04ad94c558846cb7b81734318ae9adf2897f126ab3c87815faec210e4c6a47.jpg,candidate-source-0473,False,unverified-source-group-suggestion
maturity:1786,maturity,train,Mature Dragon Fruit,dataset/public/prepared/maturity/a7700eaf82080eb855e366ae4d93964da0c2cad88cfaefa5ad68b8c7029bb2cc.jpg,candidate-source-0473,False,unverified-source-group-suggestion
quality:569,quality,train,Fresh Dragon Fruit,dataset/public/prepared/quality/52f0011e89334a21659173b4c24a48588f83e957d5243a804aca2d7fddcbebc1.jpg,candidate-source-0474,False,unverified-source-group-suggestion
maturity:1606,maturity,train,Mature Dragon Fruit,dataset/public/prepared/maturity/35e0af4a4f789985b76f598c671f6028c10e551ec0fc9bc4151a248e5181e0ff.jpg,candidate-source-0474,False,unverified-source-group-suggestion
quality:57,quality,train,Fresh Dragon Fruit,dataset/public/prepared/quality/68efa8d4652432f5a47deccdd5d72ae91894402a2d3b212ee525df85dc8760eb.jpg,candidate-source-0475,False,unverified-source-group-suggestion
maturity:1274,maturity,train,Mature Dragon Fruit,dataset/public/prepared/maturity/02e1d857db97d49cdfe43e370873c8390fafa1724dfb010e81e0b37f2527d9a6.jpg,candidate-source-0475,False,unverified-source-group-suggestion
quality:570,quality,train,Fresh Dragon Fruit,dataset/public/prepared/quality/79cf31e255a46aea1d4024db1d1ecba729c0b4baf608a8a37a47abdbd09f5ddc.jpg,candidate-source-0476,False,unverified-source-group-suggestion
maturity:1820,maturity,train,Mature Dragon Fruit,dataset/public/prepared/maturity/212e30c5e7aba6f2592733fdfc8aca85e601d7df1a98df26983c0e648b4bb53f.jpg,candidate-source-0476,False,unverified-source-group-suggestion
quality:571,quality,val,Fresh Dragon Fruit,dataset/public/prepared/quality/f8811f36f855144b06daa97b4f9c0ebf012f9f6f3129a957bb371ecfe151e2fc.jpg,candidate-source-0477,True,unverified-source-group-suggestion
quality:635,quality,train,Fresh Dragon Fruit,dataset/public/prepared/quality/3c2b54676d0e144620bc906648560c81881e4902cbf20128b6644b3ce6325772.jpg,candidate-source-0477,True,unverified-source-group-suggestion
maturity:1669,maturity,val,Mature Dragon Fruit,dataset/public/prepared/maturity/4d2d8854c166cfba757a213554d4766e4a43ae0788e36e6987955998a3a3ec64.jpg,candidate-source-0477,True,unverified-source-group-suggestion
maturity:1867,maturity,train,Mature Dragon Fruit,dataset/public/prepared/maturity/3c16f85478f7a830050e9168c1a2fb66f0018c74535570beb9bbb2327b6e315e.jpg,candidate-source-0477,True,unverified-source-group-suggestion
quality:574,quality,train,Fresh Dragon Fruit,dataset/public/prepared/quality/26132290c7c263f5a8e5f707ec8a8ba7bd84ec3bf7a6fd0d20564f782c899b08.jpg,candidate-source-0478,True,unverified-source-group-suggestion
maturity:1613,maturity,test,Mature Dragon Fruit,dataset/public/prepared/maturity/0ac258d8c1d2a2cdf827aab646097d1c91701eec57c54194c59099243310b29f.jpg,candidate-source-0478,True,unverified-source-group-suggestion
quality:576,quality,train,Fresh Dragon Fruit,dataset/public/prepared/quality/037bb0a5e6f0576b4c582e23d922512f0f80b114ebd75593caae0ad4b0986382.jpg,candidate-source-0479,True,unverified-source-group-suggestion
quality:1381,quality,test,Defect Dragon Fruit,dataset/public/prepared/quality/d8dd61778c07ec369ef457c6b386eceb1070a77773784d17c863dfe2da2668f6.jpg,candidate-source-0479,True,unverified-source-group-suggestion
maturity:1825,maturity,test,Mature Dragon Fruit,dataset/public/prepared/maturity/d8dd61778c07ec369ef457c6b386eceb1070a77773784d17c863dfe2da2668f6.jpg,candidate-source-0479,True,unverified-source-group-suggestion
quality:577,quality,val,Fresh Dragon Fruit,dataset/public/prepared/quality/1c3e3431cc9ef3da2cd58fdd9cd535a8accd062f7d63a285a0eb139b0ccca1c5.jpg,candidate-source-0480,True,unverified-source-group-suggestion
maturity:2029,maturity,train,Mature Dragon Fruit,dataset/public/prepared/maturity/cdb234bd4b15317407c92d632e715eff36fbbcebff9ec053c5453119195f3c71.jpg,candidate-source-0480,True,unverified-source-group-suggestion
quality:578,quality,val,Fresh Dragon Fruit,dataset/public/prepared/quality/e465a30db6da55b87507ee2bf80c30aa23c79c75828f7af6d8e2e4f6d32bc778.jpg,candidate-source-0481,True,unverified-source-group-suggestion
maturity:1824,maturity,train,Mature Dragon Fruit,dataset/public/prepared/maturity/5727ae1ba96cc00184c8417cd599303ec2b37708fd539c9512410d95249858ef.jpg,candidate-source-0481,True,unverified-source-group-suggestion
quality:579,quality,test,Fresh Dragon Fruit,dataset/public/prepared/quality/f47a223a521840ded3db190e45ecd1b6f502895cda085cea2d0236fcf6f67e97.jpg,candidate-source-0482,True,unverified-source-group-suggestion
maturity:1302,maturity,train,Mature Dragon Fruit,dataset/public/prepared/maturity/ba948e6a21af8f313382a22327f0a1c6259a9fb9a99c471e56003f122330ad03.jpg,candidate-source-0482,True,unverified-source-group-suggestion
quality:58,quality,train,Fresh Dragon Fruit,dataset/public/prepared/quality/06a243c094b8e315a9c8ea77462a2b1666eb9d7e8463b287df015582d5c8a835.jpg,candidate-source-0483,False,unverified-source-group-suggestion
maturity:1275,maturity,train,Mature Dragon Fruit,dataset/public/prepared/maturity/389e06f96a26e7142dfa8105549de36252f74d1b4ea44e76388d27c38523398c.jpg,candidate-source-0483,False,unverified-source-group-suggestion
quality:580,quality,train,Fresh Dragon Fruit,dataset/public/prepared/quality/5a17dc843a99bd485a4c8534babe0a443484a9a3bdb98fae2344190d482a2eec.jpg,candidate-source-0484,False,unverified-source-group-suggestion
maturity:1487,maturity,train,Mature Dragon Fruit,dataset/public/prepared/maturity/239a58a763c9e0c8a7f30ff0dd2024f4dbea925d62408d96f82963043bce81ac.jpg,candidate-source-0484,False,unverified-source-group-suggestion
quality:582,quality,train,Fresh Dragon Fruit,dataset/public/prepared/quality/990a0166ad51b29c977215bba9bfa856b163cf84fe305c984d768e9ec8679b31.jpg,candidate-source-0485,True,unverified-source-group-suggestion
maturity:1816,maturity,test,Mature Dragon Fruit,dataset/public/prepared/maturity/e19c7a10632364da594822d95e6b8704d227bf6395d21bbda3fb457e78111682.jpg,candidate-source-0485,True,unverified-source-group-suggestion
quality:583,quality,train,Fresh Dragon Fruit,dataset/public/prepared/quality/1af9397b5d84028b6ac78fe44b616d8f5cb30143e8c8ed13cdb37d8aa6a784ec.jpg,candidate-source-0486,True,unverified-source-group-suggestion
maturity:1817,maturity,test,Mature Dragon Fruit,dataset/public/prepared/maturity/f5e74d8e76070383cd6806756731ff1674c010aabb27ed7e495440149a472d5a.jpg,candidate-source-0486,True,unverified-source-group-suggestion
quality:587,quality,train,Fresh Dragon Fruit,dataset/public/prepared/quality/5bc6adbc5b005d88701b5497be6aeb9c4a67387addd58698be1a40c1e17aefc3.jpg,candidate-source-0487,False,unverified-source-group-suggestion
maturity:1810,maturity,train,Mature Dragon Fruit,dataset/public/prepared/maturity/8c4a5d78fed989f1f6da42c5f1949962af1be4225ab8fbb336cedf0851fe4521.jpg,candidate-source-0487,False,unverified-source-group-suggestion
quality:589,quality,train,Fresh Dragon Fruit,dataset/public/prepared/quality/07198c3d132e7d4d040c0330e440bece4ea89dc01c5c46d8cc5621c6c5f2649f.jpg,candidate-source-0488,True,unverified-source-group-suggestion
quality:677,quality,train,Fresh Dragon Fruit,dataset/public/prepared/quality/26e8fbc7972c7b0c2df6a6734dffac69690b8986ba18ef225c81d6c7ae8e412e.jpg,candidate-source-0488,True,unverified-source-group-suggestion
maturity:1774,maturity,train,Mature Dragon Fruit,dataset/public/prepared/maturity/0f69bbf38edd86497cbc08f85b50a4bf1b7053847c575dffcaf2665071743d5e.jpg,candidate-source-0488,True,unverified-source-group-suggestion
maturity:1812,maturity,val,Mature Dragon Fruit,dataset/public/prepared/maturity/bf81be52a47ce985fb21ea8b5cbaab3523f9ae79b89132b5c078836861aa5efc.jpg,candidate-source-0488,True,unverified-source-group-suggestion
quality:59,quality,train,Fresh Dragon Fruit,dataset/public/prepared/quality/229f0e6a59e7d0d91940541b2c40dc84da3b9d3b95a76286b63fe9ba39a66eda.jpg,candidate-source-0489,True,unverified-source-group-suggestion
quality:765,quality,test,Fresh Dragon Fruit,dataset/public/prepared/quality/4c7f02e7d0e18b31b202bff72e83259829701d7a86f7184f696238cfe398aaa1.jpg,candidate-source-0489,True,unverified-source-group-suggestion
maturity:1389,maturity,train,Mature Dragon Fruit,dataset/public/prepared/maturity/1364498d6f7d0e2b5c6488b8bb6fa2c0a3cd39a53ba93a8e3b3f6d731bb35dad.jpg,candidate-source-0489,True,unverified-source-group-suggestion
maturity:1991,maturity,train,Mature Dragon Fruit,dataset/public/prepared/maturity/040f908e836be3fdbce82ed3e692a0eb216ffec928b394df297b9a958ea15ae0.jpg,candidate-source-0489,True,unverified-source-group-suggestion
quality:590,quality,train,Fresh Dragon Fruit,dataset/public/prepared/quality/2ff98c7ee1dab8e917ce1e006edfbd58e4b7847b80dd1733df7179b06e0b7da8.jpg,candidate-source-0490,True,unverified-source-group-suggestion
maturity:1813,maturity,val,Mature Dragon Fruit,dataset/public/prepared/maturity/dbc1275f50aeacc630b408fa598eea3868acdef972871ecab0f171ccb509ba67.jpg,candidate-source-0490,True,unverified-source-group-suggestion
quality:592,quality,val,Fresh Dragon Fruit,dataset/public/prepared/quality/8d795408042fa6d6c18be4c51ca065b483f15b3f575ccc5d223489a0266e5810.jpg,candidate-source-0491,True,unverified-source-group-suggestion
maturity:1804,maturity,train,Mature Dragon Fruit,dataset/public/prepared/maturity/2fee18e4bcedb31154ce0309e298b25ea797be68e27c46729f198bead0b10132.jpg,candidate-source-0491,True,unverified-source-group-suggestion
quality:593,quality,val,Fresh Dragon Fruit,dataset/public/prepared/quality/3076654aa96d8799042dfef5a319d631166f93fb2d36a5b53a1c8668c4fb27e0.jpg,candidate-source-0492,True,unverified-source-group-suggestion
maturity:1805,maturity,test,Mature Dragon Fruit,dataset/public/prepared/maturity/1dc210b84ba0ad64a3dc09e32a92c3f859727dfecfafe6950c63d3ab64a78d3a.jpg,candidate-source-0492,True,unverified-source-group-suggestion
quality:596,quality,train,Fresh Dragon Fruit,dataset/public/prepared/quality/a2cc49586961b5b7e05591562c96498c52a51ca939e85cb4c1bb76f05017cfe9.jpg,candidate-source-0493,True,unverified-source-group-suggestion
maturity:1808,maturity,val,Mature Dragon Fruit,dataset/public/prepared/maturity/411800960d44a21af9900ab878646aea5dff36981d639a84ed50e75ec7219cb8.jpg,candidate-source-0493,True,unverified-source-group-suggestion
quality:597,quality,train,Fresh Dragon Fruit,dataset/public/prepared/quality/a8839ed560c77982d7a938aad3b1dae5b1140b17e4716315b9032cfd64cdfc5e.jpg,candidate-source-0494,False,unverified-source-group-suggestion
maturity:1851,maturity,train,Mature Dragon Fruit,dataset/public/prepared/maturity/ade355347025815fc291dfa2d4c7ab8fe161e60011bd592563d6092e5eff55cc.jpg,candidate-source-0494,False,unverified-source-group-suggestion
quality:598,quality,train,Fresh Dragon Fruit,dataset/public/prepared/quality/f77a0f3731cfead1ec123e4f62f9027caaa3ee8a02fbc74b9fb954af6b446ffa.jpg,candidate-source-0495,False,unverified-source-group-suggestion
maturity:1852,maturity,train,Mature Dragon Fruit,dataset/public/prepared/maturity/e30652e6f400a6f2c9c3383553ed7417e5a1fc37dd8203546b503411161cf939.jpg,candidate-source-0495,False,unverified-source-group-suggestion
quality:6,quality,train,Fresh Dragon Fruit,dataset/public/prepared/quality/9a03332f5913c010df9c1145232eab80a57d5a10a79108b6e5cf3887f0c07d32.jpg,candidate-source-0496,False,unverified-source-group-suggestion
maturity:1271,maturity,train,Mature Dragon Fruit,dataset/public/prepared/maturity/88566425e303244a3ba12b2db1621bb8b93d065875713bd15fb72b1b51588608.jpg,candidate-source-0496,False,unverified-source-group-suggestion
quality:60,quality,train,Fresh Dragon Fruit,dataset/public/prepared/quality/caba4f484038458f7f5df7e3e931307661ef22fd2ee8434f56aaf099252ef135.jpg,candidate-source-0497,False,unverified-source-group-suggestion
maturity:2053,maturity,train,Mature Dragon Fruit,dataset/public/prepared/maturity/1b5ec5c9daccd74214ed1cb37215ccfe09f85bc1385f4a221215bbeac13e6091.jpg,candidate-source-0497,False,unverified-source-group-suggestion
quality:600,quality,train,Fresh Dragon Fruit,dataset/public/prepared/quality/52b0e810a1458d32eba9228a16961769e5d2b25b094de65dda206c8afe0cfcdc.jpg,candidate-source-0498,True,unverified-source-group-suggestion
maturity:1799,maturity,val,Mature Dragon Fruit,dataset/public/prepared/maturity/1d64d335f8bcf86edf7c2d0930113467fc30b0b2e20927f9d7dea417186900a2.jpg,candidate-source-0498,True,unverified-source-group-suggestion
quality:601,quality,test,Fresh Dragon Fruit,dataset/public/prepared/quality/4912e9aa891fb00ab8d397fe2f1812eaa06d667ef2a1491624e34d9f45e3bd7b.jpg,candidate-source-0499,True,unverified-source-group-suggestion
maturity:1855,maturity,train,Mature Dragon Fruit,dataset/public/prepared/maturity/6f03a8642c6108148b8f9eafb5a007f1f3dd66068db8c96c8cabae484ad06add.jpg,candidate-source-0499,True,unverified-source-group-suggestion
quality:603,quality,train,Fresh Dragon Fruit,dataset/public/prepared/quality/cc3b129af9c4d111d338074bb7fdb42087e0f10305ae92db9e0389974b2d5cea.jpg,candidate-source-0500,False,unverified-source-group-suggestion
maturity:1846,maturity,train,Mature Dragon Fruit,dataset/public/prepared/maturity/af96178517dd5090d5d3108809ff8bbc4764177aa61adaaf8ace0c9a09213f0e.jpg,candidate-source-0500,False,unverified-source-group-suggestion
quality:604,quality,val,Fresh Dragon Fruit,dataset/public/prepared/quality/3dc56c06154baada2f8d1556c003cf1c338b1c104c5459e2b232346e6b92f19b.jpg,candidate-source-0501,True,unverified-source-group-suggestion
maturity:1847,maturity,train,Mature Dragon Fruit,dataset/public/prepared/maturity/9291bfa5a9d146a1dca46bd9785e681444a1522de58e076ecc3e9720b765e8ce.jpg,candidate-source-0501,True,unverified-source-group-suggestion
quality:606,quality,train,Fresh Dragon Fruit,dataset/public/prepared/quality/9d65b127b5b7fa5e392386fbfc0e2c7d3ef0907775883a6f99595a9f451a8b52.jpg,candidate-source-0502,False,unverified-source-group-suggestion
maturity:1849,maturity,train,Mature Dragon Fruit,dataset/public/prepared/maturity/ac06f421e7375dd29aab1bee4bb8d102fd7711634c0514a612f5a366973c2b5a.jpg,candidate-source-0502,False,unverified-source-group-suggestion
quality:608,quality,train,Fresh Dragon Fruit,dataset/public/prepared/quality/fb0130d02fe9e0ec262a948e5c41af5be99b5a0a8bf4b64f928291e5cb5de1c9.jpg,candidate-source-0503,False,unverified-source-group-suggestion
maturity:1840,maturity,train,Mature Dragon Fruit,dataset/public/prepared/maturity/c78b0e078b72fea6d889eaeebb5beefdb13a90337981686c395f93aac374cc42.jpg,candidate-source-0503,False,unverified-source-group-suggestion
quality:609,quality,train,Fresh Dragon Fruit,dataset/public/prepared/quality/5ebd8f2b37a086ea2fe93bb5d95c632f144d78295ff5dbe567c6957dc917a05f.jpg,candidate-source-0504,True,unverified-source-group-suggestion
maturity:1841,maturity,test,Mature Dragon Fruit,dataset/public/prepared/maturity/1fc8862659330c8d56343cdd7d3bd4c563e0c46660f45f271f3dffd17d7bc7f3.jpg,candidate-source-0504,True,unverified-source-group-suggestion
quality:61,quality,test,Fresh Dragon Fruit,dataset/public/prepared/quality/e250bf04d20eb35c926e027acc48a6eacebd3a1fb1582f1f00cfd0981365e2a5.jpg,candidate-source-0505,True,unverified-source-group-suggestion
maturity:1459,maturity,train,Mature Dragon Fruit,dataset/public/prepared/maturity/4882368e5aaf951aff37d6e79d818602a27d89de841cbd6d5229d3a7bebd8a05.jpg,candidate-source-0505,True,unverified-source-group-suggestion
quality:614,quality,train,Fresh Dragon Fruit,dataset/public/prepared/quality/db4d5e5b57187a2a8f9675b3f672109523a381de213e582f395d5145919f5202.jpg,candidate-source-0506,False,unverified-source-group-suggestion
maturity:1427,maturity,train,Mature Dragon Fruit,dataset/public/prepared/maturity/1d1a127b33569fb8fecf93f6b54a217096cd74012fef40a7c51cecb48c88577e.jpg,candidate-source-0506,False,unverified-source-group-suggestion
quality:616,quality,val,Fresh Dragon Fruit,dataset/public/prepared/quality/a6981cf18108e00d2d97ffcff84a480f34500b6bbb68f5b00def5af9b3a51b45.jpg,candidate-source-0507,True,unverified-source-group-suggestion
maturity:1883,maturity,test,Mature Dragon Fruit,dataset/public/prepared/maturity/3294b9b8c098ececea63e94abdc7b0655fa18f9b97c356a91cd2487495c2ca62.jpg,candidate-source-0507,True,unverified-source-group-suggestion
quality:619,quality,train,Fresh Dragon Fruit,dataset/public/prepared/quality/063f2e9c6a8a1a5c8b86b63de0e874f930cfe195b40ac1c27f73a2fa5bffb6bc.jpg,candidate-source-0508,False,unverified-source-group-suggestion
maturity:1541,maturity,train,Mature Dragon Fruit,dataset/public/prepared/maturity/ea7c2f8cfb871cadeda774825991bd0956e50754910eba641f02526102bdafdb.jpg,candidate-source-0508,False,unverified-source-group-suggestion
quality:62,quality,test,Fresh Dragon Fruit,dataset/public/prepared/quality/7a3653492eb0d4f537fe91b3ac8ae03957812d6527bc54970b9a4eb00e98b87e.jpg,candidate-source-0509,False,unverified-source-group-suggestion
maturity:2104,maturity,test,Mature Dragon Fruit,dataset/public/prepared/maturity/f3f0904dfa91d1820ef5fa4e2ba58688b3506a5d4705abd894101aea637fde6b.jpg,candidate-source-0509,False,unverified-source-group-suggestion
quality:620,quality,train,Fresh Dragon Fruit,dataset/public/prepared/quality/3922ebf634fd2f166d02014b16078e4bca404fb298cd0c8125fc257611f75434.jpg,candidate-source-0510,False,unverified-source-group-suggestion
maturity:1836,maturity,train,Mature Dragon Fruit,dataset/public/prepared/maturity/2f3a24eb3debbb57331d4d4dd879bbef9aff005f6a5f15c1a9b5e03e244642d5.jpg,candidate-source-0510,False,unverified-source-group-suggestion
quality:625,quality,train,Fresh Dragon Fruit,dataset/public/prepared/quality/d25fd2f361d8bc05f2872b3caadd736a05b3cb7aeb2920bb67b65c54a4c99bd8.jpg,candidate-source-0511,False,unverified-source-group-suggestion
maturity:1873,maturity,train,Mature Dragon Fruit,dataset/public/prepared/maturity/d787d8cf5eaa9cfabd26e5a7e212743010985351bc48e11777d3dc9a291a2dbc.jpg,candidate-source-0511,False,unverified-source-group-suggestion
quality:627,quality,val,Fresh Dragon Fruit,dataset/public/prepared/quality/f40cf44470f5722642cbd9adb9689239449d89d30bcab6ca8d3e07b71c9351e3.jpg,candidate-source-0512,True,unverified-source-group-suggestion
maturity:1730,maturity,train,Mature Dragon Fruit,dataset/public/prepared/maturity/6df2eb654638a58ab868c080ed5284f63c273920259e0fe9065302c06f0418d3.jpg,candidate-source-0512,True,unverified-source-group-suggestion
quality:628,quality,train,Fresh Dragon Fruit,dataset/public/prepared/quality/be5af2a637fd372d10cc0700d87613559e93bf410b814fb1e1cea46683690440.jpg,candidate-source-0513,False,unverified-source-group-suggestion
maturity:1602,maturity,train,Mature Dragon Fruit,dataset/public/prepared/maturity/6c2804d8b74046adb586f21c77e9124bcd79e15ea0549f86411c2e7c6de51b8a.jpg,candidate-source-0513,False,unverified-source-group-suggestion
quality:629,quality,train,Fresh Dragon Fruit,dataset/public/prepared/quality/3aa488f1340aa277b20fcc052b5fb98ae6bf61d36596d3256493f096b30a981a.jpg,candidate-source-0514,False,unverified-source-group-suggestion
maturity:1877,maturity,train,Mature Dragon Fruit,dataset/public/prepared/maturity/c0831dce3dcee1d8c1540a7ee4fb38e63314590a197dbffce413fbdac5e06e24.jpg,candidate-source-0514,False,unverified-source-group-suggestion
quality:63,quality,val,Fresh Dragon Fruit,dataset/public/prepared/quality/1742ea7b31913bb55c571454fbce92fb60a8d1bb19126512ab57ef44ddba4305.jpg,candidate-source-0515,True,unverified-source-group-suggestion
maturity:1330,maturity,train,Mature Dragon Fruit,dataset/public/prepared/maturity/5676acc644c1d9097e86475ac4b2a53bce77747487785c4306ca967fe5d26787.jpg,candidate-source-0515,True,unverified-source-group-suggestion
quality:631,quality,train,Fresh Dragon Fruit,dataset/public/prepared/quality/efb8071a6465c871004fc3c9184d8b5f394f063b7f382cc7ca3dcd78b0aa0dc0.jpg,candidate-source-0516,False,unverified-source-group-suggestion
maturity:1546,maturity,train,Mature Dragon Fruit,dataset/public/prepared/maturity/553eee7fb943d3df17f7621ff0d33465247ef5b62625594bb649b0393b3c839e.jpg,candidate-source-0516,False,unverified-source-group-suggestion
quality:634,quality,train,Fresh Dragon Fruit,dataset/public/prepared/quality/2efb6c623a308c452da924698fcc44f1cb680c73772662cc113849b72e89882b.jpg,candidate-source-0517,True,unverified-source-group-suggestion
quality:793,quality,train,Fresh Dragon Fruit,dataset/public/prepared/quality/cb0165c626f143436a94befaa4d590c3ad3eae5fe5ee9c9519f44cdad123b88d.jpg,candidate-source-0517,True,unverified-source-group-suggestion
quality:818,quality,train,Fresh Dragon Fruit,dataset/public/prepared/quality/979d98082aa6626d20529d65139cffd8b471d5b8035fa31e94059cd7f5b5e485.jpg,candidate-source-0517,True,unverified-source-group-suggestion
maturity:1826,maturity,train,Mature Dragon Fruit,dataset/public/prepared/maturity/db52884c75d1f51fa1bf74ce4552b92385d2b2d7dc342e502d9355bfa704404b.jpg,candidate-source-0517,True,unverified-source-group-suggestion
maturity:2014,maturity,train,Mature Dragon Fruit,dataset/public/prepared/maturity/cd4d45a910e7d7f229f732c4bb43c5ae58d44ca6e7c151ec646dad82038a479c.jpg,candidate-source-0517,True,unverified-source-group-suggestion
maturity:2031,maturity,test,Mature Dragon Fruit,dataset/public/prepared/maturity/d95376956da196251795c0d27fe14fd259e76260f144a6ec1323645996af6d97.jpg,candidate-source-0517,True,unverified-source-group-suggestion
quality:636,quality,train,Fresh Dragon Fruit,dataset/public/prepared/quality/86803e6bc2af20b8a8809b92e47f5f7ae5c246589c73785cf9585856c23f6c20.jpg,candidate-source-0518,False,unverified-source-group-suggestion
maturity:1868,maturity,train,Mature Dragon Fruit,dataset/public/prepared/maturity/b4b4b5e38ad6e7b30de33af3416105b7f13b7e3555f6716b9dfd616f14ebe3eb.jpg,candidate-source-0518,False,unverified-source-group-suggestion
quality:638,quality,test,Fresh Dragon Fruit,dataset/public/prepared/quality/d8e25a9927de8113e1be52fc634baed66175af5db22fc3604d40b3abd495d533.jpg,candidate-source-0519,False,unverified-source-group-suggestion
maturity:1870,maturity,test,Mature Dragon Fruit,dataset/public/prepared/maturity/d6f1d09e1a47bd30c7385ebd709e6f25aa2121b4a5dd1882040b0dbcf5f859bd.jpg,candidate-source-0519,False,unverified-source-group-suggestion
quality:639,quality,train,Fresh Dragon Fruit,dataset/public/prepared/quality/3915dda7220aaa2bb2da5131f25280a27afd06ec972a4ab6b21204ab692d07c0.jpg,candidate-source-0520,False,unverified-source-group-suggestion
maturity:1871,maturity,train,Mature Dragon Fruit,dataset/public/prepared/maturity/39de94980f579f6343bef6bf984d913b81def3e696db9325a34209db43ac7359.jpg,candidate-source-0520,False,unverified-source-group-suggestion
quality:64,quality,train,Fresh Dragon Fruit,dataset/public/prepared/quality/6157bb9ea83289c5d6b8d30b1f30e8f1c5d841c293e7518f2c73adafe06d66e4.jpg,candidate-source-0521,False,unverified-source-group-suggestion
maturity:1328,maturity,train,Mature Dragon Fruit,dataset/public/prepared/maturity/8a59c1109dd4fdf5e4d9226e3702730fd50d072a0425a86bf0232e2f87a6a6af.jpg,candidate-source-0521,False,unverified-source-group-suggestion
quality:641,quality,train,Fresh Dragon Fruit,dataset/public/prepared/quality/a8271222d923a884b8c507156786756e6bff3972707ab3cd6d9952216778fd0c.jpg,candidate-source-0522,False,unverified-source-group-suggestion
maturity:1862,maturity,train,Mature Dragon Fruit,dataset/public/prepared/maturity/8d220edc573ea8ebfb2fcbac39ba6ba88beb8a5a2d758868807b1ae942e53155.jpg,candidate-source-0522,False,unverified-source-group-suggestion
quality:642,quality,val,Fresh Dragon Fruit,dataset/public/prepared/quality/1d1254d4faf784cc9d645b43043acfaf1d8301d096ea004640b98fe9b535a403.jpg,candidate-source-0523,True,unverified-source-group-suggestion
maturity:1863,maturity,train,Mature Dragon Fruit,dataset/public/prepared/maturity/a43db20cebaa2c2f397b3a8c8d1564696b03a470d19bdcecfa73808f3e0092ac.jpg,candidate-source-0523,True,unverified-source-group-suggestion
quality:643,quality,train,Fresh Dragon Fruit,dataset/public/prepared/quality/e48ac8d0e8e80ff40126aa8a6529ab23dbc3b8f8bd9109e80dcd3e5d5723bcf3.jpg,candidate-source-0524,False,unverified-source-group-suggestion
maturity:1864,maturity,train,Mature Dragon Fruit,dataset/public/prepared/maturity/71d836c51dbecb0c63f79720df11e121bf0db54df57d6a8c2ec4c02c77df6039.jpg,candidate-source-0524,False,unverified-source-group-suggestion
quality:644,quality,val,Fresh Dragon Fruit,dataset/public/prepared/quality/2aeb1ec2af9f8ad34d7f48b0b8069ecbbfa3ed8fc1f0a0852a00ec1448e35899.jpg,candidate-source-0525,True,unverified-source-group-suggestion
maturity:1865,maturity,train,Mature Dragon Fruit,dataset/public/prepared/maturity/282e7b612ed5c90543cb6a4c8f4cfc4ad8a83bacc07ad1ffcde08668e037401c.jpg,candidate-source-0525,True,unverified-source-group-suggestion
quality:647,quality,train,Fresh Dragon Fruit,dataset/public/prepared/quality/c12f7836e0b1b14ac22eaf3d2697e3d43a18a691fb2e7b34e6733f181d7900ef.jpg,candidate-source-0526,True,unverified-source-group-suggestion
maturity:1857,maturity,val,Mature Dragon Fruit,dataset/public/prepared/maturity/17d4991e64a9d14c4fe228841048ce1f5fb8223bc2c340059650ac1a11833a7a.jpg,candidate-source-0526,True,unverified-source-group-suggestion
quality:648,quality,val,Fresh Dragon Fruit,dataset/public/prepared/quality/69e380721bf4d052ff4d21ccd21f88e970cc7e8fc386335bc9ceb3ec35d7ca84.jpg,candidate-source-0527,True,unverified-source-group-suggestion
maturity:1858,maturity,train,Mature Dragon Fruit,dataset/public/prepared/maturity/84eba05a5eb22e58400f4a7cd0ab0019ae499eea1c81bd01808cb43ff7b3bfb5.jpg,candidate-source-0527,True,unverified-source-group-suggestion
quality:65,quality,train,Fresh Dragon Fruit,dataset/public/prepared/quality/8df395f910e50af3c34a8f7988e6a17a509e84f57721b24768be79e17974ce0a.jpg,candidate-source-0528,True,unverified-source-group-suggestion
quality:630,quality,test,Fresh Dragon Fruit,dataset/public/prepared/quality/8cf882443ee6b9fc56e34090134c34426f7781330c7c29218a2231367c018c92.jpg,candidate-source-0528,True,unverified-source-group-suggestion
maturity:1734,maturity,train,Mature Dragon Fruit,dataset/public/prepared/maturity/02d0bf17d6b0d4e1b1e0c23a822cbcbf8ba4a25ebc53cbd3d7da8e0e6045d481.jpg,candidate-source-0528,True,unverified-source-group-suggestion
maturity:1752,maturity,train,Mature Dragon Fruit,dataset/public/prepared/maturity/f76629332bc7749f8c73ead1ffbecbe4b2848ccf7b506f2efd2b9ebc1bfe8b9d.jpg,candidate-source-0528,True,unverified-source-group-suggestion
quality:650,quality,train,Fresh Dragon Fruit,dataset/public/prepared/quality/a377811be6313f3f3867156355aef98d3ead71e7848144a8e7bdeab08af786bb.jpg,candidate-source-0529,False,unverified-source-group-suggestion
maturity:1860,maturity,train,Mature Dragon Fruit,dataset/public/prepared/maturity/3fd542c43de1dd6cd4c7fc0d193dfabb55447d7a8b7cd8c027841f389f5c5de9.jpg,candidate-source-0529,False,unverified-source-group-suggestion
quality:651,quality,train,Fresh Dragon Fruit,dataset/public/prepared/quality/0469e6afb75aa01ac6ae12832f55800f024e1c6cdd13388ecc04ab555cfbf344.jpg,candidate-source-0530,False,unverified-source-group-suggestion
maturity:1901,maturity,train,Mature Dragon Fruit,dataset/public/prepared/maturity/d9fd90aea5b2b04cf6fb7a8ff5b9a46017b80ecc178ceffa6218c5aff744098a.jpg,candidate-source-0530,False,unverified-source-group-suggestion
quality:653,quality,train,Fresh Dragon Fruit,dataset/public/prepared/quality/77e526e67e915bef5cd579f8f3e473de718f7928cc8efa9da2b3d5b2628ee061.jpg,candidate-source-0531,False,unverified-source-group-suggestion
maturity:1903,maturity,train,Mature Dragon Fruit,dataset/public/prepared/maturity/622e7c469ce5a545b91df3104e28deb788c61003665d211909e80f527d9340d2.jpg,candidate-source-0531,False,unverified-source-group-suggestion
quality:654,quality,val,Fresh Dragon Fruit,dataset/public/prepared/quality/164607a8816f79c6df6247ab9700ccca2768de77fe3f1986703f399428ce6ef5.jpg,candidate-source-0532,True,unverified-source-group-suggestion
maturity:1879,maturity,test,Mature Dragon Fruit,dataset/public/prepared/maturity/0bc425451bcb3ddba474501c7e31ba1d02a7978ba9b501595c5dfca3a19e893f.jpg,candidate-source-0532,True,unverified-source-group-suggestion
quality:656,quality,train,Fresh Dragon Fruit,dataset/public/prepared/quality/5d168a070879a06f1178aa152a81ad3506b57637715f399cac3670cc26632548.jpg,candidate-source-0533,False,unverified-source-group-suggestion
maturity:1906,maturity,train,Mature Dragon Fruit,dataset/public/prepared/maturity/625cbb778835e907fcbf4219e43252dbff8b897709dfdac120e64cf9eca87788.jpg,candidate-source-0533,False,unverified-source-group-suggestion
quality:657,quality,train,Fresh Dragon Fruit,dataset/public/prepared/quality/079d171c4783e8435d2807144b1fe671748dcb3eae8c6c1819ff9cf55945c4aa.jpg,candidate-source-0534,False,unverified-source-group-suggestion
maturity:1896,maturity,train,Mature Dragon Fruit,dataset/public/prepared/maturity/99ddad99d3f2feaac01dba08ced41e36cd2603c7dcecd44d157c7f186252b896.jpg,candidate-source-0534,False,unverified-source-group-suggestion
quality:658,quality,train,Fresh Dragon Fruit,dataset/public/prepared/quality/2a430eb50b93c608e5650d611f79d8b0c9273f4168050715c854af23fed13d4a.jpg,candidate-source-0535,False,unverified-source-group-suggestion
maturity:1897,maturity,train,Mature Dragon Fruit,dataset/public/prepared/maturity/6b176d4d62b993427210d0ce208fb64c5b59e227e1688e195c03fcab120f2f48.jpg,candidate-source-0535,False,unverified-source-group-suggestion
quality:659,quality,train,Fresh Dragon Fruit,dataset/public/prepared/quality/ce57db2a1fe33ec54604f84de771f1b26ba9343c49cd26855721ae91ad6308e3.jpg,candidate-source-0536,True,unverified-source-group-suggestion
quality:886,quality,test,Fresh Dragon Fruit,dataset/public/prepared/quality/fa66e492716d0ab64920a2e8b2412a744c9db24e08971805982f20335c9c007e.jpg,candidate-source-0536,True,unverified-source-group-suggestion
maturity:1898,maturity,train,Mature Dragon Fruit,dataset/public/prepared/maturity/d5a3a1ab12000a1d7a087a6d95784b13bd1e6257b3aade3e02b156216229c19d.jpg,candidate-source-0536,True,unverified-source-group-suggestion
maturity:2117,maturity,train,Mature Dragon Fruit,dataset/public/prepared/maturity/72d34f0c11ea551c018ac1f66c32659774bc4be5700696d4388e3fb51f2bef1f.jpg,candidate-source-0536,True,unverified-source-group-suggestion
quality:66,quality,test,Fresh Dragon Fruit,dataset/public/prepared/quality/80c063f258cc58b3ecfab7d9975a11d626264f393ad7d5cab899b2c112c77df9.jpg,candidate-source-0537,True,unverified-source-group-suggestion
maturity:1269,maturity,train,Mature Dragon Fruit,dataset/public/prepared/maturity/99e50657d8100e3bb1fbb89ba1a01757fec21309c48a26b764a68a4260e30c3d.jpg,candidate-source-0537,True,unverified-source-group-suggestion
quality:661,quality,train,Fresh Dragon Fruit,dataset/public/prepared/quality/4885f50d09768c5d5a180bcd864e390f8f066a97212853122f43ad25686452ea.jpg,candidate-source-0538,False,unverified-source-group-suggestion
maturity:1900,maturity,train,Mature Dragon Fruit,dataset/public/prepared/maturity/15b3d07169e8c765dbb3ca0be17b76950cece8cb0c9fee6f32eae330c5b1e543.jpg,candidate-source-0538,False,unverified-source-group-suggestion
quality:663,quality,train,Fresh Dragon Fruit,dataset/public/prepared/quality/997b6837e6599d0717f460c1157e4f67f09646097cace60de2b14cf9e2729ef0.jpg,candidate-source-0539,False,unverified-source-group-suggestion
maturity:1891,maturity,train,Mature Dragon Fruit,dataset/public/prepared/maturity/cdcb6bd9445dfa3ef9f33e12d448c57c68856486869da25caca831e1c4ca96e5.jpg,candidate-source-0539,False,unverified-source-group-suggestion
quality:666,quality,train,Fresh Dragon Fruit,dataset/public/prepared/quality/fa263ed5d9bcc51abcd09303b3822a8603fd5ab570759316d30ecd871a42b5e6.jpg,candidate-source-0540,False,unverified-source-group-suggestion
maturity:1894,maturity,train,Mature Dragon Fruit,dataset/public/prepared/maturity/308a67ec542677caef6662f6795ed654983b48e687e48dc142df2053b8a797cc.jpg,candidate-source-0540,False,unverified-source-group-suggestion
quality:667,quality,test,Fresh Dragon Fruit,dataset/public/prepared/quality/95a03195f2d2d051cf9ed2cc80cb6eed737e3359e00dbe9d6c336f5cc6ee5840.jpg,candidate-source-0541,True,unverified-source-group-suggestion
maturity:1895,maturity,train,Mature Dragon Fruit,dataset/public/prepared/maturity/22b254e30175a265afa82722a9f3e229ca167520d5e3b3c416d8b2987e4c012d.jpg,candidate-source-0541,True,unverified-source-group-suggestion
quality:669,quality,train,Fresh Dragon Fruit,dataset/public/prepared/quality/31b42531e67c0b2db44f6c712932e52dc88d59d8c84912801d5bc47c08b8ad71.jpg,candidate-source-0542,False,unverified-source-group-suggestion
quality:751,quality,train,Fresh Dragon Fruit,dataset/public/prepared/quality/667cb068298c264a2121da025b52841ab041ec84c23625fa0833adec196a3902.jpg,candidate-source-0542,False,unverified-source-group-suggestion
maturity:1728,maturity,train,Mature Dragon Fruit,dataset/public/prepared/maturity/a230eb58be7162b933fc89546e3e4465cab262f36119182dca3eb957875f6e52.jpg,candidate-source-0542,False,unverified-source-group-suggestion
maturity:2103,maturity,train,Mature Dragon Fruit,dataset/public/prepared/maturity/6a9223908082ce4601578088708ef7a5ee9e605e65c4264bbc87a9cdfcc9038e.jpg,candidate-source-0542,False,unverified-source-group-suggestion
quality:67,quality,train,Fresh Dragon Fruit,dataset/public/prepared/quality/0c3a972d013fddc160ab98d55eab03287e057b51bd30deadb35e0bf7cc0bef43.jpg,candidate-source-0543,False,unverified-source-group-suggestion
maturity:1331,maturity,train,Mature Dragon Fruit,dataset/public/prepared/maturity/7b614fc1e0bebba60eed00ba02bc8794fcd30090c4b462c76d75f2eb1f15e0ba.jpg,candidate-source-0543,False,unverified-source-group-suggestion
quality:670,quality,test,Fresh Dragon Fruit,dataset/public/prepared/quality/561e4fff49780eff1c3bd17191965813b09342450ba11a2e446f1f8260c6d6af.jpg,candidate-source-0544,True,unverified-source-group-suggestion
maturity:1658,maturity,train,Mature Dragon Fruit,dataset/public/prepared/maturity/7492e513d5173a0aa19bb30aeec056fcb71e1a45f7bbba6bc89cde7f79513fe1.jpg,candidate-source-0544,True,unverified-source-group-suggestion
quality:671,quality,val,Fresh Dragon Fruit,dataset/public/prepared/quality/a452b552e3feb1cf034eac4de1eac3d305c56d31051683b6b3bbe1c85fd85f49.jpg,candidate-source-0545,True,unverified-source-group-suggestion
maturity:1878,maturity,train,Mature Dragon Fruit,dataset/public/prepared/maturity/329afee57ca49e790a73acca3c7d920308d434321b5616d416461af9fd8deca6.jpg,candidate-source-0545,True,unverified-source-group-suggestion
quality:672,quality,train,Fresh Dragon Fruit,dataset/public/prepared/quality/9b578682835777826305b02446b2b5c64b39689d662e86ddf940e9e0130f7e09.jpg,candidate-source-0546,False,unverified-source-group-suggestion
maturity:1835,maturity,train,Mature Dragon Fruit,dataset/public/prepared/maturity/ec02a2b47c9fb2ea13e85e7a4f76d4527474c72ecccaae3815d1f542e8ed9c3c.jpg,candidate-source-0546,False,unverified-source-group-suggestion
quality:676,quality,train,Fresh Dragon Fruit,dataset/public/prepared/quality/967d08bc08ca7da802525157995c6db4deb1780fbd200b463816f8c0f2f0ba13.jpg,candidate-source-0547,True,unverified-source-group-suggestion
maturity:1889,maturity,test,Mature Dragon Fruit,dataset/public/prepared/maturity/37a3306a53db3bafac9edbd57e5be24046a537c2b1998407f4decd3a3d63ea03.jpg,candidate-source-0547,True,unverified-source-group-suggestion
quality:68,quality,train,Fresh Dragon Fruit,dataset/public/prepared/quality/ac648e47d9cbcf03e191d76c1fbbde6965c656374ddef5da63356708a122e003.jpg,candidate-source-0548,True,unverified-source-group-suggestion
quality:167,quality,train,Fresh Dragon Fruit,dataset/public/prepared/quality/2595bd4e80c6372c934062a215812a39b8c496a2dd2e2e9110c332ca0a626a1b.jpg,candidate-source-0548,True,unverified-source-group-suggestion
quality:203,quality,test,Fresh Dragon Fruit,dataset/public/prepared/quality/55ae8f3c80603bb1916b19b200bc6dc5cbf61c60eab7a9169ee5eb95c5957ed5.jpg,candidate-source-0548,True,unverified-source-group-suggestion
quality:848,quality,train,Fresh Dragon Fruit,dataset/public/prepared/quality/8364a8ade0fedadd6fa4ab4bbb8f8beb833dbc7906f399d3645c65d8e3ed4856.jpg,candidate-source-0548,True,unverified-source-group-suggestion
maturity:1268,maturity,train,Mature Dragon Fruit,dataset/public/prepared/maturity/886507295b536bd5fc89531cf8933bab03702f6e5a7ad99c29bc7395fd1f384e.jpg,candidate-source-0548,True,unverified-source-group-suggestion
maturity:1413,maturity,test,Mature Dragon Fruit,dataset/public/prepared/maturity/582eff6ec9f5ef4078c8f36c54ae69054fe764f40915f3f9d07aa948b89e9264.jpg,candidate-source-0548,True,unverified-source-group-suggestion
maturity:1460,maturity,train,Mature Dragon Fruit,dataset/public/prepared/maturity/4056f59a1d5da769f94a15414be87ccccf018f42fa599cade1e1580998f0ff0d.jpg,candidate-source-0548,True,unverified-source-group-suggestion
maturity:2006,maturity,train,Mature Dragon Fruit,dataset/public/prepared/maturity/99206d38a245daff070ead917d1045d148802de376db7b6cd764bb0a02463e03.jpg,candidate-source-0548,True,unverified-source-group-suggestion
quality:682,quality,train,Fresh Dragon Fruit,dataset/public/prepared/quality/118ccedc1dffb42c3e0d4b49d8db79a197e95ab39c267ae31d98be56e76858be.jpg,candidate-source-0549,False,unverified-source-group-suggestion
maturity:1548,maturity,train,Mature Dragon Fruit,dataset/public/prepared/maturity/3f6d0d74fcf1f6479206d03f4dc186e0055f05d521134af24c07da9e393bae57.jpg,candidate-source-0549,False,unverified-source-group-suggestion
quality:684,quality,train,Fresh Dragon Fruit,dataset/public/prepared/quality/f757041051f964ec4744c60bf75512bc550741d8e0c0e03cc606eb0134623794.jpg,candidate-source-0550,False,unverified-source-group-suggestion
maturity:1781,maturity,train,Mature Dragon Fruit,dataset/public/prepared/maturity/5e2847e7652fdabd3d523ec1d9ab9bf914754362264ae1a7e8c7e70f1067167f.jpg,candidate-source-0550,False,unverified-source-group-suggestion
quality:685,quality,train,Fresh Dragon Fruit,dataset/public/prepared/quality/3ec465091aaa607d352949b978cadbe7bdc5a1c3318b4f9b43447dc73cc39b47.jpg,candidate-source-0551,True,unverified-source-group-suggestion
maturity:1934,maturity,test,Mature Dragon Fruit,dataset/public/prepared/maturity/4823eee353c09758c230d5fda51b96ceac134fd6375b7200b6df0bd61249bd2b.jpg,candidate-source-0551,True,unverified-source-group-suggestion
quality:686,quality,train,Fresh Dragon Fruit,dataset/public/prepared/quality/e8082f7322aa039a6a11b11bd4648f72589b1f979c0ea1eea720a7d3b29b42b4.jpg,candidate-source-0552,False,unverified-source-group-suggestion
maturity:1918,maturity,train,Mature Dragon Fruit,dataset/public/prepared/maturity/cb6c4f19d64ac781e2dc91cab6ac2b6ec0ba64cc502650d852b731a6be56bcbb.jpg,candidate-source-0552,False,unverified-source-group-suggestion
quality:690,quality,train,Fresh Dragon Fruit,dataset/public/prepared/quality/ceb0f3243263b2f0d8e2c2335cf763dcb016af2d024c7bb427ad19758d182112.jpg,candidate-source-0553,True,unverified-source-group-suggestion
maturity:1922,maturity,val,Mature Dragon Fruit,dataset/public/prepared/maturity/08f0299a74179e49f0dbd2e7cc0de9eca220f20dfd0dc658833439b3aac16da7.jpg,candidate-source-0553,True,unverified-source-group-suggestion
quality:691,quality,test,Fresh Dragon Fruit,dataset/public/prepared/quality/01e482e9aa0375278198515a98f59de21075e0d32415c6a9efb0b4daaa9cac5f.jpg,candidate-source-0554,True,unverified-source-group-suggestion
maturity:1923,maturity,train,Mature Dragon Fruit,dataset/public/prepared/maturity/e3872d9e830a7042312f431f933a75d9e2a843f9c4e6ddcddc23b20e31100d49.jpg,candidate-source-0554,True,unverified-source-group-suggestion
quality:693,quality,test,Fresh Dragon Fruit,dataset/public/prepared/quality/22c5bc9035c62b04d3ed7d6947761dbb3d88ed9236d51403e650b2ab282e9e9f.jpg,candidate-source-0555,True,unverified-source-group-suggestion
maturity:1914,maturity,train,Mature Dragon Fruit,dataset/public/prepared/maturity/52231cf96ea5e738da8a5a375965eb71d9543d46fd4c9d02eb8c57a789556240.jpg,candidate-source-0555,True,unverified-source-group-suggestion
quality:694,quality,train,Fresh Dragon Fruit,dataset/public/prepared/quality/ee63b69d768b71ba85876b834d793897f5934a87a4f589d7a11196eac78ccf47.jpg,candidate-source-0556,False,unverified-source-group-suggestion
maturity:1915,maturity,train,Mature Dragon Fruit,dataset/public/prepared/maturity/6cc8ff8fac601e1d8e9f476f86e1db200d895784b9c08517ee23210f7d04ecb0.jpg,candidate-source-0556,False,unverified-source-group-suggestion
quality:695,quality,train,Fresh Dragon Fruit,dataset/public/prepared/quality/50f3cbca64f53dbf22620722552af54be42aa83bdffbade086f05ee72d9f6f73.jpg,candidate-source-0557,True,unverified-source-group-suggestion
maturity:1916,maturity,test,Mature Dragon Fruit,dataset/public/prepared/maturity/2e4499fd7999deb447158526ee50e7ae4f7b9ce4ed221030841d41ec509e0bd0.jpg,candidate-source-0557,True,unverified-source-group-suggestion
quality:696,quality,val,Fresh Dragon Fruit,dataset/public/prepared/quality/0022b4ed5f71c3d28f936d22408c95243e21c3bafddfbe08d9cf661fceea6811.jpg,candidate-source-0558,True,unverified-source-group-suggestion
maturity:1917,maturity,train,Mature Dragon Fruit,dataset/public/prepared/maturity/9bb1393f5090d50ff63350a3699ffe4330cf7ee685ce9797ef8034a1249f7f1a.jpg,candidate-source-0558,True,unverified-source-group-suggestion
quality:698,quality,test,Fresh Dragon Fruit,dataset/public/prepared/quality/fccdea143c5beb748dcbde5ef966c957d9e16d0d56f9c33bde2a9e24999d6ca2.jpg,candidate-source-0559,True,unverified-source-group-suggestion
maturity:1908,maturity,train,Mature Dragon Fruit,dataset/public/prepared/maturity/7b0284066051e677d13fe8f7b033352fd730f13bfbcc19f075515253a24097fd.jpg,candidate-source-0559,True,unverified-source-group-suggestion
quality:699,quality,train,Fresh Dragon Fruit,dataset/public/prepared/quality/8d36a179b28b2065f19c29af406cba2ecd722d83dcd21d942e3dc51130329a09.jpg,candidate-source-0560,False,unverified-source-group-suggestion
maturity:1909,maturity,train,Mature Dragon Fruit,dataset/public/prepared/maturity/54a9293d06819bdea8979b840955b942fd8e8fc50993db86aa12ca5f44d80402.jpg,candidate-source-0560,False,unverified-source-group-suggestion
quality:7,quality,train,Fresh Dragon Fruit,dataset/public/prepared/quality/9d7cd67d95cef3d11e4850f8287740cd3a95b609ed4e598352a4e58bbcf53163.jpg,candidate-source-0561,False,unverified-source-group-suggestion
maturity:1258,maturity,train,Mature Dragon Fruit,dataset/public/prepared/maturity/846b0450425e2e5a260e41c7c20ba961127e59b41b10399c1b7e783d075283e0.jpg,candidate-source-0561,False,unverified-source-group-suggestion
quality:70,quality,test,Fresh Dragon Fruit,dataset/public/prepared/quality/8438725c559aa53435a25e06a383b3ee7406592eccb2c132cf046bdc838d7f31.jpg,candidate-source-0562,True,unverified-source-group-suggestion
maturity:1320,maturity,val,Mature Dragon Fruit,dataset/public/prepared/maturity/aa89367923ad371c6d6a4d1126ddb01fc45a4b809498421ada68b29099f166bf.jpg,candidate-source-0562,True,unverified-source-group-suggestion
quality:702,quality,train,Fresh Dragon Fruit,dataset/public/prepared/quality/ddc6eaf1b162995e4b1a6125be50a2fa9d29b43e78fe7004955bddb46b93b4ed.jpg,candidate-source-0563,False,unverified-source-group-suggestion
maturity:1912,maturity,train,Mature Dragon Fruit,dataset/public/prepared/maturity/f6e66aa35ffebe55cdea204daef2a4cdc03f1c056c5ac464dad7659b24e4ac26.jpg,candidate-source-0563,False,unverified-source-group-suggestion
quality:703,quality,train,Fresh Dragon Fruit,dataset/public/prepared/quality/261492052f88fa5b6e88ff58f2b4a5a92006df27547b6f5371907907086d022a.jpg,candidate-source-0564,True,unverified-source-group-suggestion
maturity:1397,maturity,val,Mature Dragon Fruit,dataset/public/prepared/maturity/51a79428e3581cb51b84f742eb17b6ffdca117208077bd0ac7fcef50b02c5724.jpg,candidate-source-0564,True,unverified-source-group-suggestion
quality:704,quality,test,Fresh Dragon Fruit,dataset/public/prepared/quality/1e6d4978af7ced2ba7ec3105edc114b8976f3b44c00613c971a54d0cd2abb069.jpg,candidate-source-0565,True,unverified-source-group-suggestion
maturity:1952,maturity,train,Mature Dragon Fruit,dataset/public/prepared/maturity/f88c38d147f0fbb4c7eb59081e6d292ab81c2a5300a42f22859543b8cc1137fc.jpg,candidate-source-0565,True,unverified-source-group-suggestion
quality:705,quality,train,Fresh Dragon Fruit,dataset/public/prepared/quality/ecc987610058d0b3a3d8929daf403d4c880be80c734b542bcd9260c5e6d8a89d.jpg,candidate-source-0566,True,unverified-source-group-suggestion
maturity:2056,maturity,test,Mature Dragon Fruit,dataset/public/prepared/maturity/f2aea2579c33e1f171e1909a2369d4c8f8e2230404dd083aa0f41943a2013baf.jpg,candidate-source-0566,True,unverified-source-group-suggestion
quality:706,quality,train,Fresh Dragon Fruit,dataset/public/prepared/quality/74f2c95c4d3c8caafcd0dba5b5bf6abc506afd85929ffcfd5ad2cc026915575d.jpg,candidate-source-0567,False,unverified-source-group-suggestion
maturity:1392,maturity,train,Mature Dragon Fruit,dataset/public/prepared/maturity/1c2147f85831b08025618e2ffa94fa362464e172ff3d287775f19f271c8d0aa8.jpg,candidate-source-0567,False,unverified-source-group-suggestion
quality:707,quality,test,Fresh Dragon Fruit,dataset/public/prepared/quality/f215b6c7592a24dba65ed1b0fa81d98db458836ac8e5ae41ef0e87930dff54f7.jpg,candidate-source-0568,True,unverified-source-group-suggestion
maturity:1955,maturity,val,Mature Dragon Fruit,dataset/public/prepared/maturity/9068a31039737c9af8b8182b300e5760af7a898e97268cee8d3c29478aa90afd.jpg,candidate-source-0568,True,unverified-source-group-suggestion
quality:708,quality,train,Fresh Dragon Fruit,dataset/public/prepared/quality/c1bf04b7f592cf2b4ab9220f6e945de79adad15ff224223f277a8654c51af100.jpg,candidate-source-0569,False,unverified-source-group-suggestion
maturity:1956,maturity,train,Mature Dragon Fruit,dataset/public/prepared/maturity/019232da52005a5677af069760e06bbeebf0447632eb6bc4fb84d259485a8d6b.jpg,candidate-source-0569,False,unverified-source-group-suggestion
quality:71,quality,train,Fresh Dragon Fruit,dataset/public/prepared/quality/be0dc22e8c59b216cf2befcf347519bf14720089e1b1e96075abb317510961c1.jpg,candidate-source-0570,False,unverified-source-group-suggestion
maturity:1321,maturity,train,Mature Dragon Fruit,dataset/public/prepared/maturity/a662efcc4ce39e3a3c6148531b1ccc8baf1c5fe7372bb885059eca99921dad18.jpg,candidate-source-0570,False,unverified-source-group-suggestion
quality:710,quality,train,Fresh Dragon Fruit,dataset/public/prepared/quality/1c50bf7eb28555e300265f2217589e8f45a2e2fbf4708b21a6625c4110d75253.jpg,candidate-source-0571,True,unverified-source-group-suggestion
quality:863,quality,val,Fresh Dragon Fruit,dataset/public/prepared/quality/a8ad1b99c844fcc0239d2d73eb843e9caec16e441b5bf8952be2b443c44fa672.jpg,candidate-source-0571,True,unverified-source-group-suggestion
maturity:1947,maturity,train,Mature Dragon Fruit,dataset/public/prepared/maturity/a877b9a373f28c2e4f029bb6f6c5c17ac3a79829eaed8af4a8fcb4290ba8d0d4.jpg,candidate-source-0571,True,unverified-source-group-suggestion
maturity:2089,maturity,train,Mature Dragon Fruit,dataset/public/prepared/maturity/376e34113c3f90a844de811a6a4d0b305fb1c18b83494d6f9f1ee87b4fea3b1d.jpg,candidate-source-0571,True,unverified-source-group-suggestion
quality:711,quality,train,Fresh Dragon Fruit,dataset/public/prepared/quality/9903a28447eb4a6b5ada69eceeb727730fc21d53cf3807f8916cae4f76108c97.jpg,candidate-source-0572,True,unverified-source-group-suggestion
maturity:1948,maturity,val,Mature Dragon Fruit,dataset/public/prepared/maturity/4ef71e6ddd6f1e6c8ec413cf8222abcb893fbcd1afbc8800efb2b20ca11e90e7.jpg,candidate-source-0572,True,unverified-source-group-suggestion
quality:713,quality,val,Fresh Dragon Fruit,dataset/public/prepared/quality/c3964dbe738f10955983270998bce8897d30ea68e1c80619e63f8f60b8162ebf.jpg,candidate-source-0573,True,unverified-source-group-suggestion
maturity:1950,maturity,train,Mature Dragon Fruit,dataset/public/prepared/maturity/bd88762ab131395a94a95665a7a023e2ae3387980ab4cf44ae74f342e0eaf6f6.jpg,candidate-source-0573,True,unverified-source-group-suggestion
quality:714,quality,train,Fresh Dragon Fruit,dataset/public/prepared/quality/62d0666c2443e4c6a2d835669fb765c55864357948ea56663fe08cb07c1033a0.jpg,candidate-source-0574,True,unverified-source-group-suggestion
maturity:1940,maturity,test,Mature Dragon Fruit,dataset/public/prepared/maturity/c0e861f2d1251be3663c65326b3989abfb631c4ad05cf54f79fbc54111b05bdd.jpg,candidate-source-0574,True,unverified-source-group-suggestion
quality:715,quality,train,Fresh Dragon Fruit,dataset/public/prepared/quality/e0cb2da6099c939fb0435295d7070fc82afca4d3ecf882c133c49ab1074823b2.jpg,candidate-source-0575,True,unverified-source-group-suggestion
quality:887,quality,test,Fresh Dragon Fruit,dataset/public/prepared/quality/55ed5e63e3d351c75340bbdcbf4ef8a9ee4599c68770081caf5c031541933a32.jpg,candidate-source-0575,True,unverified-source-group-suggestion
maturity:1941,maturity,test,Mature Dragon Fruit,dataset/public/prepared/maturity/7a6aa930e0d08d508bee98a71a468d7e261ea197f77cd8b49ba3b82acd9341e2.jpg,candidate-source-0575,True,unverified-source-group-suggestion
maturity:2118,maturity,test,Mature Dragon Fruit,dataset/public/prepared/maturity/6ecdb677a8ee88ec227cd706e0b2fa96a028a656aa10d9a6258f967749e7f47f.jpg,candidate-source-0575,True,unverified-source-group-suggestion
quality:717,quality,test,Fresh Dragon Fruit,dataset/public/prepared/quality/d0534cfe8be6a2337116fc48501c2ed83b9b1301afcbcd110ea85d08e5db6e34.jpg,candidate-source-0576,True,unverified-source-group-suggestion
maturity:1943,maturity,train,Mature Dragon Fruit,dataset/public/prepared/maturity/39db7bf74a41d9d44da733e2e767bd757120b7427b59b3d235569fc553119685.jpg,candidate-source-0576,True,unverified-source-group-suggestion
quality:718,quality,train,Fresh Dragon Fruit,dataset/public/prepared/quality/8d35629b0de58f1b900c9cce16a7c9139b87bd75c1b67d3581e5b5aa812d8691.jpg,candidate-source-0577,True,unverified-source-group-suggestion
maturity:1944,maturity,val,Mature Dragon Fruit,dataset/public/prepared/maturity/2828c2528764b6244ffe55439c4706053fc41e78f3281ecbb5c3e28a6bad3870.jpg,candidate-source-0577,True,unverified-source-group-suggestion
quality:72,quality,test,Fresh Dragon Fruit,dataset/public/prepared/quality/fd87206c490d96caeb3f4d122023feeb14cd64400a04e8f17078f1bbe872d90e.jpg,candidate-source-0578,True,unverified-source-group-suggestion
maturity:1322,maturity,train,Mature Dragon Fruit,dataset/public/prepared/maturity/7dbd7c9867deca66b58cac03516df44587756f32425150ca94493c8d21ff0e31.jpg,candidate-source-0578,True,unverified-source-group-suggestion
quality:720,quality,test,Fresh Dragon Fruit,dataset/public/prepared/quality/ee4e1dccddcf500405eb4cdb6c2805052d59096c53b9399f879abc5592c74c18.jpg,candidate-source-0579,True,unverified-source-group-suggestion
maturity:2080,maturity,train,Mature Dragon Fruit,dataset/public/prepared/maturity/afe5414e8711a0eaa743aa3a1486abb075b34e313c8e941667a728b8dbb5a473.jpg,candidate-source-0579,True,unverified-source-group-suggestion
quality:721,quality,train,Fresh Dragon Fruit,dataset/public/prepared/quality/bc5d31e7bd3ab86ec58782f41b364fab8430d245b73f8dbffb5e46a97b754337.jpg,candidate-source-0580,True,unverified-source-group-suggestion
maturity:1483,maturity,val,Mature Dragon Fruit,dataset/public/prepared/maturity/afcbeb0b24c41e9513adcf829d1ed8ffba2dc26600e54a4556cae1bc269e9fd4.jpg,candidate-source-0580,True,unverified-source-group-suggestion
quality:722,quality,test,Fresh Dragon Fruit,dataset/public/prepared/quality/d27157bb692d219d6e3343147fc4a0c0724a7aba99af14fb59996d93107b62d4.jpg,candidate-source-0581,True,unverified-source-group-suggestion
maturity:2078,maturity,val,Mature Dragon Fruit,dataset/public/prepared/maturity/eb887a8dccfd3e96d2759b03c4d3fb1c24eaf928b1c7b6523ee327c709ea5f43.jpg,candidate-source-0581,True,unverified-source-group-suggestion
quality:723,quality,train,Fresh Dragon Fruit,dataset/public/prepared/quality/83c854c4b634d382ba7986b20f6b0db5877ce3b671468fb1b801242aeada334e.jpg,candidate-source-0582,False,unverified-source-group-suggestion
maturity:1935,maturity,train,Mature Dragon Fruit,dataset/public/prepared/maturity/57aed6b4354192d16f562d1f1fa412e554e5dd40f037521b532b9d0da6b19057.jpg,candidate-source-0582,False,unverified-source-group-suggestion
quality:724,quality,train,Fresh Dragon Fruit,dataset/public/prepared/quality/9ce564d238225bb5bc0c466c5468a79d14a320c4c3a6ce21d47ea79812d6efac.jpg,candidate-source-0583,False,unverified-source-group-suggestion
maturity:1936,maturity,train,Mature Dragon Fruit,dataset/public/prepared/maturity/d2c0c465e1812b35025aaea94f44160f8473f79e0c8137832704f463452876d1.jpg,candidate-source-0583,False,unverified-source-group-suggestion
quality:725,quality,train,Fresh Dragon Fruit,dataset/public/prepared/quality/2f66e572c29e2fa0b21388e82e3e5bd7abea9f7e81988ecaf2d96cd144958590.jpg,candidate-source-0584,False,unverified-source-group-suggestion
maturity:1937,maturity,train,Mature Dragon Fruit,dataset/public/prepared/maturity/664cbf4ff45fc8803d7aaa6504a45710c83e27c647c23d2354671fd6b94851c6.jpg,candidate-source-0584,False,unverified-source-group-suggestion
quality:726,quality,train,Fresh Dragon Fruit,dataset/public/prepared/quality/110875afae3435eb9108dab596ec1f19571ca390c6c2e2ca29fedb2f8960cedf.jpg,candidate-source-0585,False,unverified-source-group-suggestion
maturity:1938,maturity,train,Mature Dragon Fruit,dataset/public/prepared/maturity/9e0a4fff8e36cd5b92b33a17ac77efa428e8714b739e85945337ae401003fb5d.jpg,candidate-source-0585,False,unverified-source-group-suggestion
quality:727,quality,train,Fresh Dragon Fruit,dataset/public/prepared/quality/601baf462926cb00795d758cf76071656124e679feccc334410e1f8e3fc4b616.jpg,candidate-source-0586,True,unverified-source-group-suggestion
maturity:1939,maturity,test,Mature Dragon Fruit,dataset/public/prepared/maturity/4d187d35f39cc4d8f8c93adf6a4503f553e835c8d1dd6fbd524d6f487955f2c5.jpg,candidate-source-0586,True,unverified-source-group-suggestion
quality:728,quality,test,Fresh Dragon Fruit,dataset/public/prepared/quality/f13712098b154154ecc640e9207666ed08170dd16b4924f4b564d179ac0f7c4d.jpg,candidate-source-0587,True,unverified-source-group-suggestion
maturity:1974,maturity,train,Mature Dragon Fruit,dataset/public/prepared/maturity/0c336298aacebefd5673198dad76838dfc585ea30d67997c0b9e16184f196620.jpg,candidate-source-0587,True,unverified-source-group-suggestion
quality:73,quality,train,Fresh Dragon Fruit,dataset/public/prepared/quality/f905443c89e5cc6e881cb09a2560a4be4b5fb8fe67532a23e867bf88148f1c37.jpg,candidate-source-0588,False,unverified-source-group-suggestion
maturity:1323,maturity,train,Mature Dragon Fruit,dataset/public/prepared/maturity/a965ebc163e6665de77de125450a7323c941e11ab4bb0a7ea941aaf94bd64c25.jpg,candidate-source-0588,False,unverified-source-group-suggestion
quality:730,quality,test,Fresh Dragon Fruit,dataset/public/prepared/quality/1d3e0fa80b6f7c73f2689d9d1ae94fb96dfe5f153cf70459fd7623d217160a3b.jpg,candidate-source-0589,True,unverified-source-group-suggestion
maturity:1976,maturity,train,Mature Dragon Fruit,dataset/public/prepared/maturity/bbf9a381cbfb7cd4074a7a80670bae81c6113068896a5b41572e81c4c982ab1d.jpg,candidate-source-0589,True,unverified-source-group-suggestion
quality:731,quality,train,Fresh Dragon Fruit,dataset/public/prepared/quality/5843bb7ce4896ac6b1a7ff7b2eb1a433618ed77f35a8e63029103a83b9950c95.jpg,candidate-source-0590,True,unverified-source-group-suggestion
maturity:1977,maturity,val,Mature Dragon Fruit,dataset/public/prepared/maturity/b3ce733f9190e0f83334fd894e18c6e75dc8bdde01f378793dc11a01a89c742c.jpg,candidate-source-0590,True,unverified-source-group-suggestion
quality:732,quality,train,Fresh Dragon Fruit,dataset/public/prepared/quality/783df63e1425e9e7ff719ff05f045f68f677cd8e4273eac0b4ca2300e98e0af8.jpg,candidate-source-0591,True,unverified-source-group-suggestion
maturity:1978,maturity,test,Mature Dragon Fruit,dataset/public/prepared/maturity/e4c40a89b8a814c4e1a6a9a68b14c6d16af14b4adca84c62de2dcaa12fc1ad5c.jpg,candidate-source-0591,True,unverified-source-group-suggestion
quality:733,quality,val,Fresh Dragon Fruit,dataset/public/prepared/quality/eddbbc376e46d18421d4f93cf45346e5ec3301bb5e79952f14c284a98b5ccb22.jpg,candidate-source-0592,False,unverified-source-group-suggestion
maturity:1245,maturity,val,Mature Dragon Fruit,dataset/public/prepared/maturity/a518865e5f9f032730e8a94b3a0c6c6c37e81b57ea92a33055a81a3b401a795e.jpg,candidate-source-0592,False,unverified-source-group-suggestion
quality:734,quality,train,Fresh Dragon Fruit,dataset/public/prepared/quality/23241045969a8f6d5b3655f05f988f57f31a131a852fa9bca55d7ad36f20062f.jpg,candidate-source-0593,True,unverified-source-group-suggestion
maturity:1305,maturity,val,Mature Dragon Fruit,dataset/public/prepared/maturity/8b5ce86498a733bd666ad3842ae9be4f112896af49217fe9a1bbf8b94c7d1e19.jpg,candidate-source-0593,True,unverified-source-group-suggestion
quality:735,quality,train,Fresh Dragon Fruit,dataset/public/prepared/quality/d56a9b08102a3944e548b7e80b13ab6b437fbb60ed42581063c81ca0c999b8da.jpg,candidate-source-0594,False,unverified-source-group-suggestion
maturity:1306,maturity,train,Mature Dragon Fruit,dataset/public/prepared/maturity/278325c714c9f94127ca14097c0f62ebe716a398d543555bd7a5f74694b7042e.jpg,candidate-source-0594,False,unverified-source-group-suggestion
quality:736,quality,test,Fresh Dragon Fruit,dataset/public/prepared/quality/fb38b06d2b580ae8c44aa48a76ecfc8956bb554ee4c61e3d16de7ab9f9c6e39a.jpg,candidate-source-0595,True,unverified-source-group-suggestion
maturity:1968,maturity,train,Mature Dragon Fruit,dataset/public/prepared/maturity/57ab3a72dbd19ddb32a55d9d93190510eb7380835955212b1f8e5e0115d04302.jpg,candidate-source-0595,True,unverified-source-group-suggestion
quality:737,quality,train,Fresh Dragon Fruit,dataset/public/prepared/quality/f8eb6cb8c264f9bc7498ca1267b6544d585fa9d119888fbcbd159466d9de7ced.jpg,candidate-source-0596,False,unverified-source-group-suggestion
maturity:1969,maturity,train,Mature Dragon Fruit,dataset/public/prepared/maturity/704cb97a0079dd66044f2a83851753a4661cebf33bb0b2cf5ae31d437b473696.jpg,candidate-source-0596,False,unverified-source-group-suggestion
quality:739,quality,train,Fresh Dragon Fruit,dataset/public/prepared/quality/4b2f66606d1d43a4dc53d8c6a159c873710cbf7647af48636f6b0eaef623e57c.jpg,candidate-source-0597,True,unverified-source-group-suggestion
maturity:1971,maturity,test,Mature Dragon Fruit,dataset/public/prepared/maturity/d41d2fb6aa1a52576f3bf814247d5ce633349bae39a37761b99d665df83fa28c.jpg,candidate-source-0597,True,unverified-source-group-suggestion
quality:74,quality,train,Fresh Dragon Fruit,dataset/public/prepared/quality/6f6262c92275e53e331d2274af6c32bab3e6dbf34c7b0c7d6deba9f21a828023.jpg,candidate-source-0598,False,unverified-source-group-suggestion
maturity:1324,maturity,train,Mature Dragon Fruit,dataset/public/prepared/maturity/6310f4f2813a9ed05e4791e2e2e7eca6875d74f23f76838899739de9db5d2651.jpg,candidate-source-0598,False,unverified-source-group-suggestion
quality:740,quality,train,Fresh Dragon Fruit,dataset/public/prepared/quality/d1e178b0fd5d18c72f56044eb476dbdc1bf1a6325cb0ee024635a61244b3091f.jpg,candidate-source-0599,True,unverified-source-group-suggestion
maturity:1972,maturity,test,Mature Dragon Fruit,dataset/public/prepared/maturity/5fd2430730a9fb2487d12ea901baf57201f4dd1c01bef12757ce85a39f3ef090.jpg,candidate-source-0599,True,unverified-source-group-suggestion
quality:741,quality,val,Fresh Dragon Fruit,dataset/public/prepared/quality/81b28c6ca353650f16c257359f0b77b12535f4aff36ec3135a952ee7ef285708.jpg,candidate-source-0600,True,unverified-source-group-suggestion
maturity:1973,maturity,train,Mature Dragon Fruit,dataset/public/prepared/maturity/74e1db085b39e9c874f324c2929128a2dc2bc670c14d81cbcf28e9ee0a85ccbf.jpg,candidate-source-0600,True,unverified-source-group-suggestion
quality:746,quality,train,Fresh Dragon Fruit,dataset/public/prepared/quality/829f35b8b46c8cf64ed752b8510a2666d773969e87819aeb1ed06dc8ca0d4c8f.jpg,candidate-source-0601,True,unverified-source-group-suggestion
maturity:1967,maturity,test,Mature Dragon Fruit,dataset/public/prepared/maturity/2ef103a7b093744837ccb3e2886a0b18a6801184fccb43a850dee2babf3c11c9.jpg,candidate-source-0601,True,unverified-source-group-suggestion
quality:747,quality,test,Fresh Dragon Fruit,dataset/public/prepared/quality/c5eca90f8b8a84fb7fb26b22cac9776f35deb27390ba3afe3aef5b3c8925913d.jpg,candidate-source-0602,False,unverified-source-group-suggestion
maturity:1957,maturity,test,Mature Dragon Fruit,dataset/public/prepared/maturity/18d25ebafac41ef3bf8630ba8c19bc2e962746786a8c37eaff16e9c1100b0cfb.jpg,candidate-source-0602,False,unverified-source-group-suggestion
quality:748,quality,train,Fresh Dragon Fruit,dataset/public/prepared/quality/a8b9d96b6205cb43d659466eb2df919749a9fe06f3258504b9efaf38920ab4c6.jpg,candidate-source-0603,False,unverified-source-group-suggestion
maturity:1450,maturity,train,Mature Dragon Fruit,dataset/public/prepared/maturity/05c2aa7cf63af8a819fd2142cd443f6925d46f32dd5deff31566dceee10ca48c.jpg,candidate-source-0603,False,unverified-source-group-suggestion
quality:749,quality,train,Fresh Dragon Fruit,dataset/public/prepared/quality/b375f0422e36cb3d887b4f322cf8cf2a1bea18088976f62491cf75d0a2477c59.jpg,candidate-source-0604,False,unverified-source-group-suggestion
maturity:1959,maturity,train,Mature Dragon Fruit,dataset/public/prepared/maturity/78077105b297b606ab1e1492a9991a3c3d59cc953fdfdf0a8cba26744fa72b59.jpg,candidate-source-0604,False,unverified-source-group-suggestion
quality:750,quality,train,Fresh Dragon Fruit,dataset/public/prepared/quality/f5b22eee3bedd09c12047bdaa0aff45fa7d57d6fe980b663e9100f9197bd0819.jpg,candidate-source-0605,False,unverified-source-group-suggestion
maturity:1960,maturity,train,Mature Dragon Fruit,dataset/public/prepared/maturity/08d7f0c233bf7ba66b21fa53f25cabd9c57805d3643904b8e5bfbec97e474716.jpg,candidate-source-0605,False,unverified-source-group-suggestion
quality:752,quality,train,Fresh Dragon Fruit,dataset/public/prepared/quality/016a6e42e2e63a92e9872ac92ec357bf48e7693baee17aa6c356ddf698d46423.jpg,candidate-source-0606,False,unverified-source-group-suggestion
maturity:1961,maturity,train,Mature Dragon Fruit,dataset/public/prepared/maturity/af05250bbccb0988efc2f480cf3d7ea17f6191c782db88722c0c40f99d8ba261.jpg,candidate-source-0606,False,unverified-source-group-suggestion
quality:753,quality,train,Fresh Dragon Fruit,dataset/public/prepared/quality/7cde69c28677b973f15b3c6261c530203adc745607e853e1bedaa8e9544c4c62.jpg,candidate-source-0607,False,unverified-source-group-suggestion
maturity:2001,maturity,train,Mature Dragon Fruit,dataset/public/prepared/maturity/216091eecd0dd3e3e6cdb7450358c558ae88725e90494719f800707bd33d16e7.jpg,candidate-source-0607,False,unverified-source-group-suggestion
quality:755,quality,train,Fresh Dragon Fruit,dataset/public/prepared/quality/6ba2b89302d9227fce2aa67e14c5492c89babcdf2cbe4dea5097763d95484072.jpg,candidate-source-0608,False,unverified-source-group-suggestion
maturity:2050,maturity,train,Mature Dragon Fruit,dataset/public/prepared/maturity/6bf421e2df4c75aac554d63b14ed12380287983b24a499f02fc0131303c494d2.jpg,candidate-source-0608,False,unverified-source-group-suggestion
quality:756,quality,test,Fresh Dragon Fruit,dataset/public/prepared/quality/5dc784a3436babf1dd21940de920e04115797a69470f57aae954b77bdfc4cb99.jpg,candidate-source-0609,True,unverified-source-group-suggestion
maturity:2004,maturity,train,Mature Dragon Fruit,dataset/public/prepared/maturity/7d320bbd8a5e7314942aac5a57d6cae8952bbe968fd8139cff0d41a96eb18534.jpg,candidate-source-0609,True,unverified-source-group-suggestion
quality:758,quality,train,Fresh Dragon Fruit,dataset/public/prepared/quality/dbb190224c5273db30c7df80248762a72e1ca2b060b0df00c449ee576d07953a.jpg,candidate-source-0610,False,unverified-source-group-suggestion
maturity:1995,maturity,train,Mature Dragon Fruit,dataset/public/prepared/maturity/0f07b0aa0f1ea239671e7e0dc69ddfcdb93f4e41cc8184d2ba52742fd1bd4d48.jpg,candidate-source-0610,False,unverified-source-group-suggestion
quality:76,quality,train,Fresh Dragon Fruit,dataset/public/prepared/quality/7c613c34b206facffeb6cc32f0faa732217701a7bbe19af4ac9683eb8caac573.jpg,candidate-source-0611,False,unverified-source-group-suggestion
maturity:1312,maturity,train,Mature Dragon Fruit,dataset/public/prepared/maturity/0d8bbd2188023830a393d43e3195d6c51995f1c7a3dbdc0bcdb1448da8a81827.jpg,candidate-source-0611,False,unverified-source-group-suggestion
quality:761,quality,train,Fresh Dragon Fruit,dataset/public/prepared/quality/21f1fbfd22402db9e6a4a56fab608e3a66caf1d7b5675891ae6b27c45926e9d3.jpg,candidate-source-0612,False,unverified-source-group-suggestion
maturity:1998,maturity,train,Mature Dragon Fruit,dataset/public/prepared/maturity/c4ee4cf3ac1b290d92d53c2684e5fd8bd02f7338d12f2b10daf76150ccaa124e.jpg,candidate-source-0612,False,unverified-source-group-suggestion
quality:762,quality,val,Fresh Dragon Fruit,dataset/public/prepared/quality/8fc064376146ab519006f1f48b6014b1b0fbc884a929fcd13b926d1e782e7d61.jpg,candidate-source-0613,True,unverified-source-group-suggestion
maturity:1999,maturity,train,Mature Dragon Fruit,dataset/public/prepared/maturity/dad7378d9af0ee1fdd97995348d8324433e5a08193bcc39f15afe4a4fb8f2b6f.jpg,candidate-source-0613,True,unverified-source-group-suggestion
quality:764,quality,train,Fresh Dragon Fruit,dataset/public/prepared/quality/2ee1fe9678797f354540ec5eb5483eadced9be73a705f33b4a4ec02f2f931a0b.jpg,candidate-source-0614,False,unverified-source-group-suggestion
maturity:1990,maturity,train,Mature Dragon Fruit,dataset/public/prepared/maturity/862233c261e9ae598c68a2f8e90a5d9579bf2bbada70df2e16479ed6e98fcd91.jpg,candidate-source-0614,False,unverified-source-group-suggestion
quality:767,quality,train,Fresh Dragon Fruit,dataset/public/prepared/quality/d113fdf3387929d69f1169cc614dfa3a62bd67b55efff56123dcfbc992bfa96d.jpg,candidate-source-0615,False,unverified-source-group-suggestion
maturity:1993,maturity,train,Mature Dragon Fruit,dataset/public/prepared/maturity/405deec4f1e013a7ea6ec7a4edd9546e5bed77404375cdaf5b22976f39ec6b6e.jpg,candidate-source-0615,False,unverified-source-group-suggestion
quality:77,quality,val,Fresh Dragon Fruit,dataset/public/prepared/quality/3aa2ef0d53d2b545eb3b8f2ebc10f2ee2be306111f5fb04849b96b29a17ca7d7.jpg,candidate-source-0616,True,unverified-source-group-suggestion
quality:760,quality,train,Fresh Dragon Fruit,dataset/public/prepared/quality/efc3b96289aa49f90da3bfacf8074cf8461e714da1eb7b0b3b6b31442da7d7f3.jpg,candidate-source-0616,True,unverified-source-group-suggestion
maturity:1313,maturity,train,Mature Dragon Fruit,dataset/public/prepared/maturity/12e0716838cdfc17770a437737735fa907ccb9b43d126ee9be77aa29bd9b739b.jpg,candidate-source-0616,True,unverified-source-group-suggestion
maturity:1997,maturity,train,Mature Dragon Fruit,dataset/public/prepared/maturity/e6014cfe33b224429a3a6a261c9ddbaf752d7aa95ae39e1a4d1ecd7b3ab62045.jpg,candidate-source-0616,True,unverified-source-group-suggestion
quality:770,quality,train,Fresh Dragon Fruit,dataset/public/prepared/quality/9b6b84cbbf688d1059181db40ea848e1ca761cdf0d1debd5e049e10874598d32.jpg,candidate-source-0617,False,unverified-source-group-suggestion
maturity:1424,maturity,train,Mature Dragon Fruit,dataset/public/prepared/maturity/b4bc6c1a016e5d9f48bbc0d39d3f660d456d53456d36ea502f1af410c9762b72.jpg,candidate-source-0617,False,unverified-source-group-suggestion
quality:771,quality,train,Fresh Dragon Fruit,dataset/public/prepared/quality/7f0db4fbb148b3b2c16ca855aaa94f08139d34e5bfeb72ee958a50e41ee469ef.jpg,candidate-source-0618,True,unverified-source-group-suggestion
maturity:1984,maturity,val,Mature Dragon Fruit,dataset/public/prepared/maturity/33db7b9340b80a8b7b47e2dd22d31eb09ef270b6f2fd5eb9a75d3b4664a71c60.jpg,candidate-source-0618,True,unverified-source-group-suggestion
quality:772,quality,val,Fresh Dragon Fruit,dataset/public/prepared/quality/810c84be63694acd981aab20afdb5b4350e849b426119a0b33fd1d21a2794105.jpg,candidate-source-0619,True,unverified-source-group-suggestion
maturity:1985,maturity,train,Mature Dragon Fruit,dataset/public/prepared/maturity/9ee6f7fb55e07a8059a1a51acd6467a774f164d8b0027ec2a6fce6504e1c31e3.jpg,candidate-source-0619,True,unverified-source-group-suggestion
quality:775,quality,train,Fresh Dragon Fruit,dataset/public/prepared/quality/1c8c7740b443619f68573fdabf58d8ab38feb9c0f77398daf31357cff3d83197.jpg,candidate-source-0620,False,unverified-source-group-suggestion
maturity:1988,maturity,train,Mature Dragon Fruit,dataset/public/prepared/maturity/e7457aa89256b018616ebe377b64f7aebfb8b03c02a24db94fc3611ee272e196.jpg,candidate-source-0620,False,unverified-source-group-suggestion
quality:778,quality,train,Fresh Dragon Fruit,dataset/public/prepared/quality/93981fd365a19bde12cde5cd70f99be8cbbcd1a5340ccb5802b6228c21b719ae.jpg,candidate-source-0621,True,unverified-source-group-suggestion
maturity:2023,maturity,val,Mature Dragon Fruit,dataset/public/prepared/maturity/5526ec455ce61d4e1963701da048d474896137d008878171cb783c654711e111.jpg,candidate-source-0621,True,unverified-source-group-suggestion
quality:779,quality,val,Fresh Dragon Fruit,dataset/public/prepared/quality/99439fbe4a0d17e22cc89e8ddf29c01d221fa944a22240928a79aa956c0b7350.jpg,candidate-source-0622,True,unverified-source-group-suggestion
maturity:2024,maturity,train,Mature Dragon Fruit,dataset/public/prepared/maturity/cac32b49c5c2ba18c794352fbfeb2b1804eebb33a609531f4ea0c27d8197698f.jpg,candidate-source-0622,True,unverified-source-group-suggestion
quality:78,quality,train,Fresh Dragon Fruit,dataset/public/prepared/quality/ba1df09748c3fb3971ebf315b4919d28ea5889f6b45d62c09441dfc4f25f0463.jpg,candidate-source-0623,True,unverified-source-group-suggestion
quality:575,quality,train,Fresh Dragon Fruit,dataset/public/prepared/quality/5a995074549b7b1d595475cc9b2ea9b8165ddaeaa81d2d69bc7fc1b441de64e9.jpg,candidate-source-0623,True,unverified-source-group-suggestion
maturity:1314,maturity,test,Mature Dragon Fruit,dataset/public/prepared/maturity/48b2f616d42aca9cd8f681f91934892182ce93918a150e7dcaeb8a35e754f08c.jpg,candidate-source-0623,True,unverified-source-group-suggestion
maturity:1872,maturity,val,Mature Dragon Fruit,dataset/public/prepared/maturity/5248cc8c7037f537304d396bd3c0d87d69b27c2c5d3b88b51a34d95b6f33ddf8.jpg,candidate-source-0623,True,unverified-source-group-suggestion
quality:782,quality,train,Fresh Dragon Fruit,dataset/public/prepared/quality/aaa173e9b74dee1305c23541e08214ea0888542da2d0156fff80253d154cefc6.jpg,candidate-source-0624,True,unverified-source-group-suggestion
maturity:1363,maturity,test,Mature Dragon Fruit,dataset/public/prepared/maturity/779c0a1025234dccce0d2284682df1950a867019c2095036c6129fb3d2dd944f.jpg,candidate-source-0624,True,unverified-source-group-suggestion
quality:783,quality,val,Fresh Dragon Fruit,dataset/public/prepared/quality/dac2614fac43e1fd6095920c566bf7968739223811963fd63e55695f91d9332d.jpg,candidate-source-0625,True,unverified-source-group-suggestion
maturity:2028,maturity,train,Mature Dragon Fruit,dataset/public/prepared/maturity/67d52ef0f0c25afb39358e3afbf796c97bcfc6070badc443bfbeaaef08011579.jpg,candidate-source-0625,True,unverified-source-group-suggestion
quality:786,quality,test,Fresh Dragon Fruit,dataset/public/prepared/quality/4b0cfd37a9a10c2d948b3345906980a119692ce548502a7b1c12296300db2634.jpg,candidate-source-0626,True,unverified-source-group-suggestion
maturity:2018,maturity,train,Mature Dragon Fruit,dataset/public/prepared/maturity/f37b512a8469f0ac4425476185d1f6da5db12005f26bd49618d8b444ec120ec2.jpg,candidate-source-0626,True,unverified-source-group-suggestion
quality:787,quality,train,Fresh Dragon Fruit,dataset/public/prepared/quality/b8b1564b3fbea15b2c9ae7760e3a1e749c9fccadcf0d0556e9a30fc0dfdaffdb.jpg,candidate-source-0627,False,unverified-source-group-suggestion
maturity:2019,maturity,train,Mature Dragon Fruit,dataset/public/prepared/maturity/975e5e8438b626cdb6cf924bcaeb9de5d8f6467bb009c473ca47750df602985c.jpg,candidate-source-0627,False,unverified-source-group-suggestion
quality:79,quality,train,Fresh Dragon Fruit,dataset/public/prepared/quality/53302126da2d7fd1f3265840edc922f7921c7c93de931dedb2beef6420ac2995.jpg,candidate-source-0628,False,unverified-source-group-suggestion
maturity:1315,maturity,train,Mature Dragon Fruit,dataset/public/prepared/maturity/40e66ebcb2bcb14278863a167bf9d757efceb133686de0a9887039d43aa2583d.jpg,candidate-source-0628,False,unverified-source-group-suggestion
quality:791,quality,test,Fresh Dragon Fruit,dataset/public/prepared/quality/b0bb0db40b0a2b411af934f351f8950aa144dc02d61f8201ef975e1d073ce22b.jpg,candidate-source-0629,True,unverified-source-group-suggestion
maturity:2012,maturity,train,Mature Dragon Fruit,dataset/public/prepared/maturity/f72b054e0b72871e32e8d53592c9218ddd8b9a11e67ea3f865b9cc2ab72a58bf.jpg,candidate-source-0629,True,unverified-source-group-suggestion
quality:792,quality,train,Fresh Dragon Fruit,dataset/public/prepared/quality/dd33683a5e214ad3fa4dffe11c5cae4e3a6aa76c21aa4437db1d40d5a4b3f784.jpg,candidate-source-0630,True,unverified-source-group-suggestion
maturity:2013,maturity,val,Mature Dragon Fruit,dataset/public/prepared/maturity/ea8aaeb2751962b4b76325ffd248a97e56420b59236acbb5546fb0d9805ac383.jpg,candidate-source-0630,True,unverified-source-group-suggestion
quality:795,quality,test,Fresh Dragon Fruit,dataset/public/prepared/quality/081c7cd2f447f58780b4fefe78a6ed27267062a7ff97b0f9a4ad7f164bd0ce4d.jpg,candidate-source-0631,True,unverified-source-group-suggestion
maturity:2016,maturity,train,Mature Dragon Fruit,dataset/public/prepared/maturity/d1b9680508759bc8192a6bfafc454d3fff548dde4d8cb45b51d86aa2a2ecf705.jpg,candidate-source-0631,True,unverified-source-group-suggestion
quality:797,quality,val,Fresh Dragon Fruit,dataset/public/prepared/quality/956df8e3adf93041491934e1f3c81c3224dad7258bc4df27b15574f2bf54c214.jpg,candidate-source-0632,False,unverified-source-group-suggestion
maturity:1958,maturity,val,Mature Dragon Fruit,dataset/public/prepared/maturity/ae1943ebdc6a863bfaefb0449d7b383cf94b98cd3df37d863ab1e40235b00d5d.jpg,candidate-source-0632,False,unverified-source-group-suggestion
quality:798,quality,train,Fresh Dragon Fruit,dataset/public/prepared/quality/770da4d0ab4c09a10284a61f081bd946934354c6b67bd24f5f5593a2581b757e.jpg,candidate-source-0633,True,unverified-source-group-suggestion
maturity:2008,maturity,val,Mature Dragon Fruit,dataset/public/prepared/maturity/beea0c4aa94084b2ca62148410d3425520d07046eb32e8998a1c57aef27e0bbe.jpg,candidate-source-0633,True,unverified-source-group-suggestion
quality:799,quality,train,Fresh Dragon Fruit,dataset/public/prepared/quality/5b9f2b253e5c80968c0f83833d6a62994b7e84168a8e534b1d7e6d103ee49481.jpg,candidate-source-0634,False,unverified-source-group-suggestion
maturity:2009,maturity,train,Mature Dragon Fruit,dataset/public/prepared/maturity/b09b8b815dbbef242c7eeb4fe65bb42477a7bfdb05e3aebd29a9a8eb264f8c05.jpg,candidate-source-0634,False,unverified-source-group-suggestion
quality:8,quality,train,Fresh Dragon Fruit,dataset/public/prepared/quality/f82221ea06aa3438b16ab1e6ec72eb1b7246c2cb70ed2b36c758a85cba7fc932.jpg,candidate-source-0635,True,unverified-source-group-suggestion
quality:22,quality,train,Fresh Dragon Fruit,dataset/public/prepared/quality/3ad63df159a931a34040722198771cacdbc1526a3dfa5cea9519fd02764b92b4.jpg,candidate-source-0635,True,unverified-source-group-suggestion
maturity:1259,maturity,test,Mature Dragon Fruit,dataset/public/prepared/maturity/1384cebb16830a615faeaac203560d5f05fda401204f159f15a8dec0765ddace.jpg,candidate-source-0635,True,unverified-source-group-suggestion
maturity:2027,maturity,train,Mature Dragon Fruit,dataset/public/prepared/maturity/893ecdb9350004173cc21223877fcf93eaf065e4e087a0ac3292eec4e280db96.jpg,candidate-source-0635,True,unverified-source-group-suggestion
quality:80,quality,train,Fresh Dragon Fruit,dataset/public/prepared/quality/5187df8bcf8b01b533fd0623d094357897e6a14a5003e1de9bed200d4faefb85.jpg,candidate-source-0636,False,unverified-source-group-suggestion
maturity:1316,maturity,train,Mature Dragon Fruit,dataset/public/prepared/maturity/edad92210b3da63535c58bbeb164f70fa3f9750fc28b1d7452e88870241451ce.jpg,candidate-source-0636,False,unverified-source-group-suggestion
quality:800,quality,test,Fresh Dragon Fruit,dataset/public/prepared/quality/ca2e16e32192e8d8296fcf7f651b37f1d4e8477f64b7627c7d7b9e8b43a1a7ae.jpg,candidate-source-0637,True,unverified-source-group-suggestion
quality:868,quality,train,Fresh Dragon Fruit,dataset/public/prepared/quality/1e76e478c87daf71eb24d91d0e0948b259074c3cb618fb459b3fb2c3f87ea4f5.jpg,candidate-source-0637,True,unverified-source-group-suggestion
maturity:1327,maturity,train,Mature Dragon Fruit,dataset/public/prepared/maturity/ac3359d229af9c550fff3ddf00dcf9d2023d5ef9a19f0005d701b2e1fa3e5815.jpg,candidate-source-0637,True,unverified-source-group-suggestion
maturity:2005,maturity,val,Mature Dragon Fruit,dataset/public/prepared/maturity/47efd52e3d5008f72daa8c5cef32312ff4653def374648f7d5ffcbf2d42090af.jpg,candidate-source-0637,True,unverified-source-group-suggestion
quality:803,quality,test,Fresh Dragon Fruit,dataset/public/prepared/quality/bf306f911af90fe50f8021842b9c6540a63f1bb00f523824e696d976f2112066.jpg,candidate-source-0638,True,unverified-source-group-suggestion
maturity:2051,maturity,train,Mature Dragon Fruit,dataset/public/prepared/maturity/5475fe7654fc5007817af353f536d2ca5e5e43d52145d8830aa5bb6abe0b43f6.jpg,candidate-source-0638,True,unverified-source-group-suggestion
quality:804,quality,train,Fresh Dragon Fruit,dataset/public/prepared/quality/79d664650d559bca96f01d429719633d2e9adea3a95e3dc9e641358ffe5cf8e0.jpg,candidate-source-0639,True,unverified-source-group-suggestion
maturity:2052,maturity,test,Mature Dragon Fruit,dataset/public/prepared/maturity/17ead662cb6df83e01e25d82632733570620a9ef19dbf4d0e3e6646f3a65ca26.jpg,candidate-source-0639,True,unverified-source-group-suggestion
quality:805,quality,train,Fresh Dragon Fruit,dataset/public/prepared/quality/36b9d1e7d8da520a8880d4ae182fc868b77b921b2c24120b25ee8ab7f13a244c.jpg,candidate-source-0640,True,unverified-source-group-suggestion
maturity:2058,maturity,val,Mature Dragon Fruit,dataset/public/prepared/maturity/66253443d067d0660d256edfcee69feb3a377b333cb3700fbbeeb1373d525596.jpg,candidate-source-0640,True,unverified-source-group-suggestion
quality:806,quality,train,Fresh Dragon Fruit,dataset/public/prepared/quality/8ee3b7642afae9d771a5370b55f2a90b0a7ceb7cb567b7eeb5e891dee49bae74.jpg,candidate-source-0641,False,unverified-source-group-suggestion
maturity:2043,maturity,train,Mature Dragon Fruit,dataset/public/prepared/maturity/c86ad54774a276611a23814ceffb595da9b32d4c1976ac26fc4b96b9f605a52f.jpg,candidate-source-0641,False,unverified-source-group-suggestion
quality:808,quality,test,Fresh Dragon Fruit,dataset/public/prepared/quality/16ce72a7d7b62bc0375f9fd2f1427e08868458efa51e928c1c891a93707e12ae.jpg,candidate-source-0642,True,unverified-source-group-suggestion
maturity:2045,maturity,train,Mature Dragon Fruit,dataset/public/prepared/maturity/65d7a352ac502a1303e62f7e72d71c3e78dfb704d7b5cb40a025e0046ea44820.jpg,candidate-source-0642,True,unverified-source-group-suggestion
quality:809,quality,train,Fresh Dragon Fruit,dataset/public/prepared/quality/fed08ac9fc9ac8815329031802b24309673ea514a4ab79a5b1e111cdc8aa75ce.jpg,candidate-source-0643,True,unverified-source-group-suggestion
maturity:2046,maturity,val,Mature Dragon Fruit,dataset/public/prepared/maturity/b3cdd1aa2a9930b18c2a708e1278a094a4b17e22f82888c7ca3da98377be0e9a.jpg,candidate-source-0643,True,unverified-source-group-suggestion
quality:81,quality,train,Fresh Dragon Fruit,dataset/public/prepared/quality/b43eb73088658ed008cb5fdb0ed98249e42617f99076f22bb8432326c69e46a1.jpg,candidate-source-0644,False,unverified-source-group-suggestion
quality:331,quality,train,Fresh Dragon Fruit,dataset/public/prepared/quality/8c141037b341289fe15fe746b9a2b260bb90cec350f62e49118dfc32140d4dac.jpg,candidate-source-0644,False,unverified-source-group-suggestion
maturity:1317,maturity,train,Mature Dragon Fruit,dataset/public/prepared/maturity/07b3945107ba7f3f075322a2b01df9ed8b7caf544ef10f48e8c4c2de49cd489d.jpg,candidate-source-0644,False,unverified-source-group-suggestion
maturity:1614,maturity,train,Mature Dragon Fruit,dataset/public/prepared/maturity/86736273c4e87cfcd4123308cd33b12788073670ba906a5f527b6e1bd7a9d24a.jpg,candidate-source-0644,False,unverified-source-group-suggestion
quality:810,quality,val,Fresh Dragon Fruit,dataset/public/prepared/quality/def2992c60cbe514576aaf029d1c70082cd2898a17417d6a54bec17dba8d4463.jpg,candidate-source-0645,True,unverified-source-group-suggestion
maturity:2047,maturity,train,Mature Dragon Fruit,dataset/public/prepared/maturity/e58096ad8c84ee69fc8c731db1f4f0f7d7bb75212b2399d64edaffc9357f11f7.jpg,candidate-source-0645,True,unverified-source-group-suggestion
quality:811,quality,train,Fresh Dragon Fruit,dataset/public/prepared/quality/8a5d03df2778c05962ed57103ecde84ac66f5646d08f8e1a85933dc70e72eb85.jpg,candidate-source-0646,False,unverified-source-group-suggestion
maturity:2048,maturity,train,Mature Dragon Fruit,dataset/public/prepared/maturity/213fbcdcbc1fe14a4773a58094f225dcff3503a385827a82f2021a9d0d5ebbe6.jpg,candidate-source-0646,False,unverified-source-group-suggestion
quality:813,quality,train,Fresh Dragon Fruit,dataset/public/prepared/quality/b85d611db903df43a87a69b53efece9c4a8dab5523d552b6870ef4cda900eb3e.jpg,candidate-source-0647,True,unverified-source-group-suggestion
maturity:2039,maturity,test,Mature Dragon Fruit,dataset/public/prepared/maturity/bd92827fd8e96184436413cdb3348d3b0d794394379664a7f53918b262694089.jpg,candidate-source-0647,True,unverified-source-group-suggestion
quality:817,quality,train,Fresh Dragon Fruit,dataset/public/prepared/quality/b3c014621278d5dfadbe1037b323777d90a42fff6e67762f11a6fb910ac19bcc.jpg,candidate-source-0648,True,unverified-source-group-suggestion
maturity:1983,maturity,test,Mature Dragon Fruit,dataset/public/prepared/maturity/d14f06ca13b70403ae33c64216eb22a30aff54537d5dd770459831588117e838.jpg,candidate-source-0648,True,unverified-source-group-suggestion
quality:819,quality,train,Fresh Dragon Fruit,dataset/public/prepared/quality/e0a8093f1ca9d480c8afe23cf0e2c398e4c3795da7d9efa3ef8b5d487b6586a2.jpg,candidate-source-0649,False,unverified-source-group-suggestion
maturity:1360,maturity,train,Mature Dragon Fruit,dataset/public/prepared/maturity/126d39e9b5e7d2d6c0830d4c97a19bd1437dc06ccdaf2fff372392f3939bb096.jpg,candidate-source-0649,False,unverified-source-group-suggestion
quality:82,quality,train,Fresh Dragon Fruit,dataset/public/prepared/quality/3d5d05f1b427d53d465898947802758d3e95069d8715bbe68343029ff3353556.jpg,candidate-source-0650,False,unverified-source-group-suggestion
maturity:1318,maturity,train,Mature Dragon Fruit,dataset/public/prepared/maturity/9421cdf0d0e8f31e4b013699007c58840756bd5526d7f4988ae45af4683fde21.jpg,candidate-source-0650,False,unverified-source-group-suggestion
quality:820,quality,train,Fresh Dragon Fruit,dataset/public/prepared/quality/8cc95b97881762386c94cfa6f79af9007fa9e034dfb29d88236c4a725ccb3359.jpg,candidate-source-0651,False,unverified-source-group-suggestion
maturity:1477,maturity,train,Mature Dragon Fruit,dataset/public/prepared/maturity/9b332996d1c0095812e9414f547a3f77aba940c3f840256fbaa767862b70f4cd.jpg,candidate-source-0651,False,unverified-source-group-suggestion
quality:821,quality,train,Fresh Dragon Fruit,dataset/public/prepared/quality/eb0fd6abd8c91e69bcbcc17712cc10dfc2d1e8f4cc7e8fd0099f3a14128a00d8.jpg,candidate-source-0652,False,unverified-source-group-suggestion
maturity:2034,maturity,train,Mature Dragon Fruit,dataset/public/prepared/maturity/16a3345f08016800390c48a70dcde01915d0bf777779801ce2fe9187e8430dac.jpg,candidate-source-0652,False,unverified-source-group-suggestion
quality:822,quality,train,Fresh Dragon Fruit,dataset/public/prepared/quality/4d812a273fe4d76ea9b62fd662e21d4ea6df7ac9ef4af178e2f2987151978f7f.jpg,candidate-source-0653,False,unverified-source-group-suggestion
maturity:2035,maturity,train,Mature Dragon Fruit,dataset/public/prepared/maturity/e629c7a5a7b59165586950dbf364fab4ea67a59451b61aa82401a989656322bb.jpg,candidate-source-0653,False,unverified-source-group-suggestion
quality:823,quality,val,Fresh Dragon Fruit,dataset/public/prepared/quality/133e7358b9cd1bc9bf867e28b400a3d11a9d98539bf567fdd0de2855511f53c2.jpg,candidate-source-0654,True,unverified-source-group-suggestion
maturity:2036,maturity,train,Mature Dragon Fruit,dataset/public/prepared/maturity/90ced5b19042ed876b70aceb7861df836b92d20e82d234299740cde203e8ad26.jpg,candidate-source-0654,True,unverified-source-group-suggestion
quality:824,quality,val,Fresh Dragon Fruit,dataset/public/prepared/quality/33f45a65d78ede51a252ec21163cec8efc8cce1e2a1a4f3d2851f158bebd05ff.jpg,candidate-source-0655,True,unverified-source-group-suggestion
maturity:2037,maturity,train,Mature Dragon Fruit,dataset/public/prepared/maturity/0fc3af0d5a0ace45a73251b329b98dd182111521cd0ab67ed8c2d5a7593bf080.jpg,candidate-source-0655,True,unverified-source-group-suggestion
quality:825,quality,train,Fresh Dragon Fruit,dataset/public/prepared/quality/9c775fffb2544cd41254f78944ea7d38ae30620b25058792a10207b7b903db05.jpg,candidate-source-0656,True,unverified-source-group-suggestion
maturity:2070,maturity,val,Mature Dragon Fruit,dataset/public/prepared/maturity/ac07eba050916139bc539fe309ff678d21ad29554b4d1b6ccd43ad5dfea9c84d.jpg,candidate-source-0656,True,unverified-source-group-suggestion
quality:826,quality,train,Fresh Dragon Fruit,dataset/public/prepared/quality/9e1ece816e35567f5fb6861e08b8049dda3805f7db8e49d3a6d55b97d672bd68.jpg,candidate-source-0657,False,unverified-source-group-suggestion
maturity:2071,maturity,train,Mature Dragon Fruit,dataset/public/prepared/maturity/96132d552f664e98006e59c07d94124acf7791fb23544663a02ad261499dee3e.jpg,candidate-source-0657,False,unverified-source-group-suggestion
quality:827,quality,test,Fresh Dragon Fruit,dataset/public/prepared/quality/fcd3b1ecdea3d0c77fe29eef98edad9436feb0fccd4e04384c7f3a1302c31b65.jpg,candidate-source-0658,True,unverified-source-group-suggestion
maturity:2072,maturity,train,Mature Dragon Fruit,dataset/public/prepared/maturity/3809ab0adfe7779d8fa56593e614f07ca0a26fdd907cd39108eba007d151a399.jpg,candidate-source-0658,True,unverified-source-group-suggestion
quality:828,quality,train,Fresh Dragon Fruit,dataset/public/prepared/quality/8c8c01e9fc59444967b8d1b446d444b0d78ca8b29c6bb05a047edb6cc5d5fdb2.jpg,candidate-source-0659,True,unverified-source-group-suggestion
maturity:2073,maturity,val,Mature Dragon Fruit,dataset/public/prepared/maturity/dcf2285745df0330cc8f50a5512bc00bc0760fbe770cbc1ca684eb9fe9e9d328.jpg,candidate-source-0659,True,unverified-source-group-suggestion
quality:829,quality,train,Fresh Dragon Fruit,dataset/public/prepared/quality/bc7d6fb17801431a4422926c627d1186b876fe8a9525eb8e1ad3ce13627db5b0.jpg,candidate-source-0660,True,unverified-source-group-suggestion
maturity:2022,maturity,test,Mature Dragon Fruit,dataset/public/prepared/maturity/7a5b0d21ca1bc76b757e07538dad9cc4dfa5cd7f6696fa2ec20d0b9033fa1769.jpg,candidate-source-0660,True,unverified-source-group-suggestion
quality:830,quality,val,Fresh Dragon Fruit,dataset/public/prepared/quality/90c58ef764ad5f0113901a0deafb5131ae0fd5526a60d4a2c3421df17a1a62ea.jpg,candidate-source-0661,False,unverified-source-group-suggestion
maturity:1298,maturity,val,Mature Dragon Fruit,dataset/public/prepared/maturity/c2ea1a6ebc4fe938a6ff075761ea41b0e35f4d229e07b286811dc9f9aff387cd.jpg,candidate-source-0661,False,unverified-source-group-suggestion
quality:831,quality,train,Fresh Dragon Fruit,dataset/public/prepared/quality/546d29bd9b83b0203bd77f50e5a422f9949921aebf81fe444d3e1209f331dae2.jpg,candidate-source-0662,True,unverified-source-group-suggestion
maturity:1933,maturity,val,Mature Dragon Fruit,dataset/public/prepared/maturity/3ddcf03b4ca5050ff34fa9f509bcc853121805881498a1659174dfb88ce10d51.jpg,candidate-source-0662,True,unverified-source-group-suggestion
quality:834,quality,val,Fresh Dragon Fruit,dataset/public/prepared/quality/5a808c1d4b777a6af7770209134e756b21738fa187e01d736f3222f6d4f27e01.jpg,candidate-source-0663,True,unverified-source-group-suggestion
maturity:2066,maturity,train,Mature Dragon Fruit,dataset/public/prepared/maturity/39ade816c7462bd3a1856a0a1e0864ed7891cd23c5a198d983789b6e76d60172.jpg,candidate-source-0663,True,unverified-source-group-suggestion
quality:835,quality,train,Fresh Dragon Fruit,dataset/public/prepared/quality/74f293c3d7162df9ed8efb722da9f1c20f17ee40efda91dcdc913d11c0e9e11a.jpg,candidate-source-0664,False,unverified-source-group-suggestion
maturity:2067,maturity,train,Mature Dragon Fruit,dataset/public/prepared/maturity/0ff257f5c9780e52d66ff5130d49db0e82d25d682fa075f946b86b1b31e81fd0.jpg,candidate-source-0664,False,unverified-source-group-suggestion
quality:84,quality,train,Fresh Dragon Fruit,dataset/public/prepared/quality/ae266dbae3c6ef300b880da4e924b757a6026fe25d09c49cbbf477c9ff8e293c.jpg,candidate-source-0665,False,unverified-source-group-suggestion
maturity:1304,maturity,train,Mature Dragon Fruit,dataset/public/prepared/maturity/f249aa499027da30d33ff672557a963a1bcfc11daf9ff78cbab5666ce2d7e9de.jpg,candidate-source-0665,False,unverified-source-group-suggestion
quality:840,quality,test,Fresh Dragon Fruit,dataset/public/prepared/quality/0696ccaa4518dba6cd160ea1bab64ad75c8b4c306460c25d698b62a85d1051f3.jpg,candidate-source-0666,True,unverified-source-group-suggestion
maturity:2061,maturity,val,Mature Dragon Fruit,dataset/public/prepared/maturity/65649db7b52d8b39ff630e9d3cdde8c819ec23d090d391498cb91d9819fc2ba5.jpg,candidate-source-0666,True,unverified-source-group-suggestion
quality:841,quality,test,Fresh Dragon Fruit,dataset/public/prepared/quality/177024d43a9520883b6782e93a50d2c1086c482586b6c4df5c851c5563a1bade.jpg,candidate-source-0667,True,unverified-source-group-suggestion
maturity:2062,maturity,train,Mature Dragon Fruit,dataset/public/prepared/maturity/a0c166ef8a80b18f4a6ca5f6988f62b4058ab907dcb4b4a1cb25303da63fda07.jpg,candidate-source-0667,True,unverified-source-group-suggestion
quality:842,quality,train,Fresh Dragon Fruit,dataset/public/prepared/quality/0979b819fed14a994b73afb4389809e3e7c61cde8932cca10fc6ce680a8c212d.jpg,candidate-source-0668,False,unverified-source-group-suggestion
maturity:2063,maturity,train,Mature Dragon Fruit,dataset/public/prepared/maturity/43ff907831e6fc63dcc5efc1dc85f9fad97f3b4e41e3b74d7ccbdb711989b367.jpg,candidate-source-0668,False,unverified-source-group-suggestion
quality:843,quality,test,Fresh Dragon Fruit,dataset/public/prepared/quality/5d6548dc5686c6aa737df321e6d17769f6a32583f9c08f326a607ac360f6466a.jpg,candidate-source-0669,True,unverified-source-group-suggestion
maturity:2064,maturity,train,Mature Dragon Fruit,dataset/public/prepared/maturity/c31e364434da8fee0a7fd21b1b9d551d6145b5920f01ad029ccb3d26bca40c47.jpg,candidate-source-0669,True,unverified-source-group-suggestion
quality:844,quality,train,Fresh Dragon Fruit,dataset/public/prepared/quality/fba39fb8ecc4440784fea9defb36148d0e6e5b19c671f1acf3d6e6e31fb8a8a5.jpg,candidate-source-0670,False,unverified-source-group-suggestion
maturity:2054,maturity,train,Mature Dragon Fruit,dataset/public/prepared/maturity/7f349d0f461318a88e254c28acc49910441e17f6a2db63e91d9e2268fae46d7a.jpg,candidate-source-0670,False,unverified-source-group-suggestion
quality:845,quality,test,Fresh Dragon Fruit,dataset/public/prepared/quality/e2de6f0cfc356deeab7508585db6c1e9a6f88485b1b6208c2c1a6c5d9a07e252.jpg,candidate-source-0671,True,unverified-source-group-suggestion
maturity:2010,maturity,train,Mature Dragon Fruit,dataset/public/prepared/maturity/70bbe0d5228cbf90d057726b8724d3f4acd2edd761156d31f7a5b00630aececb.jpg,candidate-source-0671,True,unverified-source-group-suggestion
quality:847,quality,train,Fresh Dragon Fruit,dataset/public/prepared/quality/234e7b6ff1b31f45bf103f2e93384520a454aafbce0ad25381f5156123b90fb3.jpg,candidate-source-0672,True,unverified-source-group-suggestion
maturity:2057,maturity,test,Mature Dragon Fruit,dataset/public/prepared/maturity/10c3b1a78c36a85cfd3ed9a910d5013100c6521e37ec193d77951dc36da713a2.jpg,candidate-source-0672,True,unverified-source-group-suggestion
quality:849,quality,train,Fresh Dragon Fruit,dataset/public/prepared/quality/4e009fc7c01c087f53bdd4bad6f51b8151baa8e0d0b12efa5e1549671aa3d8a2.jpg,candidate-source-0673,False,unverified-source-group-suggestion
maturity:1399,maturity,train,Mature Dragon Fruit,dataset/public/prepared/maturity/21f1755a96bd8d849e89c8377e548d787b8b2e015479f0868795f3b270e75ec9.jpg,candidate-source-0673,False,unverified-source-group-suggestion
quality:85,quality,test,Fresh Dragon Fruit,dataset/public/prepared/quality/6cb2393b0d1a07b1494ee795aca262f4e114e8126110240a77706c38b36fee5d.jpg,candidate-source-0674,True,unverified-source-group-suggestion
maturity:1364,maturity,val,Mature Dragon Fruit,dataset/public/prepared/maturity/181707ba575a37f63eb72e26204e299174874732a0c511dc9ac08b2a3b6f329e.jpg,candidate-source-0674,True,unverified-source-group-suggestion
quality:851,quality,train,Fresh Dragon Fruit,dataset/public/prepared/quality/8b5e2e43076920643f20844a1afc6e2ac7fb7c1c1a9fc3944de986679123dfdc.jpg,candidate-source-0675,False,unverified-source-group-suggestion
maturity:1954,maturity,train,Mature Dragon Fruit,dataset/public/prepared/maturity/f1623e0c56df0b9bfce249d620ca4ac8f67c5ff21445ee94de7c559aa2094252.jpg,candidate-source-0675,False,unverified-source-group-suggestion
quality:852,quality,test,Fresh Dragon Fruit,dataset/public/prepared/quality/a3f108787aa80acf5c5b4cc6b88dcc6314be0ebf4a158df8feae181ce232bf68.jpg,candidate-source-0676,True,unverified-source-group-suggestion
maturity:2100,maturity,val,Mature Dragon Fruit,dataset/public/prepared/maturity/047e38d7f3644bdc42c4f314aed2b036537ccf18ef88f24832e261162460026f.jpg,candidate-source-0676,True,unverified-source-group-suggestion
quality:853,quality,train,Fresh Dragon Fruit,dataset/public/prepared/quality/c3f7dbf2b9bc9d079bb9dadfec2e2d5ff0bd5517ed77903d3d0ec44e2d7fd21b.jpg,candidate-source-0677,False,unverified-source-group-suggestion
maturity:2101,maturity,train,Mature Dragon Fruit,dataset/public/prepared/maturity/93dc64ce38dbf3ed7c4219a1ee91c6ecca1ac16ccd91c2da7ab00964dcc860ea.jpg,candidate-source-0677,False,unverified-source-group-suggestion
quality:854,quality,val,Fresh Dragon Fruit,dataset/public/prepared/quality/7de2314d282521227c001a06d6f6259e46c66b854d7b9d6d0bc0e678c4a8ab5d.jpg,candidate-source-0678,True,unverified-source-group-suggestion
maturity:1276,maturity,train,Mature Dragon Fruit,dataset/public/prepared/maturity/90c5b11bdde35259d39e2020f60db58771460c545e27769b9c52540472e92a13.jpg,candidate-source-0678,True,unverified-source-group-suggestion
quality:855,quality,test,Fresh Dragon Fruit,dataset/public/prepared/quality/2b062602ff04c37b004cfb3f428c06106a02d3769543c2a9d4a3624291a5afcd.jpg,candidate-source-0679,True,unverified-source-group-suggestion
maturity:2092,maturity,train,Mature Dragon Fruit,dataset/public/prepared/maturity/60d3ec8d9b43cc48b322b2309e7d5feb5c6bf41ab57c421228dc02e073269776.jpg,candidate-source-0679,True,unverified-source-group-suggestion
quality:861,quality,train,Fresh Dragon Fruit,dataset/public/prepared/quality/edbf6d3ea1729d9f30e7bbb9ed14e29ca472386538467f737a4beb60e5213886.jpg,candidate-source-0680,False,unverified-source-group-suggestion
maturity:2087,maturity,train,Mature Dragon Fruit,dataset/public/prepared/maturity/6c1ad997ad23cfea3962894dc7ce5c8e908b64aac53cb1baa7eb5ee583b38014.jpg,candidate-source-0680,False,unverified-source-group-suggestion
quality:865,quality,train,Fresh Dragon Fruit,dataset/public/prepared/quality/12c7ad8208cd2768efcdc0bcdb22f5504a52b0c4cfe563a702109929003456a4.jpg,candidate-source-0681,True,unverified-source-group-suggestion
maturity:2091,maturity,val,Mature Dragon Fruit,dataset/public/prepared/maturity/d7bf509224522c6faadf8af265c1805c2a56d09d69b3b2331ac62d151731d67b.jpg,candidate-source-0681,True,unverified-source-group-suggestion
quality:869,quality,train,Fresh Dragon Fruit,dataset/public/prepared/quality/667b9276a65bcf686a0c59a607bdbc6df4afb70cbdedded5a680d24faa619bab.jpg,candidate-source-0682,False,unverified-source-group-suggestion
maturity:2081,maturity,train,Mature Dragon Fruit,dataset/public/prepared/maturity/da8fb1326f8ab6d3365f1298f2cf79676767f5a539c68c9842220c692339b0e5.jpg,candidate-source-0682,False,unverified-source-group-suggestion
quality:87,quality,train,Fresh Dragon Fruit,dataset/public/prepared/quality/d54ab1700279e7a9280168a018cfc6b7f2199e3f631d3060628441a390bb6fb3.jpg,candidate-source-0683,True,unverified-source-group-suggestion
maturity:1307,maturity,test,Mature Dragon Fruit,dataset/public/prepared/maturity/b8f59b8f962b20e21a73f734a3edf8cb134ab81a1125047e8908a7742f5d0af8.jpg,candidate-source-0683,True,unverified-source-group-suggestion
quality:870,quality,test,Fresh Dragon Fruit,dataset/public/prepared/quality/cd22a44bc2cc29a66c79107748fb775efbc473a4a0ab08d7c1eae6f4c1a8c7f4.jpg,candidate-source-0684,False,unverified-source-group-suggestion
maturity:2082,maturity,test,Mature Dragon Fruit,dataset/public/prepared/maturity/176d80f7595ca781d1cddf6c9da66c2369d4e705c4071448f68606b4f3f05a3d.jpg,candidate-source-0684,False,unverified-source-group-suggestion
quality:871,quality,val,Fresh Dragon Fruit,dataset/public/prepared/quality/ec101e761fc8278f52452deb44017db98e8123ed56673c075626e1d7471d50ee.jpg,candidate-source-0685,True,unverified-source-group-suggestion
maturity:2083,maturity,train,Mature Dragon Fruit,dataset/public/prepared/maturity/1a2a33eda49e9ba9766747a57c8923bc08596c69d55801405f7b27420ccec677.jpg,candidate-source-0685,True,unverified-source-group-suggestion
quality:872,quality,train,Fresh Dragon Fruit,dataset/public/prepared/quality/2ab604f386f9d6c089d8f0b0d6a6af6267cae81dbd9331f06751bfaf8d8a8af5.jpg,candidate-source-0686,False,unverified-source-group-suggestion
maturity:2084,maturity,train,Mature Dragon Fruit,dataset/public/prepared/maturity/77f77e685ea3f0cad200e18527e0aa601d03502a25c4cf27016dd21e3f2f4273.jpg,candidate-source-0686,False,unverified-source-group-suggestion
quality:873,quality,train,Fresh Dragon Fruit,dataset/public/prepared/quality/c1ac227deb01b32c5cbc22e4b164a1033dcec81115bedf39b79f4e4e89cf9c32.jpg,candidate-source-0687,False,unverified-source-group-suggestion
maturity:2085,maturity,train,Mature Dragon Fruit,dataset/public/prepared/maturity/20f4449eb95586a0bb2e8c84f64d9524b3ed4540b2a95e487fadb4d3d2b1a79a.jpg,candidate-source-0687,False,unverified-source-group-suggestion
quality:874,quality,train,Fresh Dragon Fruit,dataset/public/prepared/quality/e4bcfa3202e7c601b55ffb4c51592968af3e1278bdd71d68d325db5cc2aac4ef.jpg,candidate-source-0688,False,unverified-source-group-suggestion
maturity:2119,maturity,train,Mature Dragon Fruit,dataset/public/prepared/maturity/ff2cda5d3d4228245c75933034be27a30457e3d97fe055188a10de36fa9234c7.jpg,candidate-source-0688,False,unverified-source-group-suggestion
quality:875,quality,train,Fresh Dragon Fruit,dataset/public/prepared/quality/8833c29c3062d0295c013d8e27627aa7b1f96b09e072fefbfe390d7a9bc7e6a9.jpg,candidate-source-0689,False,unverified-source-group-suggestion
maturity:2120,maturity,train,Mature Dragon Fruit,dataset/public/prepared/maturity/a3ff1a2d627e02496699f6e6fd41be66522081d50f1f488d65c95940e10a696a.jpg,candidate-source-0689,False,unverified-source-group-suggestion
quality:876,quality,test,Fresh Dragon Fruit,dataset/public/prepared/quality/5677ede0184ed1e12dbd9ec345dff9560c8a11d897e8aba6b72d3fb096ec8418.jpg,candidate-source-0690,True,unverified-source-group-suggestion
maturity:2121,maturity,train,Mature Dragon Fruit,dataset/public/prepared/maturity/1d149c9fefc3886391e8e0d825f913afc1c04dea63964b5e16a6f1e2ee4d599e.jpg,candidate-source-0690,True,unverified-source-group-suggestion
quality:877,quality,train,Fresh Dragon Fruit,dataset/public/prepared/quality/e8efe772ba72864a44d67f7aa8db683adc0dab13f6d844e88b21a6776bbc655d.jpg,candidate-source-0691,False,unverified-source-group-suggestion
maturity:2122,maturity,train,Mature Dragon Fruit,dataset/public/prepared/maturity/62a1db0fb6add48df9866d0326a427f606a522be82e47b4a13c23fcd3a2fb436.jpg,candidate-source-0691,False,unverified-source-group-suggestion
quality:878,quality,test,Fresh Dragon Fruit,dataset/public/prepared/quality/c1736cf8a560b8a75a4972cc420e277c130894919cc2ab327b0df33cbe9cbce7.jpg,candidate-source-0692,True,unverified-source-group-suggestion
maturity:2123,maturity,train,Mature Dragon Fruit,dataset/public/prepared/maturity/8354baa58c2f9dae07c43528a3800c096e2759e352fc5b60ecce8d5b3f5058a9.jpg,candidate-source-0692,True,unverified-source-group-suggestion
quality:879,quality,train,Fresh Dragon Fruit,dataset/public/prepared/quality/09d4140627354dfd6a7bc8b9090d98a351f92d441c7c176b3deda8362d74719d.jpg,candidate-source-0693,False,unverified-source-group-suggestion
maturity:2097,maturity,train,Mature Dragon Fruit,dataset/public/prepared/maturity/63b9911a1b16ffda97b45803462f13d88a976d505e095296c56072df52512199.jpg,candidate-source-0693,False,unverified-source-group-suggestion
quality:88,quality,train,Fresh Dragon Fruit,dataset/public/prepared/quality/aa13c795646c9949a0bf339c6365896f22c6fc2ffd76d1b94540e669c521d029.jpg,candidate-source-0694,True,unverified-source-group-suggestion
quality:719,quality,val,Fresh Dragon Fruit,dataset/public/prepared/quality/ca70c17036a3a6998d17dd9aa4f02ebb3b4b12d67922ea05ba0e374046e72a15.jpg,candidate-source-0694,True,unverified-source-group-suggestion
maturity:1247,maturity,test,Mature Dragon Fruit,dataset/public/prepared/maturity/46c3583deb4738ed1e4edf3eae7bf14321313c0650d10ee81074c1ef5995c316.jpg,candidate-source-0694,True,unverified-source-group-suggestion
maturity:1945,maturity,train,Mature Dragon Fruit,dataset/public/prepared/maturity/22ab34c0e4f3b66aef69d3388e3b0e7e9eab760ed7e3eac614dab8b141c64dfb.jpg,candidate-source-0694,True,unverified-source-group-suggestion
quality:882,quality,val,Fresh Dragon Fruit,dataset/public/prepared/quality/9fb968eb6a17fec626b7091443ceae0d89c3470594f4356cd70ce8cdd65a2ea6.jpg,candidate-source-0695,True,unverified-source-group-suggestion
maturity:2113,maturity,train,Mature Dragon Fruit,dataset/public/prepared/maturity/ef05026ac2c3c4f0428b980ff583fc4e71bbe0162b528c83a4f2b82735bf772e.jpg,candidate-source-0695,True,unverified-source-group-suggestion
quality:883,quality,train,Fresh Dragon Fruit,dataset/public/prepared/quality/845f6ae2a86013beb32c594919fbd3b99fd05b56fd45b950014d1f0ad2b51c3b.jpg,candidate-source-0696,False,unverified-source-group-suggestion
maturity:2114,maturity,train,Mature Dragon Fruit,dataset/public/prepared/maturity/658a087e1ec937889d6d79714ea4311ca43f51730d760dd88fe00cd7dfc44be7.jpg,candidate-source-0696,False,unverified-source-group-suggestion
quality:885,quality,train,Fresh Dragon Fruit,dataset/public/prepared/quality/d25e4ee671b61ce64812b257bbbc8e40178bc21e6238fe834e7e92711b41258d.jpg,candidate-source-0697,False,unverified-source-group-suggestion
maturity:2116,maturity,train,Mature Dragon Fruit,dataset/public/prepared/maturity/78437301b35b9508edfd768f3901f80303ebfc42c115f16d7b52dc7bb12a4761.jpg,candidate-source-0697,False,unverified-source-group-suggestion
quality:889,quality,train,Fresh Dragon Fruit,dataset/public/prepared/quality/69de5271b89f7e57722c9d17c1ae838d736d1b22645a1589539f9b3f91df38be.jpg,candidate-source-0698,False,unverified-source-group-suggestion
maturity:2109,maturity,train,Mature Dragon Fruit,dataset/public/prepared/maturity/2e9735df8e9c8aeba286df44346fb44ba0003e69fe216bd6f2505dc4140a1535.jpg,candidate-source-0698,False,unverified-source-group-suggestion
quality:89,quality,train,Fresh Dragon Fruit,dataset/public/prepared/quality/b012322b78f46c56ae7f7739db1e51b97e4e5190b0687e8bed17d49b119e9238.jpg,candidate-source-0699,False,unverified-source-group-suggestion
maturity:1367,maturity,train,Mature Dragon Fruit,dataset/public/prepared/maturity/6da92cefe8e4096512b56493769e72a9d7cbd9ca8993a8ca08ec37f464e59ebb.jpg,candidate-source-0699,False,unverified-source-group-suggestion
quality:890,quality,test,Fresh Dragon Fruit,dataset/public/prepared/quality/0f9a77f6a08a67f238e7a987a238e9bd71f4c9777bf5af0b6447c3632b9b3eb6.jpg,candidate-source-0700,True,unverified-source-group-suggestion
maturity:2110,maturity,val,Mature Dragon Fruit,dataset/public/prepared/maturity/13f38e10e059e1a99a00ed766b2e580a5a6c5f88adb7cd31232784488a5ba448.jpg,candidate-source-0700,True,unverified-source-group-suggestion
quality:893,quality,train,Fresh Dragon Fruit,dataset/public/prepared/quality/8f7fde2cf22a0ab3531c337f86f1837034d4f87f520eb325373f571be4d2d4bb.jpg,candidate-source-0701,False,unverified-source-group-suggestion
maturity:1334,maturity,train,Mature Dragon Fruit,dataset/public/prepared/maturity/297bc2fd8fe2856f1788a093a12458cfa9b2f82e04e50a82f4bbdbed52653ecf.jpg,candidate-source-0701,False,unverified-source-group-suggestion
quality:895,quality,val,Fresh Dragon Fruit,dataset/public/prepared/quality/ad3b2adb4a9c7ec3d984fd6835b4069e2a9e60d0a92d6567d7d9edac93d059a2.jpg,candidate-source-0702,True,unverified-source-group-suggestion
maturity:2105,maturity,test,Mature Dragon Fruit,dataset/public/prepared/maturity/8983118835144d3ef27619e352681cd30b02cd1ae70c821379a827f9cd36a0f4.jpg,candidate-source-0702,True,unverified-source-group-suggestion
quality:896,quality,train,Fresh Dragon Fruit,dataset/public/prepared/quality/70a41d9d488d3b067e1314e075cf67414d1dc5a11413fc2e401ba9b47b283493.jpg,candidate-source-0703,False,unverified-source-group-suggestion
maturity:2106,maturity,train,Mature Dragon Fruit,dataset/public/prepared/maturity/67c91d99ba44d82bb1469dc7130321aaeb023ef77ab182e70582f03179c7a6ee.jpg,candidate-source-0703,False,unverified-source-group-suggestion
quality:897,quality,train,Fresh Dragon Fruit,dataset/public/prepared/quality/98056f1062f6fe2c740daa8c202e8a021b2eed8ee3ac78cb788ab110d69efca6.jpg,candidate-source-0704,True,unverified-source-group-suggestion
maturity:1962,maturity,test,Mature Dragon Fruit,dataset/public/prepared/maturity/0b7f485c04c514502a0ce5e77a195461bfaf6695a288034e15186a72101b3230.jpg,candidate-source-0704,True,unverified-source-group-suggestion
quality:9,quality,train,Fresh Dragon Fruit,dataset/public/prepared/quality/95e2b2229f1db25125a2aaaf517a13d4b07d5a397c9a697faf1ed31e8236445e.jpg,candidate-source-0705,True,unverified-source-group-suggestion
quality:205,quality,train,Fresh Dragon Fruit,dataset/public/prepared/quality/153d4a7a5e28b407c654b179668240c97a14d6f70cf18e4f8c385e18c2ab722b.jpg,candidate-source-0705,True,unverified-source-group-suggestion
quality:260,quality,train,Fresh Dragon Fruit,dataset/public/prepared/quality/9925eed1eec92a2467c5d2f45e08d2f2dcf43bb7504bd78577e43bc505d39e8b.jpg,candidate-source-0705,True,unverified-source-group-suggestion
quality:867,quality,train,Fresh Dragon Fruit,dataset/public/prepared/quality/fa23e77a3179518543bd10456ed1e78649c545c5e67050c5e3282865fc5e4467.jpg,candidate-source-0705,True,unverified-source-group-suggestion
maturity:1260,maturity,train,Mature Dragon Fruit,dataset/public/prepared/maturity/b224b6d3528572a2e1452f42571871c5ecaf6f6d81dac36ada85bfc6c0ba747e.jpg,candidate-source-0705,True,unverified-source-group-suggestion
maturity:1425,maturity,train,Mature Dragon Fruit,dataset/public/prepared/maturity/2cfcd029acfab1bcb937deac9111aebf1cd2b1601fe50ff525c0376b40ea7fcf.jpg,candidate-source-0705,True,unverified-source-group-suggestion
maturity:1496,maturity,train,Mature Dragon Fruit,dataset/public/prepared/maturity/7b377c5fda3eec6d215173040b4a251c5355985d5cfcc7853623a7a1f79bd6b0.jpg,candidate-source-0705,True,unverified-source-group-suggestion
maturity:2032,maturity,val,Mature Dragon Fruit,dataset/public/prepared/maturity/1e56a5e91323d4538f69d0cbdb9f8dcfad9350f00e8b384031d72525aa9ffb9d.jpg,candidate-source-0705,True,unverified-source-group-suggestion
quality:90,quality,val,Fresh Dragon Fruit,dataset/public/prepared/quality/4e887111b776e16abd618734ae3796362063a8a9995d030aa6422825ca6ac6a7.jpg,candidate-source-0706,True,unverified-source-group-suggestion
maturity:1310,maturity,train,Mature Dragon Fruit,dataset/public/prepared/maturity/d91a342b646504241aa56df783b67b8fce6cc9b4d88dd39203baa9eb97b2ed24.jpg,candidate-source-0706,True,unverified-source-group-suggestion
quality:92,quality,val,Fresh Dragon Fruit,dataset/public/prepared/quality/26a29d43ebe2f42323b9b4b1ec54816c828d603522f1d3c2d18c83f36b1c67c0.jpg,candidate-source-0707,True,unverified-source-group-suggestion
maturity:1354,maturity,train,Mature Dragon Fruit,dataset/public/prepared/maturity/6f05f55969d00d7ccdb8f8f3720afa86fb83fea35af35aab92b9ea3d9ed1a2e0.jpg,candidate-source-0707,True,unverified-source-group-suggestion
quality:931,quality,train,Defect Dragon Fruit,dataset/public/prepared/quality/a223c4e2b4c17a4005ee6ad5948a7ee95e1a43588b3f0598a4197aee852b9945.jpg,candidate-source-0708,True,unverified-source-group-suggestion
quality:978,quality,test,Defect Dragon Fruit,dataset/public/prepared/quality/636b91cb9d5e8d433a378d584b7f1affce33290b6384f90327ab8a0f94025941.jpg,candidate-source-0708,True,unverified-source-group-suggestion
quality:937,quality,train,Defect Dragon Fruit,dataset/public/prepared/quality/4c7567e4cb3842f08e266bfd0fe8ec418002259b27d8dd78b9a3702dc3a52d5d.jpg,candidate-source-0709,True,unverified-source-group-suggestion
quality:1027,quality,test,Defect Dragon Fruit,dataset/public/prepared/quality/df5d61446bfb143eb39e82892411f4981167edf7f09a67cf7e960aa30b69b627.jpg,candidate-source-0709,True,unverified-source-group-suggestion
quality:94,quality,train,Fresh Dragon Fruit,dataset/public/prepared/quality/64b7333e6eb9d99b62e9423ec53bc9fd5e4e3b1d70fc2dede0f4691f8b998b2f.jpg,candidate-source-0710,False,unverified-source-group-suggestion
maturity:1356,maturity,train,Mature Dragon Fruit,dataset/public/prepared/maturity/c9803b7183a6604b6f3a7e43434baceeff40b4d1ef423261c3bd47ede29081f3.jpg,candidate-source-0710,False,unverified-source-group-suggestion
quality:941,quality,train,Defect Dragon Fruit,dataset/public/prepared/quality/fb0fcb269a4d0c9499a3c7bba61b78da31b17df2b56423649aeb4d45a3c1bdd3.jpg,candidate-source-0711,False,unverified-source-group-suggestion
quality:1026,quality,train,Defect Dragon Fruit,dataset/public/prepared/quality/1573320e3b141bb0766359526457ba8e90cfbe4174111f66b1d01f768e2737fc.jpg,candidate-source-0711,False,unverified-source-group-suggestion
quality:1227,quality,train,Defect Dragon Fruit,dataset/public/prepared/quality/b87132e9938d877610a505335548fb97df0a1c9a52c90e07d1ef39b80388ae45.jpg,candidate-source-0711,False,unverified-source-group-suggestion
quality:949,quality,train,Defect Dragon Fruit,dataset/public/prepared/quality/d21bc4bedb022fd0e2fd7501a8a1fd09f1c577555939d60ded01d28bce2dfeaa.jpg,candidate-source-0712,False,unverified-source-group-suggestion
quality:1572,quality,train,Defect Dragon Fruit,dataset/public/prepared/quality/cc4cd3d81148c75691627a58bf8edc86dbfcd1740ffa8e53282b287fc76e2e39.jpg,candidate-source-0712,False,unverified-source-group-suggestion
quality:95,quality,train,Fresh Dragon Fruit,dataset/public/prepared/quality/052954737c85991be5255ace4ff477844a81d29dedd0b52c28538420ab3960f7.jpg,candidate-source-0713,False,unverified-source-group-suggestion
maturity:1357,maturity,train,Mature Dragon Fruit,dataset/public/prepared/maturity/91f5098fb7678fdacae7c2eb3c345cd1b2dc03e5eaaf1305a60f69dc7a8c49b9.jpg,candidate-source-0713,False,unverified-source-group-suggestion
quality:96,quality,train,Fresh Dragon Fruit,dataset/public/prepared/quality/f0d4203d2241b3b9d7adefe1a03da68682bcec0a06f91ba418f491b1fa1f29cd.jpg,candidate-source-0714,False,unverified-source-group-suggestion
maturity:1415,maturity,train,Mature Dragon Fruit,dataset/public/prepared/maturity/d5b672aaba1b80afa6a188f7a1249faed61cb50e1639c7072b9c2815e1e10a4f.jpg,candidate-source-0714,False,unverified-source-group-suggestion
quality:97,quality,train,Fresh Dragon Fruit,dataset/public/prepared/quality/024e00ac226a50139c68d9ec3f7d4c19e22609ef657840ecfc99a6f868663a96.jpg,candidate-source-0715,False,unverified-source-group-suggestion
maturity:1278,maturity,train,Mature Dragon Fruit,dataset/public/prepared/maturity/efa380b106aa67df1ffc181538f1f8215bf9ef97b9119ffd51963a70cc07862f.jpg,candidate-source-0715,False,unverified-source-group-suggestion
quality:974,quality,train,Defect Dragon Fruit,dataset/public/prepared/quality/c468e0725365a1098846e85077d13beaf714222328a67c1aaab2db58b747cf6f.jpg,candidate-source-0716,False,unverified-source-group-suggestion
quality:1440,quality,train,Defect Dragon Fruit,dataset/public/prepared/quality/2b0eeb32f24427e9e2b2c27016cf44a495b481f59cc01f0fba7e8d68ae37f44c.jpg,candidate-source-0716,False,unverified-source-group-suggestion
quality:98,quality,test,Fresh Dragon Fruit,dataset/public/prepared/quality/409c8f40c60a4d8930b8ca85ceba84a3d438f33f2403a4a62dab60f9ac44199b.jpg,candidate-source-0717,True,unverified-source-group-suggestion
maturity:1423,maturity,val,Mature Dragon Fruit,dataset/public/prepared/maturity/2276124fc15f315d06f8d8ab4692ddcc20c7b8300cde7f3b646a4a62dfcdd5b9.jpg,candidate-source-0717,True,unverified-source-group-suggestion
quality:99,quality,val,Fresh Dragon Fruit,dataset/public/prepared/quality/bdcc636b28286a5c0e26a2c33d5c9ee59f09c1ed833cf1f221e2827f96a1c6df.jpg,candidate-source-0718,False,unverified-source-group-suggestion
maturity:1361,maturity,val,Mature Dragon Fruit,dataset/public/prepared/maturity/c4f2c10ca34deeb90b74e31b966d41ee6639f0c287f37707c9713574d8256158.jpg,candidate-source-0718,False,unverified-source-group-suggestion
quality:992,quality,train,Defect Dragon Fruit,dataset/public/prepared/quality/73bf0369d1d1574d8b7540f3beda8205c5b823a3bf47969a39ab79f68deea099.jpg,candidate-source-0719,False,unverified-source-group-suggestion
quality:1116,quality,train,Defect Dragon Fruit,dataset/public/prepared/quality/403b21ac955781e77e53741086a96b873298bb49950806de7d1faad9e77ae3b8.jpg,candidate-source-0719,False,unverified-source-group-suggestion
quality:993,quality,train,Defect Dragon Fruit,dataset/public/prepared/quality/65078149c2a9c36228bd0d425749defdca16b5e55b5db6a0a1dc112f898af0aa.jpg,candidate-source-0720,True,unverified-source-group-suggestion
quality:1064,quality,val,Defect Dragon Fruit,dataset/public/prepared/quality/bb2dc22c072a03a549ddf2364b8916bbf4eca84e497ea1399f5b934aa01e1bfc.jpg,candidate-source-0720,True,unverified-source-group-suggestion
quality:995,quality,train,Defect Dragon Fruit,dataset/public/prepared/quality/82bf4b6e0b26025f88fb133793c9a14a4ea145d155ad6d8a5cf41eaedb929d18.jpg,candidate-source-0721,False,unverified-source-group-suggestion
quality:1036,quality,train,Defect Dragon Fruit,dataset/public/prepared/quality/1f30f4e5b59708b5b156136952ab033ca29a37874ee7eaf33aff277f159d8ee7.jpg,candidate-source-0721,False,unverified-source-group-suggestion
